"scenario","K","rho","na_rate","signal_prop","rho_est","fpr","rep"
"null",2,0,0,0,0.0178054854052827,0.0514,1
"null",3,0,0,0,0.00437367349703142,0.0496,1
"null",4,0,0,0,-0.00269864404993377,0.0496,1
"null",5,0,0,0,-0.00053029795772512,0.0492,1
"null",6,0,0,0,-0.000984631490477334,0.0495,1
"null",7,0,0,0,-0.000122717907254146,0.0499,1
"null",8,0,0,0,0.000746893596033796,0.0499,1
"null",9,0,0,0,-0.000273626050424913,0.0501,1
"null",10,0,0,0,0.000458794102131701,0.0511,1
"null",11,0,0,0,0.00148542297980803,0.0516,1
"null",12,0,0,0,0.00163197329347189,0.051,1
"null",13,0,0,0,0.00113575541703989,0.051,1
"null",14,0,0,0,0.000976774051031777,0.0519,1
"null",15,0,0,0,0.000782600660003376,0.0511,1
"null",16,0,0,0,0.000835252583850697,0.0494,1
"null",17,0,0,0,0.000594016629939364,0.0492,1
"null",18,0,0,0,0.000529335170500294,0.0476,1
"null",19,0,0,0,0.000640233664995901,0.0486,1
"null",20,0,0,0,0.000398565530501725,0.0483,1
"null",2,0,0,0,0.0026722165612067,0.0518,2
"null",3,0,0,0,-0.00399487174153358,0.0505,2
"null",4,0,0,0,-0.00242053379969144,0.049,2
"null",5,0,0,0,-0.00157733808171654,0.0504,2
"null",6,0,0,0,-0.000104565038098908,0.0486,2
"null",7,0,0,0,0.000207354514209176,0.0503,2
"null",8,0,0,0,-0.000575227103976503,0.0491,2
"null",9,0,0,0,-0.000482258700228013,0.0527,2
"null",10,0,0,0,-0.000213550147840839,0.0504,2
"null",11,0,0,0,-0.000867841610966272,0.0492,2
"null",12,0,0,0,-0.00095737180713363,0.0508,2
"null",13,0,0,0,-0.000910920523794692,0.0496,2
"null",14,0,0,0,-0.000842375227306586,0.0505,2
"null",15,0,0,0,-0.000911246727153503,0.05,2
"null",16,0,0,0,-0.000930577102967946,0.0507,2
"null",17,0,0,0,-0.000749782920637112,0.0495,2
"null",18,0,0,0,-0.000595558722693656,0.0517,2
"null",19,0,0,0,-0.000441720138320591,0.0501,2
"null",20,0,0,0,-0.000195477073645822,0.0498,2
"null",2,0,0,0,-0.0172763280048423,0.0506,3
"null",3,0,0,0,-0.00522449864394934,0.0521,3
"null",4,0,0,0,-0.0010414764148154,0.051,3
"null",5,0,0,0,0.000544495578283223,0.0507,3
"null",6,0,0,0,0.0013728758316057,0.0497,3
"null",7,0,0,0,0.00188288150165063,0.0515,3
"null",8,0,0,0,0.00283204566751746,0.0513,3
"null",9,0,0,0,0.00221377634163782,0.0494,3
"null",10,0,0,0,0.00187534328259544,0.0499,3
"null",11,0,0,0,0.0013071195459645,0.0479,3
"null",12,0,0,0,0.000652935479861161,0.0498,3
"null",13,0,0,0,-0.000159811682044104,0.0488,3
"null",14,0,0,0,-0.000499054715349673,0.0489,3
"null",15,0,0,0,-0.000411204803607033,0.0485,3
"null",16,0,0,0,-0.000632886039359782,0.0482,3
"null",17,0,0,0,-0.000499556671717753,0.05,3
"null",18,0,0,0,-0.000565877910188477,0.0512,3
"null",19,0,0,0,2.40377595854793e-05,0.0513,3
"null",20,0,0,0,0.000252995448751233,0.0502,3
"null",2,0,0,0,-0.0230872313656041,0.0498,4
"null",3,0,0,0,-0.0111953390113776,0.0478,4
"null",4,0,0,0,-0.00748327684023605,0.0494,4
"null",5,0,0,0,-0.00546309443166537,0.0473,4
"null",6,0,0,0,-0.00195733198640074,0.0489,4
"null",7,0,0,0,-0.000120781243751275,0.0493,4
"null",8,0,0,0,-0.000188789000542733,0.0518,4
"null",9,0,0,0,0.000574656471548887,0.049,4
"null",10,0,0,0,0.00102204577669373,0.048,4
"null",11,0,0,0,0.00162081766746253,0.0497,4
"null",12,0,0,0,0.000886114329188397,0.05,4
"null",13,0,0,0,0.000270595093317268,0.049,4
"null",14,0,0,0,5.91275514126097e-05,0.0472,4
"null",15,0,0,0,-0.000245697924921884,0.0484,4
"null",16,0,0,0,-0.000160988372271122,0.0485,4
"null",17,0,0,0,-0.000383964488907873,0.0488,4
"null",18,0,0,0,-0.000387455749823484,0.048,4
"null",19,0,0,0,-0.000399977564005239,0.0492,4
"null",20,0,0,0,-5.64355328470209e-05,0.049,4
"null",2,0,0,0,0.0103726694853524,0.0501,5
"null",3,0,0,0,0.00657214051308071,0.0519,5
"null",4,0,0,0,0.00396469180885552,0.0503,5
"null",5,0,0,0,0.00187383346743464,0.0503,5
"null",6,0,0,0,-0.000623377886951593,0.0498,5
"null",7,0,0,0,-0.00130971872304079,0.0515,5
"null",8,0,0,0,-0.00159403287844375,0.0512,5
"null",9,0,0,0,-0.00186250081914455,0.0493,5
"null",10,0,0,0,-0.000875412132316011,0.05,5
"null",11,0,0,0,-0.0010824224681132,0.0499,5
"null",12,0,0,0,-0.000302215731011538,0.0498,5
"null",13,0,0,0,8.99548634356836e-05,0.0489,5
"null",14,0,0,0,0.000394697479091939,0.0496,5
"null",15,0,0,0,0.000802716907727542,0.0491,5
"null",16,0,0,0,0.000847519429784882,0.0497,5
"null",17,0,0,0,0.000334800730663902,0.0478,5
"null",18,0,0,0,0.000365409763488447,0.0487,5
"null",19,0,0,0,0.000298234338291705,0.0501,5
"null",20,0,0,0,0.000315684402971026,0.0488,5
"null",2,0,0,0,-0.0054807035274803,0.0482,6
"null",3,0,0,0,0.00336933933392754,0.0521,6
"null",4,0,0,0,0.001718717463865,0.0518,6
"null",5,0,0,0,-0.000859882479757585,0.0519,6
"null",6,0,0,0,-0.00132748216695132,0.052,6
"null",7,0,0,0,7.06535333046925e-05,0.0525,6
"null",8,0,0,0,-0.00134282336876586,0.0533,6
"null",9,0,0,0,-0.00170745056723076,0.0508,6
"null",10,0,0,0,-0.00143701443091037,0.0502,6
"null",11,0,0,0,-0.00109132941254376,0.05,6
"null",12,0,0,0,-0.000422059152897502,0.0513,6
"null",13,0,0,0,-0.000788299752122538,0.05,6
"null",14,0,0,0,-0.000655888855747299,0.0507,6
"null",15,0,0,0,-0.000239445208451614,0.0513,6
"null",16,0,0,0,-1.06890356896424e-05,0.0498,6
"null",17,0,0,0,-0.000294324416437703,0.0488,6
"null",18,0,0,0,-5.89736171079367e-05,0.0506,6
"null",19,0,0,0,0.000185866685321549,0.0502,6
"null",20,0,0,0,0.000338316183811624,0.0495,6
"null",2,0,0,0,0.00493168184776625,0.0489,7
"null",3,0,0,0,-0.000521854419531124,0.0493,7
"null",4,0,0,0,0.000744840325872967,0.0489,7
"null",5,0,0,0,-0.00100557958673135,0.0507,7
"null",6,0,0,0,-0.00296539998446063,0.0504,7
"null",7,0,0,0,-0.00247765111316229,0.0504,7
"null",8,0,0,0,-0.00204929329580813,0.0488,7
"null",9,0,0,0,-0.00047350244091312,0.0494,7
"null",10,0,0,0,-0.000734304853134135,0.0491,7
"null",11,0,0,0,-0.000562727919770114,0.0499,7
"null",12,0,0,0,-0.0010959427014921,0.0485,7
"null",13,0,0,0,-0.00109577229111493,0.049,7
"null",14,0,0,0,-0.00106048299961653,0.048,7
"null",15,0,0,0,-0.000748731571057075,0.0495,7
"null",16,0,0,0,-0.000767858336878658,0.0507,7
"null",17,0,0,0,-0.000470299159090142,0.0521,7
"null",18,0,0,0,-0.000381188357466521,0.051,7
"null",19,0,0,0,-0.000347568552946048,0.0494,7
"null",20,0,0,0,-6.86911733698825e-05,0.0486,7
"null",2,0,0,0,0.0326890002578222,0.049,8
"null",3,0,0,0,0.00526915191131058,0.0489,8
"null",4,0,0,0,-0.000625465747439927,0.0512,8
"null",5,0,0,0,-0.00248627627271421,0.0476,8
"null",6,0,0,0,-0.000454432646482667,0.0496,8
"null",7,0,0,0,0.000571475265774564,0.0492,8
"null",8,0,0,0,0.00126483481361414,0.0491,8
"null",9,0,0,0,0.000917487808362188,0.0494,8
"null",10,0,0,0,0.00072831961680544,0.0461,8
"null",11,0,0,0,0.000454602772796279,0.0477,8
"null",12,0,0,0,-0.000399263162602573,0.0465,8
"null",13,0,0,0,-0.000729577478687763,0.0466,8
"null",14,0,0,0,-0.000549779457846191,0.0456,8
"null",15,0,0,0,-0.000254111282544303,0.0459,8
"null",16,0,0,0,7.54866754795518e-05,0.0482,8
"null",17,0,0,0,0.000394678737340534,0.0494,8
"null",18,0,0,0,0.000164821977474313,0.0485,8
"null",19,0,0,0,0.000226537318563956,0.0492,8
"null",20,0,0,0,0.000381360630156779,0.0511,8
"null",2,0,0,0,-0.0109544420436626,0.0508,9
"null",3,0,0,0,-0.010178442358816,0.05,9
"null",4,0,0,0,-0.00419864631137372,0.0487,9
"null",5,0,0,0,-0.00229107066012699,0.0498,9
"null",6,0,0,0,-0.00275505673832518,0.0478,9
"null",7,0,0,0,-0.00314009679978923,0.0497,9
"null",8,0,0,0,-0.00390025798372188,0.0519,9
"null",9,0,0,0,-0.00320023883068977,0.0493,9
"null",10,0,0,0,-0.00353462883244667,0.0487,9
"null",11,0,0,0,-0.00259932327866038,0.0509,9
"null",12,0,0,0,-0.00236180613912216,0.0503,9
"null",13,0,0,0,-0.00184943386273387,0.0499,9
"null",14,0,0,0,-0.00118839292009737,0.0483,9
"null",15,0,0,0,-0.000920344149403672,0.0489,9
"null",16,0,0,0,-0.000782304817301831,0.0487,9
"null",17,0,0,0,-0.000588724892652182,0.0496,9
"null",18,0,0,0,-0.000328039449364056,0.0496,9
"null",19,0,0,0,-0.000215132389377832,0.0491,9
"null",20,0,0,0,-0.000555497088823376,0.049,9
"null",2,0,0,0,-0.00451302637429379,0.049,10
"null",3,0,0,0,-0.00809270241492571,0.0496,10
"null",4,0,0,0,-0.00554515066454156,0.0496,10
"null",5,0,0,0,-0.00310163126555454,0.049,10
"null",6,0,0,0,-0.00186197345202286,0.0482,10
"null",7,0,0,0,-0.0019599131941682,0.0485,10
"null",8,0,0,0,-0.00317489645579215,0.0533,10
"null",9,0,0,0,-0.00296708096061024,0.0487,10
"null",10,0,0,0,-0.00207081295363875,0.0499,10
"null",11,0,0,0,-0.00221504762543339,0.049,10
"null",12,0,0,0,-0.00190932400821896,0.0508,10
"null",13,0,0,0,-0.00208878148243588,0.051,10
"null",14,0,0,0,-0.0021673680190813,0.0514,10
"null",15,0,0,0,-0.00248272057455483,0.0493,10
"null",16,0,0,0,-0.00205427799161942,0.0491,10
"null",17,0,0,0,-0.00155226494111552,0.0502,10
"null",18,0,0,0,-0.00158883071223616,0.0514,10
"null",19,0,0,0,-0.00164054257520952,0.0502,10
"null",20,0,0,0,-0.00125958006474251,0.0519,10
"null",2,0,0,0,-0.00422020604298001,0.0529,11
"null",3,0,0,0,-0.00486728928916543,0.0484,11
"null",4,0,0,0,-0.00449604969416063,0.0499,11
"null",5,0,0,0,-0.00323795670443255,0.05,11
"null",6,0,0,0,-0.00132139023707206,0.0519,11
"null",7,0,0,0,-0.000410045312796584,0.0502,11
"null",8,0,0,0,-0.00152530545616417,0.052,11
"null",9,0,0,0,-0.00116512681351462,0.0501,11
"null",10,0,0,0,-0.00193190510400554,0.0507,11
"null",11,0,0,0,-0.000490816637226945,0.0505,11
"null",12,0,0,0,-0.000295017020252828,0.051,11
"null",13,0,0,0,0.000589793415992993,0.0504,11
"null",14,0,0,0,0.00102408000767949,0.0499,11
"null",15,0,0,0,0.000826379496041361,0.0504,11
"null",16,0,0,0,0.000532457291076905,0.0509,11
"null",17,0,0,0,0.000936114964428759,0.0498,11
"null",18,0,0,0,0.00106161524926339,0.0474,11
"null",19,0,0,0,0.000885740609385056,0.0473,11
"null",20,0,0,0,0.00132838678332596,0.0471,11
"null",2,0,0,0,-0.00227731621495401,0.0503,12
"null",3,0,0,0,0.00714125908009744,0.0503,12
"null",4,0,0,0,0.00398651006440251,0.0512,12
"null",5,0,0,0,0.00482118347703464,0.0495,12
"null",6,0,0,0,0.00165945934825418,0.0513,12
"null",7,0,0,0,0.00244812920059808,0.0496,12
"null",8,0,0,0,0.00123797826191297,0.0478,12
"null",9,0,0,0,0.00154989913200862,0.0486,12
"null",10,0,0,0,0.00169690665393488,0.0505,12
"null",11,0,0,0,0.00170640031173413,0.0486,12
"null",12,0,0,0,0.00104160952369159,0.0493,12
"null",13,0,0,0,0.00120699446611995,0.0487,12
"null",14,0,0,0,0.00112198559510354,0.0501,12
"null",15,0,0,0,0.000886918787580304,0.0494,12
"null",16,0,0,0,0.000975830601346412,0.0499,12
"null",17,0,0,0,0.000567035517684796,0.0508,12
"null",18,0,0,0,0.000638675056782929,0.0501,12
"null",19,0,0,0,0.000336572817047358,0.0491,12
"null",20,0,0,0,0.00016073378917321,0.0504,12
"null",2,0,0,0,-0.0151011130585922,0.0493,13
"null",3,0,0,0,-0.00534030668169165,0.0494,13
"null",4,0,0,0,0.00240259454878866,0.0493,13
"null",5,0,0,0,-0.000369992806277673,0.049,13
"null",6,0,0,0,-0.000878581381225913,0.0483,13
"null",7,0,0,0,-0.001053121147692,0.0486,13
"null",8,0,0,0,-0.00136448753487931,0.0505,13
"null",9,0,0,0,-0.00196270349969695,0.0477,13
"null",10,0,0,0,-0.000935937996879843,0.0486,13
"null",11,0,0,0,-0.000543922892049277,0.0496,13
"null",12,0,0,0,-0.000516960872708646,0.0488,13
"null",13,0,0,0,-0.000652822225498184,0.051,13
"null",14,0,0,0,-0.00086769756784924,0.0499,13
"null",15,0,0,0,-0.000642820736197389,0.0521,13
"null",16,0,0,0,-4.41159340165537e-06,0.0526,13
"null",17,0,0,0,9.01742440951448e-05,0.0536,13
"null",18,0,0,0,-0.000160789479287892,0.054,13
"null",19,0,0,0,0.000161233035524091,0.0516,13
"null",20,0,0,0,2.1302047151245e-05,0.0526,13
"null",2,0,0,0,-0.00562160490214625,0.0493,14
"null",3,0,0,0,-0.00510246794779986,0.0499,14
"null",4,0,0,0,-0.00629657290866961,0.0515,14
"null",5,0,0,0,-0.00466628337462996,0.0485,14
"null",6,0,0,0,-0.00231312914319117,0.0489,14
"null",7,0,0,0,-0.00133756249742132,0.0497,14
"null",8,0,0,0,3.3344740480725e-05,0.0476,14
"null",9,0,0,0,0.000174634214800462,0.0506,14
"null",10,0,0,0,-0.000434971102790941,0.0501,14
"null",11,0,0,0,-0.000462669294806507,0.0487,14
"null",12,0,0,0,-0.00101901091292079,0.0501,14
"null",13,0,0,0,-8.16111385638115e-05,0.048,14
"null",14,0,0,0,-0.000348553177609232,0.048,14
"null",15,0,0,0,-0.000282253684552367,0.0482,14
"null",16,0,0,0,-0.000848621328675834,0.0484,14
"null",17,0,0,0,-0.000737227101105794,0.0504,14
"null",18,0,0,0,-0.00133464299427729,0.0492,14
"null",19,0,0,0,-0.000959256507785644,0.0477,14
"null",20,0,0,0,-0.000727624559554554,0.0495,14
"null",2,0,0,0,-0.0113081972539048,0.0498,15
"null",3,0,0,0,0.0100873574459745,0.0487,15
"null",4,0,0,0,0.000922563096072597,0.05,15
"null",5,0,0,0,0.00140399474595182,0.0514,15
"null",6,0,0,0,0.00152890481717423,0.0494,15
"null",7,0,0,0,-0.000235741969067632,0.0493,15
"null",8,0,0,0,0.000740702489271447,0.0512,15
"null",9,0,0,0,-0.000181902736622279,0.0485,15
"null",10,0,0,0,-8.13000846373443e-05,0.0493,15
"null",11,0,0,0,-2.34893091759027e-05,0.051,15
"null",12,0,0,0,0.000268341508290788,0.0507,15
"null",13,0,0,0,-0.000633593332247616,0.0501,15
"null",14,0,0,0,-0.00089881903175974,0.051,15
"null",15,0,0,0,-4.1187385242483e-05,0.0501,15
"null",16,0,0,0,-0.00069801005974337,0.0511,15
"null",17,0,0,0,-0.000821446231720073,0.0526,15
"null",18,0,0,0,-0.000757622820037334,0.0523,15
"null",19,0,0,0,-0.000616360271305887,0.0528,15
"null",20,0,0,0,-0.00122170129091026,0.0519,15
"null",2,0,0,0,-0.000186890104441643,0.0483,16
"null",3,0,0,0,-0.00757935770544041,0.0487,16
"null",4,0,0,0,-0.00848715072887537,0.0506,16
"null",5,0,0,0,-0.00928847917707692,0.051,16
"null",6,0,0,0,-0.00535412687859447,0.0494,16
"null",7,0,0,0,-0.00423948728522701,0.0492,16
"null",8,0,0,0,-0.00420795081997157,0.0513,16
"null",9,0,0,0,-0.00343275616897541,0.0508,16
"null",10,0,0,0,-0.0011191595196398,0.0492,16
"null",11,0,0,0,-0.000650783671597114,0.0493,16
"null",12,0,0,0,-0.000215690416097522,0.0496,16
"null",13,0,0,0,0.000207701541277155,0.0508,16
"null",14,0,0,0,0.000407357702137354,0.0491,16
"null",15,0,0,0,0.000760418841720058,0.0504,16
"null",16,0,0,0,0.00135823836072742,0.0497,16
"null",17,0,0,0,0.0010669342808787,0.0491,16
"null",18,0,0,0,0.000437807758955846,0.0496,16
"null",19,0,0,0,0.000422786874748168,0.0489,16
"null",20,0,0,0,0.000643672712780758,0.0479,16
"null",2,0,0,0,-0.00183012398867536,0.0506,17
"null",3,0,0,0,-0.0056959137463561,0.0497,17
"null",4,0,0,0,-0.00119503576845322,0.048,17
"null",5,0,0,0,0.00152294370619108,0.0501,17
"null",6,0,0,0,-0.000347008154381064,0.0494,17
"null",7,0,0,0,-0.000955303076028484,0.0501,17
"null",8,0,0,0,-0.000256313286473064,0.0514,17
"null",9,0,0,0,0.000370552820590082,0.0499,17
"null",10,0,0,0,0.00033163554619999,0.0503,17
"null",11,0,0,0,-0.000474830485784728,0.0503,17
"null",12,0,0,0,-0.000498548785116561,0.0484,17
"null",13,0,0,0,-0.000795905594733454,0.0478,17
"null",14,0,0,0,0.000588640301968941,0.0477,17
"null",15,0,0,0,0.00056862923149298,0.0487,17
"null",16,0,0,0,-4.96599661547658e-06,0.048,17
"null",17,0,0,0,0.000405157884247579,0.0504,17
"null",18,0,0,0,0.000176262379239232,0.0524,17
"null",19,0,0,0,0.000162953485719484,0.0537,17
"null",20,0,0,0,0.000597078411510471,0.0527,17
"null",2,0,0,0,0.0148663269905001,0.0492,18
"null",3,0,0,0,-0.00107388088159644,0.0511,18
"null",4,0,0,0,-0.00106575467068857,0.0505,18
"null",5,0,0,0,-0.0029635794870866,0.0501,18
"null",6,0,0,0,-0.0014738830079609,0.0491,18
"null",7,0,0,0,-0.00371061938452018,0.0487,18
"null",8,0,0,0,-0.00319869314449539,0.0502,18
"null",9,0,0,0,-0.00315827581884703,0.0489,18
"null",10,0,0,0,-0.00196119989398034,0.0483,18
"null",11,0,0,0,-0.00158464078863995,0.0471,18
"null",12,0,0,0,-0.00108233608476423,0.0483,18
"null",13,0,0,0,-0.000785678162917234,0.0471,18
"null",14,0,0,0,-0.000216112186770264,0.0477,18
"null",15,0,0,0,0.000309021060588281,0.0491,18
"null",16,0,0,0,0.000140307547875755,0.0485,18
"null",17,0,0,0,0.000380539218593029,0.0478,18
"null",18,0,0,0,-0.000185449275957185,0.0491,18
"null",19,0,0,0,-0.000138325050250998,0.0499,18
"null",20,0,0,0,0.000360797635234976,0.049,18
"null",2,0,0,0,0.00109976329071058,0.0485,19
"null",3,0,0,0,-0.00392618536529034,0.0526,19
"null",4,0,0,0,-0.00309520025367458,0.0512,19
"null",5,0,0,0,-0.0026396521302729,0.0495,19
"null",6,0,0,0,-0.00208477600007169,0.0484,19
"null",7,0,0,0,-0.00046028560744212,0.0483,19
"null",8,0,0,0,-0.000632499645997578,0.0492,19
"null",9,0,0,0,-0.00174669292483422,0.0494,19
"null",10,0,0,0,-0.00286193927264819,0.0477,19
"null",11,0,0,0,-0.00251785745722704,0.0484,19
"null",12,0,0,0,-0.00266525524400449,0.0483,19
"null",13,0,0,0,-0.00188679392314226,0.0479,19
"null",14,0,0,0,-0.00172555856082203,0.0484,19
"null",15,0,0,0,-0.00214183484836666,0.0489,19
"null",16,0,0,0,-0.00256851057858331,0.0482,19
"null",17,0,0,0,-0.0027981106314292,0.0512,19
"null",18,0,0,0,-0.00270794762448857,0.0485,19
"null",19,0,0,0,-0.00231611064390702,0.0513,19
"null",20,0,0,0,-0.00205342032422414,0.0513,19
"null",2,0,0,0,-0.0110022223534626,0.0493,20
"null",3,0,0,0,-0.0146337830779958,0.0512,20
"null",4,0,0,0,-0.00430094421436289,0.0508,20
"null",5,0,0,0,-0.00462428865616781,0.0499,20
"null",6,0,0,0,-0.0037681816074119,0.0481,20
"null",7,0,0,0,-0.000314766256348846,0.0501,20
"null",8,0,0,0,0.000317645523064156,0.0505,20
"null",9,0,0,0,-0.000295632074215426,0.0511,20
"null",10,0,0,0,-0.00104830912054062,0.0504,20
"null",11,0,0,0,-0.00062852482822994,0.0502,20
"null",12,0,0,0,-0.000773796085740192,0.051,20
"null",13,0,0,0,-0.00129409895401547,0.0503,20
"null",14,0,0,0,-0.00158700693374472,0.0511,20
"null",15,0,0,0,-0.00155991481294645,0.0513,20
"null",16,0,0,0,-0.00137347689697365,0.0495,20
"null",17,0,0,0,-0.00140340074705856,0.0517,20
"null",18,0,0,0,-0.000749512767560629,0.0499,20
"null",19,0,0,0,-0.00059477703671315,0.05,20
"null",20,0,0,0,-0.000481447331650922,0.0491,20
"individual",2,0,0,0.1,0.0154313802799445,0.0531,1
"individual",3,0,0,0.1,0.00379339909524629,0.0483,1
"individual",4,0,0,0.1,-0.00208579209485377,0.0492,1
"individual",5,0,0,0.1,-0.00168932955671352,0.0516,1
"individual",6,0,0,0.1,-0.00145159274335741,0.0509,1
"individual",7,0,0,0.1,0.000383486107567029,0.0492,1
"individual",8,0,0,0.1,0.000551032117326234,0.0511,1
"individual",9,0,0,0.1,-0.00056784906378738,0.0508,1
"individual",10,0,0,0.1,0.000470569438488151,0.0512,1
"individual",11,0,0,0.1,0.00162498432081223,0.0513,1
"individual",12,0,0,0.1,0.00152213634598036,0.0521,1
"individual",13,0,0,0.1,0.00135994565518961,0.0513,1
"individual",14,0,0,0.1,0.000858936759123564,0.0517,1
"individual",15,0,0,0.1,0.000787939566974751,0.052,1
"individual",16,0,0,0.1,0.000828112509146651,0.0502,1
"individual",17,0,0,0.1,0.000537327073208979,0.0493,1
"individual",18,0,0,0.1,0.000477341975941119,0.0484,1
"individual",19,0,0,0.1,0.000532636926535888,0.0492,1
"individual",20,0,0,0.1,0.000417993948907472,0.0481,1
"individual",2,0,0,0.1,0.00396216515205007,0.0508,2
"individual",3,0,0,0.1,-0.00313851824215878,0.0489,2
"individual",4,0,0,0.1,-0.00336228964349396,0.0481,2
"individual",5,0,0,0.1,-0.00180364934234528,0.0482,2
"individual",6,0,0,0.1,-0.000848045518745649,0.0507,2
"individual",7,0,0,0.1,0.000291010492677493,0.0512,2
"individual",8,0,0,0.1,-0.000375805018121231,0.0481,2
"individual",9,0,0,0.1,-0.000682136182516056,0.0507,2
"individual",10,0,0,0.1,-0.000239344378471815,0.0513,2
"individual",11,0,0,0.1,-0.00100301447431524,0.0503,2
"individual",12,0,0,0.1,-0.000728622628371992,0.048,2
"individual",13,0,0,0.1,-0.000815488311328299,0.048,2
"individual",14,0,0,0.1,-0.00107023200979879,0.0492,2
"individual",15,0,0,0.1,-0.000998632576658779,0.0518,2
"individual",16,0,0,0.1,-0.00095518576644436,0.0496,2
"individual",17,0,0,0.1,-0.00092161923615202,0.0512,2
"individual",18,0,0,0.1,-0.000607877237927361,0.0513,2
"individual",19,0,0,0.1,-0.000361123626344517,0.0497,2
"individual",20,0,0,0.1,-0.000184239827493257,0.0505,2
"individual",2,0,0,0.1,-0.0137159516049187,0.0475,3
"individual",3,0,0,0.1,-0.0062343459444007,0.0502,3
"individual",4,0,0,0.1,-0.00104359900827335,0.0501,3
"individual",5,0,0,0.1,-2.71891435469157e-05,0.0523,3
"individual",6,0,0,0.1,0.00187252771970477,0.0491,3
"individual",7,0,0,0.1,0.0013568066304093,0.0524,3
"individual",8,0,0,0.1,0.00234331291768043,0.0532,3
"individual",9,0,0,0.1,0.00241903482453598,0.0486,3
"individual",10,0,0,0.1,0.00221251758380876,0.0493,3
"individual",11,0,0,0.1,0.00143291718507047,0.0482,3
"individual",12,0,0,0.1,0.000476577986499968,0.0485,3
"individual",13,0,0,0.1,-0.000205102960612131,0.0502,3
"individual",14,0,0,0.1,-0.00057661588660814,0.0498,3
"individual",15,0,0,0.1,-0.000528384565198785,0.0481,3
"individual",16,0,0,0.1,-0.000585466667842755,0.0494,3
"individual",17,0,0,0.1,-0.000451602044008024,0.0491,3
"individual",18,0,0,0.1,-0.000557300485904059,0.0513,3
"individual",19,0,0,0.1,3.01927935340838e-05,0.0517,3
"individual",20,0,0,0.1,0.000135642336657004,0.0517,3
"individual",2,0,0,0.1,-0.0204997579672218,0.0481,4
"individual",3,0,0,0.1,-0.0106287724469147,0.0492,4
"individual",4,0,0,0.1,-0.00879478828307768,0.0492,4
"individual",5,0,0,0.1,-0.0054014028232913,0.047,4
"individual",6,0,0,0.1,-0.00110605108895347,0.0473,4
"individual",7,0,0,0.1,-0.000531713506070671,0.0489,4
"individual",8,0,0,0.1,-0.000326895902497496,0.0508,4
"individual",9,0,0,0.1,0.000661127427709169,0.0501,4
"individual",10,0,0,0.1,0.00114065764040342,0.048,4
"individual",11,0,0,0.1,0.0016101859420547,0.0507,4
"individual",12,0,0,0.1,0.000796703587922233,0.0508,4
"individual",13,0,0,0.1,0.000439564035916123,0.0483,4
"individual",14,0,0,0.1,0.000119405651163021,0.0481,4
"individual",15,0,0,0.1,-0.000316125461150779,0.0496,4
"individual",16,0,0,0.1,-0.000139021042890099,0.0479,4
"individual",17,0,0,0.1,-0.000384419029422609,0.0489,4
"individual",18,0,0,0.1,-0.000278078916890659,0.0477,4
"individual",19,0,0,0.1,-0.000382270295713253,0.0493,4
"individual",20,0,0,0.1,-6.19329675984346e-05,0.0487,4
"individual",2,0,0,0.1,0.00993625093803189,0.0495,5
"individual",3,0,0,0.1,0.0051461873364424,0.0521,5
"individual",4,0,0,0.1,0.00317850385065673,0.05,5
"individual",5,0,0,0.1,0.00125536595262066,0.0496,5
"individual",6,0,0,0.1,-0.000942185957156562,0.0497,5
"individual",7,0,0,0.1,-0.00112533639509904,0.0503,5
"individual",8,0,0,0.1,-0.00152491270392691,0.0514,5
"individual",9,0,0,0.1,-0.00182622695773387,0.0501,5
"individual",10,0,0,0.1,-0.0006554454895241,0.0494,5
"individual",11,0,0,0.1,-0.00109298835590117,0.0491,5
"individual",12,0,0,0.1,-0.00034644667284735,0.0498,5
"individual",13,0,0,0.1,-9.8051051216065e-05,0.0507,5
"individual",14,0,0,0.1,0.000258457441695386,0.0508,5
"individual",15,0,0,0.1,0.000589091531486376,0.0503,5
"individual",16,0,0,0.1,0.000800789164070237,0.0498,5
"individual",17,0,0,0.1,0.000267276612197236,0.0471,5
"individual",18,0,0,0.1,0.000331029794164676,0.0483,5
"individual",19,0,0,0.1,0.000248072486848322,0.0506,5
"individual",20,0,0,0.1,0.000422428529639715,0.0483,5
"individual",2,0,0,0.1,-0.00466851701552832,0.0487,6
"individual",3,0,0,0.1,0.00421967549945393,0.0496,6
"individual",4,0,0,0.1,0.00158120629406101,0.0514,6
"individual",5,0,0,0.1,-0.000783390534224926,0.0522,6
"individual",6,0,0,0.1,-0.00112386049840191,0.0514,6
"individual",7,0,0,0.1,-0.00052336679741276,0.052,6
"individual",8,0,0,0.1,-0.00131058593594923,0.0516,6
"individual",9,0,0,0.1,-0.00183861100838748,0.0503,6
"individual",10,0,0,0.1,-0.001635554587417,0.0487,6
"individual",11,0,0,0.1,-0.00140422541062675,0.0528,6
"individual",12,0,0,0.1,-0.000576209969683991,0.0524,6
"individual",13,0,0,0.1,-0.000798541030612227,0.0507,6
"individual",14,0,0,0.1,-0.000414430131219978,0.0497,6
"individual",15,0,0,0.1,-0.00011753916947579,0.0498,6
"individual",16,0,0,0.1,-0.000271239537548586,0.0504,6
"individual",17,0,0,0.1,-0.000177921206889837,0.049,6
"individual",18,0,0,0.1,-4.80854448953559e-05,0.0513,6
"individual",19,0,0,0.1,0.000128714004639733,0.0502,6
"individual",20,0,0,0.1,0.000376718532858181,0.0501,6
"individual",2,0,0,0.1,0.00520511238844457,0.0505,7
"individual",3,0,0,0.1,-0.00246020783845599,0.0494,7
"individual",4,0,0,0.1,0.000802035026471716,0.0488,7
"individual",5,0,0,0.1,-0.00234269427910446,0.0505,7
"individual",6,0,0,0.1,-0.00277757093367519,0.049,7
"individual",7,0,0,0.1,-0.00249263222591489,0.0488,7
"individual",8,0,0,0.1,-0.00202254736176216,0.0494,7
"individual",9,0,0,0.1,-0.000775853804806686,0.0509,7
"individual",10,0,0,0.1,-0.000680892544385918,0.0483,7
"individual",11,0,0,0.1,-0.00036644939214028,0.0476,7
"individual",12,0,0,0.1,-0.00104798555805227,0.0478,7
"individual",13,0,0,0.1,-0.000870821319074689,0.0471,7
"individual",14,0,0,0.1,-0.00107589195827487,0.0486,7
"individual",15,0,0,0.1,-0.0007208799912149,0.0488,7
"individual",16,0,0,0.1,-0.000739082225964328,0.0503,7
"individual",17,0,0,0.1,-0.000577783021217292,0.0509,7
"individual",18,0,0,0.1,-0.00042840690159044,0.0518,7
"individual",19,0,0,0.1,-0.000318674453955842,0.0494,7
"individual",20,0,0,0.1,2.63459156698865e-05,0.0491,7
"individual",2,0,0,0.1,0.0336848048122967,0.0501,8
"individual",3,0,0,0.1,0.00457865943592427,0.0507,8
"individual",4,0,0,0.1,-0.000676175832152897,0.0518,8
"individual",5,0,0,0.1,-0.00224619045353694,0.0488,8
"individual",6,0,0,0.1,5.87198271364008e-05,0.0489,8
"individual",7,0,0,0.1,0.00125213200556629,0.0495,8
"individual",8,0,0,0.1,0.00118301256474938,0.0506,8
"individual",9,0,0,0.1,0.00100472001820834,0.0484,8
"individual",10,0,0,0.1,0.000556904140458453,0.0461,8
"individual",11,0,0,0.1,0.000693698533350245,0.0451,8
"individual",12,0,0,0.1,-0.000478862408717272,0.0453,8
"individual",13,0,0,0.1,-0.000640663979766451,0.0459,8
"individual",14,0,0,0.1,-0.000386263564788578,0.0435,8
"individual",15,0,0,0.1,-0.000318450653878256,0.0464,8
"individual",16,0,0,0.1,2.04687822769101e-06,0.0478,8
"individual",17,0,0,0.1,0.000395757571027587,0.0482,8
"individual",18,0,0,0.1,0.000107675541098667,0.048,8
"individual",19,0,0,0.1,0.000315790298194716,0.0476,8
"individual",20,0,0,0.1,0.00041937633063059,0.0505,8
"individual",2,0,0,0.1,-0.0126680204111121,0.0501,9
"individual",3,0,0,0.1,-0.00943511529905918,0.049,9
"individual",4,0,0,0.1,-0.00452892548610812,0.0506,9
"individual",5,0,0,0.1,-0.00143047881489736,0.0481,9
"individual",6,0,0,0.1,-0.00251192408695226,0.0489,9
"individual",7,0,0,0.1,-0.00343667635837902,0.0513,9
"individual",8,0,0,0.1,-0.00381252597360706,0.0522,9
"individual",9,0,0,0.1,-0.00291660232436914,0.0483,9
"individual",10,0,0,0.1,-0.00333488320733473,0.0477,9
"individual",11,0,0,0.1,-0.00239799829513237,0.0495,9
"individual",12,0,0,0.1,-0.00226315098064548,0.0489,9
"individual",13,0,0,0.1,-0.00163363957443482,0.0491,9
"individual",14,0,0,0.1,-0.00118712374475639,0.049,9
"individual",15,0,0,0.1,-0.000945156128636656,0.0503,9
"individual",16,0,0,0.1,-0.00065727001968874,0.0496,9
"individual",17,0,0,0.1,-0.000491878212130729,0.05,9
"individual",18,0,0,0.1,-0.000388981316124126,0.0501,9
"individual",19,0,0,0.1,-0.000214008057912921,0.0484,9
"individual",20,0,0,0.1,-0.000493374573135129,0.0495,9
"individual",2,0,0,0.1,-0.00366410263165044,0.0496,10
"individual",3,0,0,0.1,-0.00770167100980586,0.0509,10
"individual",4,0,0,0.1,-0.00630629447528566,0.0488,10
"individual",5,0,0,0.1,-0.00353130874882924,0.0501,10
"individual",6,0,0,0.1,-0.00232583812977621,0.0479,10
"individual",7,0,0,0.1,-0.00209602316492407,0.0485,10
"individual",8,0,0,0.1,-0.00318315812421014,0.0509,10
"individual",9,0,0,0.1,-0.00334844470871911,0.0505,10
"individual",10,0,0,0.1,-0.00198392543104969,0.0482,10
"individual",11,0,0,0.1,-0.0023667490387032,0.0514,10
"individual",12,0,0,0.1,-0.0018863425826828,0.0512,10
"individual",13,0,0,0.1,-0.00202300690995203,0.052,10
"individual",14,0,0,0.1,-0.00216640343008944,0.0516,10
"individual",15,0,0,0.1,-0.0027108696556419,0.049,10
"individual",16,0,0,0.1,-0.00206645749253476,0.0503,10
"individual",17,0,0,0.1,-0.00133874269889832,0.0487,10
"individual",18,0,0,0.1,-0.0015333987238697,0.051,10
"individual",19,0,0,0.1,-0.00158295873260919,0.0497,10
"individual",20,0,0,0.1,-0.00120645145888982,0.051,10
"individual",2,0,0,0.1,-0.00486325876983095,0.0507,11
"individual",3,0,0,0.1,-0.00505628145463305,0.047,11
"individual",4,0,0,0.1,-0.00395768322165147,0.0494,11
"individual",5,0,0,0.1,-0.0037105349934886,0.0511,11
"individual",6,0,0,0.1,-0.00217573557111189,0.0524,11
"individual",7,0,0,0.1,-0.000609774080864933,0.0531,11
"individual",8,0,0,0.1,-0.0017819359909597,0.0518,11
"individual",9,0,0,0.1,-0.00118970570315219,0.0502,11
"individual",10,0,0,0.1,-0.00205355883044443,0.0508,11
"individual",11,0,0,0.1,-0.00022929939745264,0.0493,11
"individual",12,0,0,0.1,-0.000195488052549336,0.05,11
"individual",13,0,0,0.1,0.000490615639064,0.0503,11
"individual",14,0,0,0.1,0.000939965926932468,0.05,11
"individual",15,0,0,0.1,0.000572801759054123,0.0508,11
"individual",16,0,0,0.1,0.00050795991311607,0.0497,11
"individual",17,0,0,0.1,0.000930612171550608,0.0504,11
"individual",18,0,0,0.1,0.00113545557940915,0.0473,11
"individual",19,0,0,0.1,0.000951251596302721,0.0463,11
"individual",20,0,0,0.1,0.00128017113724209,0.0477,11
"individual",2,0,0,0.1,-0.00436841096949669,0.052,12
"individual",3,0,0,0.1,0.0067181557103064,0.051,12
"individual",4,0,0,0.1,0.00296261730159967,0.0512,12
"individual",5,0,0,0.1,0.00543613812763279,0.0506,12
"individual",6,0,0,0.1,0.00208819083258162,0.0516,12
"individual",7,0,0,0.1,0.00288973840649036,0.0469,12
"individual",8,0,0,0.1,0.00132734880545134,0.0472,12
"individual",9,0,0,0.1,0.00150992130203425,0.0491,12
"individual",10,0,0,0.1,0.00174497253842468,0.051,12
"individual",11,0,0,0.1,0.00172626119713495,0.0487,12
"individual",12,0,0,0.1,0.00114645196993125,0.0488,12
"individual",13,0,0,0.1,0.00111069095581437,0.0481,12
"individual",14,0,0,0.1,0.000949960994241355,0.0506,12
"individual",15,0,0,0.1,0.000955243234605786,0.0485,12
"individual",16,0,0,0.1,0.000835993875971206,0.0507,12
"individual",17,0,0,0.1,0.000502277661353213,0.051,12
"individual",18,0,0,0.1,0.000629202428639991,0.0516,12
"individual",19,0,0,0.1,0.000177263219238607,0.0509,12
"individual",20,0,0,0.1,-2.33749513734725e-05,0.0509,12
"individual",2,0,0,0.1,-0.0138901159361183,0.0504,13
"individual",3,0,0,0.1,-0.00606481906923122,0.0503,13
"individual",4,0,0,0.1,0.00248572185364959,0.0492,13
"individual",5,0,0,0.1,-0.000738662327178147,0.0486,13
"individual",6,0,0,0.1,-0.00119243217461818,0.0484,13
"individual",7,0,0,0.1,-0.00105155775449139,0.0478,13
"individual",8,0,0,0.1,-0.00178598184758882,0.0492,13
"individual",9,0,0,0.1,-0.00197606236922487,0.0487,13
"individual",10,0,0,0.1,-0.00104035713840567,0.0492,13
"individual",11,0,0,0.1,-0.000884658490352746,0.0505,13
"individual",12,0,0,0.1,-0.000749985885319619,0.0501,13
"individual",13,0,0,0.1,-0.000927231774253243,0.0514,13
"individual",14,0,0,0.1,-0.00110863165540282,0.0509,13
"individual",15,0,0,0.1,-0.000661251781456256,0.0535,13
"individual",16,0,0,0.1,5.08197213301265e-05,0.0526,13
"individual",17,0,0,0.1,-1.74306718279916e-05,0.052,13
"individual",18,0,0,0.1,-0.000264554501174999,0.0533,13
"individual",19,0,0,0.1,7.75676088156534e-05,0.0519,13
"individual",20,0,0,0.1,5.12256080690324e-05,0.0533,13
"individual",2,0,0,0.1,-0.0100726622970533,0.0526,14
"individual",3,0,0,0.1,-0.00742980616637874,0.0493,14
"individual",4,0,0,0.1,-0.00782840096196918,0.0523,14
"individual",5,0,0,0.1,-0.00443740051760345,0.0474,14
"individual",6,0,0,0.1,-0.0029798627085259,0.0507,14
"individual",7,0,0,0.1,-0.00104440222234552,0.0484,14
"individual",8,0,0,0.1,-0.000203359736174359,0.0519,14
"individual",9,0,0,0.1,0.000113533574761871,0.0512,14
"individual",10,0,0,0.1,-0.000639488172158428,0.0519,14
"individual",11,0,0,0.1,-0.000484734687176122,0.049,14
"individual",12,0,0,0.1,-0.000944942918831381,0.0501,14
"individual",13,0,0,0.1,-0.000246474592436521,0.0508,14
"individual",14,0,0,0.1,-0.000505798947423327,0.0492,14
"individual",15,0,0,0.1,-8.79419053251765e-05,0.0473,14
"individual",16,0,0,0.1,-0.000667866376198237,0.0466,14
"individual",17,0,0,0.1,-0.000667306229436672,0.0496,14
"individual",18,0,0,0.1,-0.00140873340333478,0.0492,14
"individual",19,0,0,0.1,-0.000983123677371748,0.047,14
"individual",20,0,0,0.1,-0.000840629610916683,0.0496,14
"individual",2,0,0,0.1,-0.0170756988761041,0.049,15
"individual",3,0,0,0.1,0.00840567349791131,0.0512,15
"individual",4,0,0,0.1,0.000774786672218341,0.0511,15
"individual",5,0,0,0.1,0.00132210452232325,0.0496,15
"individual",6,0,0,0.1,0.00188253912767627,0.0504,15
"individual",7,0,0,0.1,-0.000178805424887006,0.0478,15
"individual",8,0,0,0.1,0.00119043789109593,0.0497,15
"individual",9,0,0,0.1,-4.29050517702941e-05,0.0504,15
"individual",10,0,0,0.1,0.00010748859822031,0.0496,15
"individual",11,0,0,0.1,5.05938046071147e-05,0.0518,15
"individual",12,0,0,0.1,0.000288468027019053,0.0495,15
"individual",13,0,0,0.1,-0.000766282532781331,0.0517,15
"individual",14,0,0,0.1,-0.000970129589420088,0.0507,15
"individual",15,0,0,0.1,-0.000199228622424929,0.0508,15
"individual",16,0,0,0.1,-0.000795350247978565,0.052,15
"individual",17,0,0,0.1,-0.000973858353703468,0.0521,15
"individual",18,0,0,0.1,-0.00084392647915848,0.0514,15
"individual",19,0,0,0.1,-0.000624948070978934,0.0526,15
"individual",20,0,0,0.1,-0.00118108432140088,0.0503,15
"individual",2,0,0,0.1,0.00610476857979664,0.051,16
"individual",3,0,0,0.1,-0.00844453634836397,0.0499,16
"individual",4,0,0,0.1,-0.00765797600460255,0.0516,16
"individual",5,0,0,0.1,-0.00933838930801587,0.0495,16
"individual",6,0,0,0.1,-0.0049411612398684,0.0484,16
"individual",7,0,0,0.1,-0.00409829031562794,0.049,16
"individual",8,0,0,0.1,-0.00434587088269934,0.051,16
"individual",9,0,0,0.1,-0.00378829131830473,0.0515,16
"individual",10,0,0,0.1,-0.0010547634377952,0.0483,16
"individual",11,0,0,0.1,-0.00074658207473046,0.0498,16
"individual",12,0,0,0.1,-0.000431518179252202,0.0501,16
"individual",13,0,0,0.1,0.000147712983246975,0.0516,16
"individual",14,0,0,0.1,0.00022323691511583,0.0497,16
"individual",15,0,0,0.1,0.000681091870719164,0.0507,16
"individual",16,0,0,0.1,0.0013445482023439,0.05,16
"individual",17,0,0,0.1,0.00105185960008722,0.0506,16
"individual",18,0,0,0.1,0.000263758480875262,0.0512,16
"individual",19,0,0,0.1,0.000300064238889195,0.0495,16
"individual",20,0,0,0.1,0.00051751149729665,0.0494,16
"individual",2,0,0,0.1,-0.00359315448253583,0.0507,17
"individual",3,0,0,0.1,-0.00469192489984264,0.0483,17
"individual",4,0,0,0.1,0.000113230473123292,0.0475,17
"individual",5,0,0,0.1,0.00121001543313211,0.0513,17
"individual",6,0,0,0.1,0.000497204527059604,0.0504,17
"individual",7,0,0,0.1,-0.000617276628207597,0.0495,17
"individual",8,0,0,0.1,-0.000137144987639348,0.0511,17
"individual",9,0,0,0.1,0.00042209285219189,0.0502,17
"individual",10,0,0,0.1,0.000263458616270381,0.0521,17
"individual",11,0,0,0.1,-0.000174084600527615,0.0493,17
"individual",12,0,0,0.1,-0.000413633363033245,0.0483,17
"individual",13,0,0,0.1,-0.000754957807204395,0.0464,17
"individual",14,0,0,0.1,0.000582716914257553,0.0482,17
"individual",15,0,0,0.1,0.00064247871298725,0.0489,17
"individual",16,0,0,0.1,8.29489454724517e-05,0.0479,17
"individual",17,0,0,0.1,0.000483730300422464,0.0502,17
"individual",18,0,0,0.1,0.000184675249175853,0.0515,17
"individual",19,0,0,0.1,0.000280934493054963,0.0522,17
"individual",20,0,0,0.1,0.000481232869555268,0.0537,17
"individual",2,0,0,0.1,0.0145802194801892,0.0499,18
"individual",3,0,0,0.1,-1.70262711805524e-05,0.048,18
"individual",4,0,0,0.1,-0.00087204362420325,0.0481,18
"individual",5,0,0,0.1,-0.00217521634345033,0.0486,18
"individual",6,0,0,0.1,-0.00135374651048902,0.0493,18
"individual",7,0,0,0.1,-0.00322989752906494,0.0483,18
"individual",8,0,0,0.1,-0.00316888046754055,0.0495,18
"individual",9,0,0,0.1,-0.00314747916530731,0.0484,18
"individual",10,0,0,0.1,-0.00192744687256592,0.0475,18
"individual",11,0,0,0.1,-0.0017543143153918,0.0495,18
"individual",12,0,0,0.1,-0.000990357968318564,0.0472,18
"individual",13,0,0,0.1,-0.000885455594534649,0.0474,18
"individual",14,0,0,0.1,-0.000319061644295165,0.0483,18
"individual",15,0,0,0.1,0.000216030722945793,0.0502,18
"individual",16,0,0,0.1,-6.42416190697894e-05,0.0486,18
"individual",17,0,0,0.1,0.000401667091463725,0.0478,18
"individual",18,0,0,0.1,-0.000396910511775636,0.0511,18
"individual",19,0,0,0.1,-0.000281176544737958,0.0506,18
"individual",20,0,0,0.1,0.000328965975321448,0.0499,18
"individual",2,0,0,0.1,-0.000665278574602695,0.0528,19
"individual",3,0,0,0.1,-0.00601473993503703,0.0549,19
"individual",4,0,0,0.1,-0.00436685637064505,0.0524,19
"individual",5,0,0,0.1,-0.00275054779409779,0.0495,19
"individual",6,0,0,0.1,-0.00199329120856921,0.0492,19
"individual",7,0,0,0.1,-0.000795447244557424,0.0491,19
"individual",8,0,0,0.1,-0.000325698860759165,0.0494,19
"individual",9,0,0,0.1,-0.00185804214127332,0.0474,19
"individual",10,0,0,0.1,-0.00272025440606405,0.0471,19
"individual",11,0,0,0.1,-0.00246568084190078,0.0488,19
"individual",12,0,0,0.1,-0.00276334604262153,0.0482,19
"individual",13,0,0,0.1,-0.00203686340815749,0.048,19
"individual",14,0,0,0.1,-0.00172103299443535,0.0484,19
"individual",15,0,0,0.1,-0.00218209261046237,0.0484,19
"individual",16,0,0,0.1,-0.00257524449182274,0.049,19
"individual",17,0,0,0.1,-0.00285312462335637,0.0502,19
"individual",18,0,0,0.1,-0.00277761975904305,0.0496,19
"individual",19,0,0,0.1,-0.00234092185998856,0.0519,19
"individual",20,0,0,0.1,-0.00198046323777015,0.0496,19
"individual",2,0,0,0.1,-0.0137350701987615,0.0498,20
"individual",3,0,0,0.1,-0.0160978473571646,0.0509,20
"individual",4,0,0,0.1,-0.00479389652044222,0.0508,20
"individual",5,0,0,0.1,-0.00525960905257711,0.049,20
"individual",6,0,0,0.1,-0.00301862778040626,0.0474,20
"individual",7,0,0,0.1,-0.000148828688042568,0.0504,20
"individual",8,0,0,0.1,3.78880697845831e-05,0.0542,20
"individual",9,0,0,0.1,-0.000459557277284628,0.0534,20
"individual",10,0,0,0.1,-0.000965242325132471,0.0502,20
"individual",11,0,0,0.1,-0.000561044555404157,0.0505,20
"individual",12,0,0,0.1,-0.000903550300361827,0.0511,20
"individual",13,0,0,0.1,-0.00133036153994811,0.05,20
"individual",14,0,0,0.1,-0.00144159477820608,0.0502,20
"individual",15,0,0,0.1,-0.00142536772039631,0.0511,20
"individual",16,0,0,0.1,-0.00129633391007179,0.0502,20
"individual",17,0,0,0.1,-0.00144727401667865,0.0517,20
"individual",18,0,0,0.1,-0.00077183334979577,0.05,20
"individual",19,0,0,0.1,-0.000755211174125921,0.0504,20
"individual",20,0,0,0.1,-0.000346131497656205,0.0493,20
"opposite",2,0,0,0.1,0.0154313802799445,0.0303,1
"opposite",3,0,0,0.1,0.00418593009358038,0.0354,1
"opposite",4,0,0,0.1,-0.00336108334308535,0.0316,1
"opposite",5,0,0,0.1,-0.00220144511791379,0.033,1
"opposite",6,0,0,0.1,-0.00188718014149477,0.0273,1
"opposite",7,0,0,0.1,-0.000924543602750146,0.0317,1
"opposite",8,0,0,0.1,-5.27836014104054e-05,0.0268,1
"opposite",9,0,0,0.1,-0.000726745915444031,0.0311,1
"opposite",10,0,0,0.1,0.000458186195157211,0.03,1
"opposite",11,0,0,0.1,0.00170769417365281,0.0315,1
"opposite",12,0,0,0.1,0.00185894234766108,0.0302,1
"opposite",13,0,0,0.1,0.00130872497747348,0.0315,1
"opposite",14,0,0,0.1,0.00104022921989114,0.0294,1
"opposite",15,0,0,0.1,0.000663759686710636,0.0316,1
"opposite",16,0,0,0.1,0.000788562228363703,0.0313,1
"opposite",17,0,0,0.1,0.000573341669409469,0.0293,1
"opposite",18,0,0,0.1,0.000481482168902299,0.0312,1
"opposite",19,0,0,0.1,0.000583603371052096,0.0304,1
"opposite",20,0,0,0.1,0.000264599331791448,0.0275,1
"opposite",2,0,0,0.1,0.00396216515205007,0.0299,2
"opposite",3,0,0,0.1,-0.004662112332316,0.0337,2
"opposite",4,0,0,0.1,-0.00293104727310298,0.0286,2
"opposite",5,0,0,0.1,-0.0014184345912923,0.0363,2
"opposite",6,0,0,0.1,-0.000699539501303526,0.0303,2
"opposite",7,0,0,0.1,-0.000890193306173171,0.0365,2
"opposite",8,0,0,0.1,-0.00163337752121893,0.0289,2
"opposite",9,0,0,0.1,-0.00106020124023088,0.0338,2
"opposite",10,0,0,0.1,-0.000714029234245521,0.0289,2
"opposite",11,0,0,0.1,-0.00120129630796405,0.0311,2
"opposite",12,0,0,0.1,-0.000966742186796629,0.0281,2
"opposite",13,0,0,0.1,-0.000784391023021141,0.031,2
"opposite",14,0,0,0.1,-0.000787436117395215,0.0283,2
"opposite",15,0,0,0.1,-0.000849746554075151,0.0311,2
"opposite",16,0,0,0.1,-0.000981541425355371,0.0285,2
"opposite",17,0,0,0.1,-0.000699714951075045,0.0313,2
"opposite",18,0,0,0.1,-0.000501234503805562,0.0295,2
"opposite",19,0,0,0.1,-0.000325733565481106,0.0308,2
"opposite",20,0,0,0.1,-0.000202891655181594,0.0291,2
"opposite",2,0,0,0.1,-0.0137159516049187,0.0269,3
"opposite",3,0,0,0.1,-0.00620902764373031,0.0353,3
"opposite",4,0,0,0.1,-0.00242465548922575,0.0309,3
"opposite",5,0,0,0.1,-0.00132503059433892,0.0351,3
"opposite",6,0,0,0.1,0.00022938523337387,0.0301,3
"opposite",7,0,0,0.1,0.0010246027168524,0.0322,3
"opposite",8,0,0,0.1,0.00210086864857191,0.0312,3
"opposite",9,0,0,0.1,0.00155489872682477,0.032,3
"opposite",10,0,0,0.1,0.00106785475361701,0.0299,3
"opposite",11,0,0,0.1,0.000632877012572976,0.031,3
"opposite",12,0,0,0.1,4.42018628926413e-05,0.0292,3
"opposite",13,0,0,0.1,-0.000773939152754646,0.0299,3
"opposite",14,0,0,0.1,-0.000964876260896738,0.0279,3
"opposite",15,0,0,0.1,-0.000787161282533164,0.0304,3
"opposite",16,0,0,0.1,-0.000989050048539646,0.0292,3
"opposite",17,0,0,0.1,-0.000764419737550254,0.0312,3
"opposite",18,0,0,0.1,-0.000871593481135363,0.0304,3
"opposite",19,0,0,0.1,-0.000390920514525709,0.0322,3
"opposite",20,0,0,0.1,-9.97363829928049e-05,0.0306,3
"opposite",2,0,0,0.1,-0.0204997579672218,0.0299,4
"opposite",3,0,0,0.1,-0.012448791145408,0.0362,4
"opposite",4,0,0,0.1,-0.00904997874826968,0.0289,4
"opposite",5,0,0,0.1,-0.00631517897143265,0.0329,4
"opposite",6,0,0,0.1,-0.00224336545105071,0.0306,4
"opposite",7,0,0,0.1,-0.000715224039772208,0.0336,4
"opposite",8,0,0,0.1,-0.000452612042867924,0.0279,4
"opposite",9,0,0,0.1,0.000550377057831504,0.0305,4
"opposite",10,0,0,0.1,0.00131665297977568,0.0294,4
"opposite",11,0,0,0.1,0.00210268703596708,0.0319,4
"opposite",12,0,0,0.1,0.00116073786596643,0.0299,4
"opposite",13,0,0,0.1,0.000209450955908505,0.0331,4
"opposite",14,0,0,0.1,6.83548940580616e-06,0.0298,4
"opposite",15,0,0,0.1,-0.000359466176000825,0.03,4
"opposite",16,0,0,0.1,-0.000313781937111579,0.0295,4
"opposite",17,0,0,0.1,-0.000380967432957841,0.0304,4
"opposite",18,0,0,0.1,-0.000483467873663932,0.0283,4
"opposite",19,0,0,0.1,-0.000562964089933545,0.0323,4
"opposite",20,0,0,0.1,-0.00032561134764261,0.0299,4
"opposite",2,0,0,0.1,0.00993625093803189,0.032,5
"opposite",3,0,0,0.1,0.00542703832590164,0.0376,5
"opposite",4,0,0,0.1,0.00366379272775799,0.0293,5
"opposite",5,0,0,0.1,0.00119212796137345,0.0352,5
"opposite",6,0,0,0.1,-0.000579825735167807,0.0291,5
"opposite",7,0,0,0.1,-0.000858904857995646,0.0311,5
"opposite",8,0,0,0.1,-0.000918254330649675,0.0289,5
"opposite",9,0,0,0.1,-0.00178084714039939,0.0305,5
"opposite",10,0,0,0.1,-0.00050236974267625,0.0308,5
"opposite",11,0,0,0.1,-0.000860594982643141,0.0304,5
"opposite",12,0,0,0.1,-0.000191341047383024,0.0277,5
"opposite",13,0,0,0.1,0.000120485577782642,0.0325,5
"opposite",14,0,0,0.1,0.000299674787671682,0.0283,5
"opposite",15,0,0,0.1,0.000498848703834226,0.0306,5
"opposite",16,0,0,0.1,0.0006251785792463,0.0294,5
"opposite",17,0,0,0.1,0.000148171367952343,0.0301,5
"opposite",18,0,0,0.1,0.000321393093669614,0.0289,5
"opposite",19,0,0,0.1,0.000183564820350558,0.0303,5
"opposite",20,0,0,0.1,0.000332813050988964,0.0275,5
"opposite",2,0,0,0.1,-0.00466851701552832,0.0292,6
"opposite",3,0,0,0.1,0.00407397807366499,0.0361,6
"opposite",4,0,0,0.1,0.00128111267541926,0.0298,6
"opposite",5,0,0,0.1,-0.00112762857496746,0.0331,6
"opposite",6,0,0,0.1,-0.00162229676799671,0.0288,6
"opposite",7,0,0,0.1,-0.00105907528428918,0.0343,6
"opposite",8,0,0,0.1,-0.00238515241333571,0.0282,6
"opposite",9,0,0,0.1,-0.00220469425987685,0.0339,6
"opposite",10,0,0,0.1,-0.00189350634577102,0.0285,6
"opposite",11,0,0,0.1,-0.00140488643195208,0.0293,6
"opposite",12,0,0,0.1,-0.000646603395971322,0.0298,6
"opposite",13,0,0,0.1,-0.000971023465702258,0.0312,6
"opposite",14,0,0,0.1,-0.00104629419568902,0.028,6
"opposite",15,0,0,0.1,-0.000800863256111659,0.0293,6
"opposite",16,0,0,0.1,-0.000528711690231394,0.0293,6
"opposite",17,0,0,0.1,-0.000794019230607851,0.0326,6
"opposite",18,0,0,0.1,-0.000485925635767772,0.0311,6
"opposite",19,0,0,0.1,-0.000193386192629428,0.0315,6
"opposite",20,0,0,0.1,-7.81236567010003e-05,0.0292,6
"opposite",2,0,0,0.1,0.00520511238844457,0.0298,7
"opposite",3,0,0,0.1,-0.00208987197629447,0.0356,7
"opposite",4,0,0,0.1,-0.00194626918210493,0.0307,7
"opposite",5,0,0,0.1,-0.00289207710940982,0.0366,7
"opposite",6,0,0,0.1,-0.0034319156604971,0.0277,7
"opposite",7,0,0,0.1,-0.00229160518827755,0.0322,7
"opposite",8,0,0,0.1,-0.00193399612444897,0.0272,7
"opposite",9,0,0,0.1,-0.000159748553694614,0.0293,7
"opposite",10,0,0,0.1,-0.000294093180657152,0.0262,7
"opposite",11,0,0,0.1,-1.07793692727645e-05,0.0286,7
"opposite",12,0,0,0.1,-0.000501113013074332,0.0254,7
"opposite",13,0,0,0.1,-0.000572210935548435,0.0285,7
"opposite",14,0,0,0.1,-0.000531513222328443,0.0277,7
"opposite",15,0,0,0.1,-0.000390227381094705,0.0294,7
"opposite",16,0,0,0.1,-0.000701131664462901,0.029,7
"opposite",17,0,0,0.1,-0.000335972506834393,0.0293,7
"opposite",18,0,0,0.1,-0.000157295836203346,0.0276,7
"opposite",19,0,0,0.1,-0.00015371198141685,0.0292,7
"opposite",20,0,0,0.1,0.000139888989681748,0.0286,7
"opposite",2,0,0,0.1,0.0336848048122967,0.0291,8
"opposite",3,0,0,0.1,0.00714882191702931,0.0388,8
"opposite",4,0,0,0.1,-4.37998186848844e-05,0.0313,8
"opposite",5,0,0,0.1,-0.00223559051716542,0.0317,8
"opposite",6,0,0,0.1,0.000336025749999396,0.0295,8
"opposite",7,0,0,0.1,0.00142168263369792,0.0339,8
"opposite",8,0,0,0.1,0.00222297137120417,0.0278,8
"opposite",9,0,0,0.1,0.00174431457426215,0.0306,8
"opposite",10,0,0,0.1,0.00129317201103836,0.0281,8
"opposite",11,0,0,0.1,0.00108426637569415,0.0288,8
"opposite",12,0,0,0.1,-5.58519039427171e-05,0.0265,8
"opposite",13,0,0,0.1,-0.000331298331388106,0.0304,8
"opposite",14,0,0,0.1,-6.98607247229069e-05,0.0262,8
"opposite",15,0,0,0.1,0.000136278023949238,0.0277,8
"opposite",16,0,0,0.1,0.000349667977802652,0.0272,8
"opposite",17,0,0,0.1,0.000558236017767701,0.0289,8
"opposite",18,0,0,0.1,0.000245026576087066,0.0288,8
"opposite",19,0,0,0.1,0.000347221365845491,0.0315,8
"opposite",20,0,0,0.1,0.000505913196933037,0.0271,8
"opposite",2,0,0,0.1,-0.0126680204111121,0.0301,9
"opposite",3,0,0,0.1,-0.00988695980723687,0.0366,9
"opposite",4,0,0,0.1,-0.00467722534880538,0.0307,9
"opposite",5,0,0,0.1,-0.00126418536461783,0.036,9
"opposite",6,0,0,0.1,-0.00276417369948683,0.0283,9
"opposite",7,0,0,0.1,-0.00329842933699968,0.0333,9
"opposite",8,0,0,0.1,-0.00318144484998727,0.0292,9
"opposite",9,0,0,0.1,-0.00284567016276912,0.0335,9
"opposite",10,0,0,0.1,-0.00344741762746987,0.0307,9
"opposite",11,0,0,0.1,-0.00255071090853128,0.0325,9
"opposite",12,0,0,0.1,-0.00219272907168177,0.0296,9
"opposite",13,0,0,0.1,-0.00157574683419158,0.0325,9
"opposite",14,0,0,0.1,-0.00097040651300141,0.0292,9
"opposite",15,0,0,0.1,-0.000856533136238542,0.0345,9
"opposite",16,0,0,0.1,-0.000850771713229799,0.0288,9
"opposite",17,0,0,0.1,-0.000497659758045151,0.03,9
"opposite",18,0,0,0.1,-0.000326756035643143,0.0305,9
"opposite",19,0,0,0.1,-0.000258898472698575,0.0321,9
"opposite",20,0,0,0.1,-0.000504540507083357,0.0293,9
"opposite",2,0,0,0.1,-0.00366410263165044,0.0297,10
"opposite",3,0,0,0.1,-0.00716917730469195,0.0347,10
"opposite",4,0,0,0.1,-0.0064476881666105,0.0311,10
"opposite",5,0,0,0.1,-0.00406769123237529,0.0339,10
"opposite",6,0,0,0.1,-0.00281639775298938,0.0273,10
"opposite",7,0,0,0.1,-0.00320793164803889,0.0322,10
"opposite",8,0,0,0.1,-0.0034701097778029,0.0284,10
"opposite",9,0,0,0.1,-0.00349903681411182,0.0302,10
"opposite",10,0,0,0.1,-0.0026031709957887,0.0298,10
"opposite",11,0,0,0.1,-0.00255457517251526,0.0315,10
"opposite",12,0,0,0.1,-0.00206305902902956,0.0291,10
"opposite",13,0,0,0.1,-0.00208997901492485,0.0306,10
"opposite",14,0,0,0.1,-0.00213752069454045,0.0297,10
"opposite",15,0,0,0.1,-0.00230188477199712,0.0323,10
"opposite",16,0,0,0.1,-0.00201812532046366,0.0293,10
"opposite",17,0,0,0.1,-0.00160233968918388,0.0317,10
"opposite",18,0,0,0.1,-0.00152500058352559,0.0289,10
"opposite",19,0,0,0.1,-0.00159281999024117,0.0311,10
"opposite",20,0,0,0.1,-0.00121540466445769,0.0307,10
"opposite",2,0,0,0.1,-0.00486325876983095,0.0251,11
"opposite",3,0,0,0.1,-0.00681643315298084,0.0331,11
"opposite",4,0,0,0.1,-0.00484845416121197,0.0264,11
"opposite",5,0,0,0.1,-0.00354702709321282,0.033,11
"opposite",6,0,0,0.1,-0.00160870691034744,0.0273,11
"opposite",7,0,0,0.1,-0.000540527927133398,0.0325,11
"opposite",8,0,0,0.1,-0.00172487657202263,0.0273,11
"opposite",9,0,0,0.1,-0.00113495433329698,0.0329,11
"opposite",10,0,0,0.1,-0.00178716180179241,0.0264,11
"opposite",11,0,0,0.1,0.000153248451780413,0.0286,11
"opposite",12,0,0,0.1,0.000327551393438012,0.0305,11
"opposite",13,0,0,0.1,0.00113587733739041,0.0308,11
"opposite",14,0,0,0.1,0.00134800296147293,0.0285,11
"opposite",15,0,0,0.1,0.000944387733037613,0.0321,11
"opposite",16,0,0,0.1,0.000537654517174171,0.0254,11
"opposite",17,0,0,0.1,0.0010269886002025,0.03,11
"opposite",18,0,0,0.1,0.00101328313381846,0.0283,11
"opposite",19,0,0,0.1,0.000790569438115269,0.0286,11
"opposite",20,0,0,0.1,0.00126339227666855,0.0295,11
"opposite",2,0,0,0.1,-0.00436841096949669,0.0279,12
"opposite",3,0,0,0.1,0.00812909856340439,0.0357,12
"opposite",4,0,0,0.1,0.00486335615225856,0.0279,12
"opposite",5,0,0,0.1,0.00473993901834461,0.0334,12
"opposite",6,0,0,0.1,0.00181204742324921,0.0272,12
"opposite",7,0,0,0.1,0.00236542967969448,0.0316,12
"opposite",8,0,0,0.1,0.0010648754847211,0.031,12
"opposite",9,0,0,0.1,0.00147008016617462,0.0313,12
"opposite",10,0,0,0.1,0.00173018908251678,0.0296,12
"opposite",11,0,0,0.1,0.00194015017485955,0.0318,12
"opposite",12,0,0,0.1,0.00110880854485658,0.0315,12
"opposite",13,0,0,0.1,0.00110341611933363,0.0326,12
"opposite",14,0,0,0.1,0.00078558761927761,0.0293,12
"opposite",15,0,0,0.1,0.000498409749436998,0.0288,12
"opposite",16,0,0,0.1,0.00044358363240265,0.0274,12
"opposite",17,0,0,0.1,1.18368690101445e-05,0.0282,12
"opposite",18,0,0,0.1,8.9500771379197e-05,0.0288,12
"opposite",19,0,0,0.1,-9.04469543730692e-05,0.0282,12
"opposite",20,0,0,0.1,-0.000272504833850827,0.0288,12
"opposite",2,0,0,0.1,-0.0138901159361183,0.0275,13
"opposite",3,0,0,0.1,-0.00449780482689384,0.0344,13
"opposite",4,0,0,0.1,0.00267697694048761,0.0269,13
"opposite",5,0,0,0.1,-0.000913268453729044,0.0341,13
"opposite",6,0,0,0.1,-0.00154105816954755,0.0273,13
"opposite",7,0,0,0.1,-0.00200661179918567,0.0303,13
"opposite",8,0,0,0.1,-0.00190238170055673,0.0265,13
"opposite",9,0,0,0.1,-0.00241438505051041,0.0313,13
"opposite",10,0,0,0.1,-0.00130979051026708,0.0287,13
"opposite",11,0,0,0.1,-0.000951966672219093,0.0314,13
"opposite",12,0,0,0.1,-0.00102283083746642,0.0289,13
"opposite",13,0,0,0.1,-0.00126670861977003,0.0312,13
"opposite",14,0,0,0.1,-0.00157150667425216,0.0298,13
"opposite",15,0,0,0.1,-0.00111467518013145,0.0329,13
"opposite",16,0,0,0.1,-0.000221778119210857,0.0286,13
"opposite",17,0,0,0.1,-9.20910922825597e-05,0.0294,13
"opposite",18,0,0,0.1,-0.000431209440806813,0.0299,13
"opposite",19,0,0,0.1,4.22269297449481e-05,0.0297,13
"opposite",20,0,0,0.1,-2.22487463952517e-05,0.0273,13
"opposite",2,0,0,0.1,-0.0100726622970533,0.0321,14
"opposite",3,0,0,0.1,-0.0069796882602421,0.0364,14
"opposite",4,0,0,0.1,-0.0073392435534112,0.0291,14
"opposite",5,0,0,0.1,-0.00472528887467204,0.0353,14
"opposite",6,0,0,0.1,-0.00320830256512791,0.0307,14
"opposite",7,0,0,0.1,-0.0021597064418357,0.0334,14
"opposite",8,0,0,0.1,-0.000410694899827901,0.0277,14
"opposite",9,0,0,0.1,-7.32552649254105e-05,0.0317,14
"opposite",10,0,0,0.1,-0.00059290109266723,0.0322,14
"opposite",11,0,0,0.1,-0.000745183934932491,0.0322,14
"opposite",12,0,0,0.1,-0.00140406133818814,0.0296,14
"opposite",13,0,0,0.1,-0.000328878120879412,0.0323,14
"opposite",14,0,0,0.1,-0.000482947672761685,0.0296,14
"opposite",15,0,0,0.1,-0.000155773624616651,0.0291,14
"opposite",16,0,0,0.1,-0.000711251281906313,0.029,14
"opposite",17,0,0,0.1,-0.000548952138511963,0.0286,14
"opposite",18,0,0,0.1,-0.0010851802843357,0.0272,14
"opposite",19,0,0,0.1,-0.000779486043981361,0.0316,14
"opposite",20,0,0,0.1,-0.000510949443580165,0.031,14
"opposite",2,0,0,0.1,-0.0170756988761041,0.0292,15
"opposite",3,0,0,0.1,0.00704144469663981,0.0382,15
"opposite",4,0,0,0.1,-0.0005707909123649,0.0282,15
"opposite",5,0,0,0.1,0.000839213411014485,0.0331,15
"opposite",6,0,0,0.1,0.000947951041156314,0.0297,15
"opposite",7,0,0,0.1,-0.00111429933048274,0.0315,15
"opposite",8,0,0,0.1,0.000162371141413947,0.0282,15
"opposite",9,0,0,0.1,-0.000392836391867459,0.0336,15
"opposite",10,0,0,0.1,-0.000353320264279845,0.0303,15
"opposite",11,0,0,0.1,2.76580832099536e-06,0.0312,15
"opposite",12,0,0,0.1,0.000394464115298874,0.0279,15
"opposite",13,0,0,0.1,-0.000491679046006003,0.0333,15
"opposite",14,0,0,0.1,-0.000725138024600548,0.0294,15
"opposite",15,0,0,0.1,0.000229863357641124,0.0319,15
"opposite",16,0,0,0.1,-0.000588931062541033,0.0294,15
"opposite",17,0,0,0.1,-0.000721765310396057,0.029,15
"opposite",18,0,0,0.1,-0.00079543723792407,0.0286,15
"opposite",19,0,0,0.1,-0.000598195715532142,0.0291,15
"opposite",20,0,0,0.1,-0.001169797611196,0.0307,15
"opposite",2,0,0,0.1,0.00610476857979664,0.0295,16
"opposite",3,0,0,0.1,-0.00719783219879642,0.0351,16
"opposite",4,0,0,0.1,-0.00714050961595284,0.0307,16
"opposite",5,0,0,0.1,-0.00793943140507159,0.0319,16
"opposite",6,0,0,0.1,-0.00468151471858257,0.0277,16
"opposite",7,0,0,0.1,-0.00376182594969227,0.0324,16
"opposite",8,0,0,0.1,-0.00418753943110667,0.0285,16
"opposite",9,0,0,0.1,-0.00318955509721966,0.0299,16
"opposite",10,0,0,0.1,-0.00101211359023884,0.0288,16
"opposite",11,0,0,0.1,-0.000720283978155044,0.0301,16
"opposite",12,0,0,0.1,-0.000405912386229944,0.0271,16
"opposite",13,0,0,0.1,-0.000267944463962932,0.0312,16
"opposite",14,0,0,0.1,5.16411646200325e-05,0.0292,16
"opposite",15,0,0,0.1,0.000535107902376058,0.0305,16
"opposite",16,0,0,0.1,0.00103948637704217,0.0279,16
"opposite",17,0,0,0.1,0.000725228656978318,0.0326,16
"opposite",18,0,0,0.1,0.000119904154983819,0.0298,16
"opposite",19,0,0,0.1,0.000223544692582316,0.0308,16
"opposite",20,0,0,0.1,0.000398073228543029,0.0282,16
"opposite",2,0,0,0.1,-0.00359315448253583,0.0305,17
"opposite",3,0,0,0.1,-0.00493875108687852,0.0369,17
"opposite",4,0,0,0.1,-0.00019362135406913,0.0305,17
"opposite",5,0,0,0.1,0.00220494894851184,0.0334,17
"opposite",6,0,0,0.1,-2.18517231210565e-05,0.0306,17
"opposite",7,0,0,0.1,-0.000163572975708451,0.0307,17
"opposite",8,0,0,0.1,0.000455354501868744,0.0284,17
"opposite",9,0,0,0.1,0.0011677078507125,0.0323,17
"opposite",10,0,0,0.1,0.00108964794263223,0.0294,17
"opposite",11,0,0,0.1,0.000277568281892807,0.0314,17
"opposite",12,0,0,0.1,0.000138609784177486,0.0306,17
"opposite",13,0,0,0.1,-0.000196520353147217,0.0307,17
"opposite",14,0,0,0.1,0.00110026227559499,0.0276,17
"opposite",15,0,0,0.1,0.00086007974454319,0.0294,17
"opposite",16,0,0,0.1,0.000373118701370538,0.0292,17
"opposite",17,0,0,0.1,0.000797379484173197,0.0313,17
"opposite",18,0,0,0.1,0.000474211302089677,0.03,17
"opposite",19,0,0,0.1,0.000413402504958005,0.0294,17
"opposite",20,0,0,0.1,0.000735990680609045,0.0297,17
"opposite",2,0,0,0.1,0.0145802194801892,0.0291,18
"opposite",3,0,0,0.1,0.00120948137998299,0.037,18
"opposite",4,0,0,0.1,-0.000398235069484224,0.0291,18
"opposite",5,0,0,0.1,-0.00241509974126554,0.0335,18
"opposite",6,0,0,0.1,-0.000941218344864068,0.0285,18
"opposite",7,0,0,0.1,-0.00348401312439766,0.0314,18
"opposite",8,0,0,0.1,-0.00363782218738378,0.0305,18
"opposite",9,0,0,0.1,-0.00338771956403132,0.0278,18
"opposite",10,0,0,0.1,-0.00226922094242151,0.0261,18
"opposite",11,0,0,0.1,-0.00214730405807071,0.0312,18
"opposite",12,0,0,0.1,-0.00203816567666645,0.0293,18
"opposite",13,0,0,0.1,-0.00150296257354569,0.0296,18
"opposite",14,0,0,0.1,-0.00080634351251151,0.0297,18
"opposite",15,0,0,0.1,-0.000179753109202824,0.03,18
"opposite",16,0,0,0.1,-0.000341581698611315,0.0281,18
"opposite",17,0,0,0.1,-0.00018504042977091,0.0303,18
"opposite",18,0,0,0.1,-0.00063891882501602,0.0305,18
"opposite",19,0,0,0.1,-0.000610398069747637,0.031,18
"opposite",20,0,0,0.1,-0.000204709170251318,0.0293,18
"opposite",2,0,0,0.1,-0.000665278574602695,0.0281,19
"opposite",3,0,0,0.1,-0.00556562918865432,0.0387,19
"opposite",4,0,0,0.1,-0.00389604698511888,0.0297,19
"opposite",5,0,0,0.1,-0.00355357296599332,0.0305,19
"opposite",6,0,0,0.1,-0.00199883319258327,0.0279,19
"opposite",7,0,0,0.1,-0.000153366931842735,0.0322,19
"opposite",8,0,0,0.1,-0.000360916269143218,0.0303,19
"opposite",9,0,0,0.1,-0.00154950972813622,0.0324,19
"opposite",10,0,0,0.1,-0.00282953108269817,0.0308,19
"opposite",11,0,0,0.1,-0.00242526557110475,0.031,19
"opposite",12,0,0,0.1,-0.00254600558298407,0.0295,19
"opposite",13,0,0,0.1,-0.00173349004562023,0.031,19
"opposite",14,0,0,0.1,-0.00169434211268893,0.0287,19
"opposite",15,0,0,0.1,-0.00203219733474758,0.0288,19
"opposite",16,0,0,0.1,-0.0025757266932029,0.0281,19
"opposite",17,0,0,0.1,-0.00276684179579004,0.0313,19
"opposite",18,0,0,0.1,-0.0026800236866698,0.0323,19
"opposite",19,0,0,0.1,-0.00227691489797055,0.0325,19
"opposite",20,0,0,0.1,-0.00192084402188271,0.0332,19
"opposite",2,0,0,0.1,-0.0137350701987615,0.0278,20
"opposite",3,0,0,0.1,-0.0154171085284358,0.0351,20
"opposite",4,0,0,0.1,-0.00593676976292112,0.029,20
"opposite",5,0,0,0.1,-0.0052007260873367,0.0326,20
"opposite",6,0,0,0.1,-0.0034255862149547,0.0278,20
"opposite",7,0,0,0.1,-5.89271167930932e-05,0.0324,20
"opposite",8,0,0,0.1,0.000698282364345813,0.0281,20
"opposite",9,0,0,0.1,-4.32247589254851e-05,0.0309,20
"opposite",10,0,0,0.1,-0.000408421151559331,0.03,20
"opposite",11,0,0,0.1,-0.00023622133968188,0.0323,20
"opposite",12,0,0,0.1,-0.00068247442840096,0.0295,20
"opposite",13,0,0,0.1,-0.00112516470964327,0.0309,20
"opposite",14,0,0,0.1,-0.00146373976553204,0.0319,20
"opposite",15,0,0,0.1,-0.00144949402547068,0.0315,20
"opposite",16,0,0,0.1,-0.00124648170264284,0.0293,20
"opposite",17,0,0,0.1,-0.00137974108926745,0.0296,20
"opposite",18,0,0,0.1,-0.00076350623570643,0.0276,20
"opposite",19,0,0,0.1,-0.00058398250307184,0.0309,20
"opposite",20,0,0,0.1,-0.000454085478478183,0.0276,20
"individual",2,0,0,0.2,0.0156204756110574,0.0514,1
"individual",3,0,0,0.2,0.00315862607663168,0.0515,1
"individual",4,0,0,0.2,-0.00234836850580337,0.0509,1
"individual",5,0,0,0.2,-0.00263108284786597,0.0527,1
"individual",6,0,0,0.2,-0.00194493481081196,0.0523,1
"individual",7,0,0,0.2,0.000120874356430102,0.0483,1
"individual",8,0,0,0.2,9.33035504873868e-05,0.0522,1
"individual",9,0,0,0.2,-0.000402422139389074,0.05,1
"individual",10,0,0,0.2,0.000434897590925258,0.0509,1
"individual",11,0,0,0.2,0.00184153966423149,0.0503,1
"individual",12,0,0,0.2,0.00151098653219113,0.0523,1
"individual",13,0,0,0.2,0.0014547439247355,0.0502,1
"individual",14,0,0,0.2,0.000795703662751454,0.0511,1
"individual",15,0,0,0.2,0.000951441888673379,0.0511,1
"individual",16,0,0,0.2,0.000758097795230133,0.05,1
"individual",17,0,0,0.2,0.000406395489592913,0.0501,1
"individual",18,0,0,0.2,0.000506961967310599,0.0483,1
"individual",19,0,0,0.2,0.000620383017242351,0.0508,1
"individual",20,0,0,0.2,0.000370365548614778,0.0491,1
"individual",2,0,0,0.2,0.00695200196049155,0.0489,2
"individual",3,0,0,0.2,-0.00336093085805907,0.0486,2
"individual",4,0,0,0.2,-0.00294002203424284,0.049,2
"individual",5,0,0,0.2,-0.00151770771818037,0.0493,2
"individual",6,0,0,0.2,-0.00180603143469581,0.0524,2
"individual",7,0,0,0.2,0.000524289092328279,0.05,2
"individual",8,0,0,0.2,-0.000575229061956882,0.0496,2
"individual",9,0,0,0.2,-0.00068501186647407,0.0508,2
"individual",10,0,0,0.2,-3.20612433167303e-05,0.0512,2
"individual",11,0,0,0.2,-0.000854614076450804,0.05,2
"individual",12,0,0,0.2,-0.000543132527840922,0.0479,2
"individual",13,0,0,0.2,-0.000965035293848744,0.0486,2
"individual",14,0,0,0.2,-0.0010714389589934,0.0494,2
"individual",15,0,0,0.2,-0.000956445737464373,0.0512,2
"individual",16,0,0,0.2,-0.000951970959151272,0.0494,2
"individual",17,0,0,0.2,-0.000900751915191873,0.0516,2
"individual",18,0,0,0.2,-0.000688650682425531,0.0511,2
"individual",19,0,0,0.2,-0.000407880531160923,0.0495,2
"individual",20,0,0,0.2,-0.000203348705652983,0.0501,2
"individual",2,0,0,0.2,-0.014672535385298,0.0507,3
"individual",3,0,0,0.2,-0.00593901428362645,0.0501,3
"individual",4,0,0,0.2,-0.00195702780172615,0.0511,3
"individual",5,0,0,0.2,-0.000769808879455533,0.0553,3
"individual",6,0,0,0.2,0.00167195903728344,0.0507,3
"individual",7,0,0,0.2,0.0010026277838025,0.0544,3
"individual",8,0,0,0.2,0.00273764874412356,0.0527,3
"individual",9,0,0,0.2,0.00226897592354823,0.0496,3
"individual",10,0,0,0.2,0.00228112715418466,0.0477,3
"individual",11,0,0,0.2,0.00146529869824273,0.047,3
"individual",12,0,0,0.2,0.000794440584562535,0.0488,3
"individual",13,0,0,0.2,-0.000267430353467681,0.0512,3
"individual",14,0,0,0.2,-0.000435323356508019,0.0487,3
"individual",15,0,0,0.2,-0.000392547084442595,0.0485,3
"individual",16,0,0,0.2,-0.000368517985496678,0.0488,3
"individual",17,0,0,0.2,-0.000283446917887687,0.047,3
"individual",18,0,0,0.2,-0.000754198695750825,0.0526,3
"individual",19,0,0,0.2,-1.65664177466741e-05,0.0519,3
"individual",20,0,0,0.2,0.000175124849775854,0.0526,3
"individual",2,0,0,0.2,-0.0223458120556746,0.0498,4
"individual",3,0,0,0.2,-0.0120622101638264,0.0505,4
"individual",4,0,0,0.2,-0.00840446693646582,0.0501,4
"individual",5,0,0,0.2,-0.00524054121172568,0.0486,4
"individual",6,0,0,0.2,-0.000932479844317967,0.0467,4
"individual",7,0,0,0.2,-0.000187916847703356,0.0493,4
"individual",8,0,0,0.2,-0.000181660401658728,0.0494,4
"individual",9,0,0,0.2,0.000751106023816199,0.0488,4
"individual",10,0,0,0.2,0.00118077148339384,0.0486,4
"individual",11,0,0,0.2,0.00203352003930523,0.0477,4
"individual",12,0,0,0.2,0.000905553819274488,0.0484,4
"individual",13,0,0,0.2,0.000373468460026338,0.0491,4
"individual",14,0,0,0.2,0.000171713140133736,0.0481,4
"individual",15,0,0,0.2,-0.000247425027925864,0.048,4
"individual",16,0,0,0.2,-6.07034916058597e-05,0.0497,4
"individual",17,0,0,0.2,-0.000361478742230318,0.0483,4
"individual",18,0,0,0.2,-0.000257522432849463,0.0493,4
"individual",19,0,0,0.2,-0.000212711066332422,0.0486,4
"individual",20,0,0,0.2,-1.95750476715672e-05,0.0483,4
"individual",2,0,0,0.2,0.0119474924182133,0.0518,5
"individual",3,0,0,0.2,0.00455289394634312,0.052,5
"individual",4,0,0,0.2,0.00433161491738864,0.0501,5
"individual",5,0,0,0.2,0.000874818048395932,0.05,5
"individual",6,0,0,0.2,-0.00129057527887964,0.0515,5
"individual",7,0,0,0.2,-0.00138383244266017,0.0498,5
"individual",8,0,0,0.2,-0.00149089565009616,0.0509,5
"individual",9,0,0,0.2,-0.0015426742022485,0.0506,5
"individual",10,0,0,0.2,-0.00051579762460255,0.0491,5
"individual",11,0,0,0.2,-0.000909241049180615,0.0483,5
"individual",12,0,0,0.2,-0.000176976052668669,0.0495,5
"individual",13,0,0,0.2,-0.000110272323061357,0.0503,5
"individual",14,0,0,0.2,0.000184557857253513,0.0511,5
"individual",15,0,0,0.2,0.000547976871708407,0.0503,5
"individual",16,0,0,0.2,0.000769998743768429,0.0505,5
"individual",17,0,0,0.2,0.000251138813645957,0.0491,5
"individual",18,0,0,0.2,0.000392646100702772,0.0484,5
"individual",19,0,0,0.2,0.000269206623749032,0.0488,5
"individual",20,0,0,0.2,0.00032176808855095,0.0496,5
"individual",2,0,0,0.2,-0.00674613775574817,0.0503,6
"individual",3,0,0,0.2,0.00379391552222168,0.0491,6
"individual",4,0,0,0.2,0.00106300917558064,0.0517,6
"individual",5,0,0,0.2,-0.00202865325973217,0.0531,6
"individual",6,0,0,0.2,-0.000563880676445392,0.0513,6
"individual",7,0,0,0.2,-0.000573146765389158,0.0509,6
"individual",8,0,0,0.2,-0.00104105688417565,0.0509,6
"individual",9,0,0,0.2,-0.00197289472274665,0.0498,6
"individual",10,0,0,0.2,-0.00148184057302927,0.0494,6
"individual",11,0,0,0.2,-0.0012618618157821,0.0514,6
"individual",12,0,0,0.2,-0.00054142757314362,0.0524,6
"individual",13,0,0,0.2,-0.000893041915518026,0.0513,6
"individual",14,0,0,0.2,-0.000345735189507063,0.0507,6
"individual",15,0,0,0.2,-0.000156278159287958,0.0509,6
"individual",16,0,0,0.2,-0.000509513794234901,0.0504,6
"individual",17,0,0,0.2,-9.75329254967331e-05,0.049,6
"individual",18,0,0,0.2,0.00013585817749195,0.0503,6
"individual",19,0,0,0.2,4.63250053449836e-05,0.0513,6
"individual",20,0,0,0.2,0.000356670370390513,0.0494,6
"individual",2,0,0,0.2,0.00961129429950311,0.0515,7
"individual",3,0,0,0.2,-0.000548489027546542,0.0517,7
"individual",4,0,0,0.2,0.00109905552738874,0.0504,7
"individual",5,0,0,0.2,-0.00221349612892853,0.0502,7
"individual",6,0,0,0.2,-0.00314401472478526,0.0487,7
"individual",7,0,0,0.2,-0.00217941704887379,0.0474,7
"individual",8,0,0,0.2,-0.00198336740737761,0.0497,7
"individual",9,0,0,0.2,-0.000740447135856143,0.051,7
"individual",10,0,0,0.2,-0.000639302431973744,0.0492,7
"individual",11,0,0,0.2,-0.000510256820435493,0.048,7
"individual",12,0,0,0.2,-0.00107805758739662,0.0474,7
"individual",13,0,0,0.2,-0.000867666253920761,0.0462,7
"individual",14,0,0,0.2,-0.00114895143625305,0.0489,7
"individual",15,0,0,0.2,-0.000679153285055709,0.0481,7
"individual",16,0,0,0.2,-0.000727837314383849,0.0503,7
"individual",17,0,0,0.2,-0.000497276735772266,0.0492,7
"individual",18,0,0,0.2,-0.000311270865860756,0.0511,7
"individual",19,0,0,0.2,-0.000477101386376177,0.0495,7
"individual",20,0,0,0.2,-3.7265292946702e-05,0.0489,7
"individual",2,0,0,0.2,0.0357157534314055,0.0511,8
"individual",3,0,0,0.2,0.00408417245765105,0.0512,8
"individual",4,0,0,0.2,-0.0010369194192089,0.0503,8
"individual",5,0,0,0.2,-0.00212502599685019,0.0487,8
"individual",6,0,0,0.2,0.000834887507179022,0.0491,8
"individual",7,0,0,0.2,0.00210826193881034,0.0482,8
"individual",8,0,0,0.2,0.00121291636946825,0.05,8
"individual",9,0,0,0.2,0.00130289404929963,0.0485,8
"individual",10,0,0,0.2,0.0011441474084975,0.0471,8
"individual",11,0,0,0.2,0.00076532394318564,0.0457,8
"individual",12,0,0,0.2,-0.000503940670252746,0.0443,8
"individual",13,0,0,0.2,-0.000789647991001495,0.0456,8
"individual",14,0,0,0.2,-0.00029328791635819,0.0437,8
"individual",15,0,0,0.2,-0.000357411242351319,0.0473,8
"individual",16,0,0,0.2,6.73025620401495e-05,0.0487,8
"individual",17,0,0,0.2,0.000267053430813668,0.0507,8
"individual",18,0,0,0.2,5.7351609472496e-05,0.0485,8
"individual",19,0,0,0.2,0.000273564152474617,0.0475,8
"individual",20,0,0,0.2,0.000395775419659587,0.0513,8
"individual",2,0,0,0.2,-0.0110394015581453,0.0498,9
"individual",3,0,0,0.2,-0.00874494695493583,0.049,9
"individual",4,0,0,0.2,-0.0044345239255103,0.0516,9
"individual",5,0,0,0.2,-0.00156750120461763,0.0498,9
"individual",6,0,0,0.2,-0.00215347479568765,0.0488,9
"individual",7,0,0,0.2,-0.00338322053443828,0.052,9
"individual",8,0,0,0.2,-0.00393012264108797,0.0521,9
"individual",9,0,0,0.2,-0.00296038554581906,0.0478,9
"individual",10,0,0,0.2,-0.00360958816712983,0.0498,9
"individual",11,0,0,0.2,-0.00237755223426171,0.0501,9
"individual",12,0,0,0.2,-0.0023474098646465,0.0494,9
"individual",13,0,0,0.2,-0.00151559329295189,0.0477,9
"individual",14,0,0,0.2,-0.00128077173784598,0.0493,9
"individual",15,0,0,0.2,-0.000713781479229123,0.0498,9
"individual",16,0,0,0.2,-0.000582544633102767,0.0497,9
"individual",17,0,0,0.2,-0.000506042141787322,0.05,9
"individual",18,0,0,0.2,-0.000432333848289236,0.0491,9
"individual",19,0,0,0.2,-0.00030542879021102,0.0492,9
"individual",20,0,0,0.2,-0.000610709778595776,0.0489,9
"individual",2,0,0,0.2,-0.00696486302473507,0.0502,10
"individual",3,0,0,0.2,-0.00814791005384399,0.0507,10
"individual",4,0,0,0.2,-0.00612456596432195,0.0485,10
"individual",5,0,0,0.2,-0.00349662343995624,0.0515,10
"individual",6,0,0,0.2,-0.00234716569698238,0.0473,10
"individual",7,0,0,0.2,-0.00177664912143762,0.0483,10
"individual",8,0,0,0.2,-0.00309431417865775,0.0503,10
"individual",9,0,0,0.2,-0.00322391517212597,0.0503,10
"individual",10,0,0,0.2,-0.00183856867512644,0.0495,10
"individual",11,0,0,0.2,-0.00229329658883844,0.0515,10
"individual",12,0,0,0.2,-0.00167972554765024,0.0518,10
"individual",13,0,0,0.2,-0.00194333728259913,0.0515,10
"individual",14,0,0,0.2,-0.00217558756327793,0.0514,10
"individual",15,0,0,0.2,-0.00276788323892317,0.0494,10
"individual",16,0,0,0.2,-0.00206464410651825,0.0498,10
"individual",17,0,0,0.2,-0.00123701291631362,0.0489,10
"individual",18,0,0,0.2,-0.00157890667662063,0.0497,10
"individual",19,0,0,0.2,-0.00158625192570391,0.0496,10
"individual",20,0,0,0.2,-0.00118753781286263,0.0519,10
"individual",2,0,0,0.2,-0.00930548048905086,0.0489,11
"individual",3,0,0,0.2,-0.00404298722011302,0.0484,11
"individual",4,0,0,0.2,-0.0028437570903434,0.0491,11
"individual",5,0,0,0.2,-0.00398280482456165,0.0509,11
"individual",6,0,0,0.2,-0.00205857309743704,0.0513,11
"individual",7,0,0,0.2,-0.00131104197255443,0.0547,11
"individual",8,0,0,0.2,-0.00196902546359455,0.0529,11
"individual",9,0,0,0.2,-0.00118362825863742,0.0503,11
"individual",10,0,0,0.2,-0.00156368813203853,0.0499,11
"individual",11,0,0,0.2,-0.000192357255716368,0.0489,11
"individual",12,0,0,0.2,-5.57630733488164e-06,0.0497,11
"individual",13,0,0,0.2,0.000422811136203482,0.0504,11
"individual",14,0,0,0.2,0.000895302869117024,0.0511,11
"individual",15,0,0,0.2,0.000572413107514871,0.0516,11
"individual",16,0,0,0.2,0.000574619674771344,0.0519,11
"individual",17,0,0,0.2,0.000897301637785463,0.0501,11
"individual",18,0,0,0.2,0.00119307458634635,0.0471,11
"individual",19,0,0,0.2,0.000952610811041173,0.0473,11
"individual",20,0,0,0.2,0.001283888620958,0.0472,11
"individual",2,0,0,0.2,-0.00593913661951348,0.0496,12
"individual",3,0,0,0.2,0.0083873051761389,0.0471,12
"individual",4,0,0,0.2,0.00442539342993777,0.0492,12
"individual",5,0,0,0.2,0.00631362894639973,0.0499,12
"individual",6,0,0,0.2,0.00238764490200995,0.0485,12
"individual",7,0,0,0.2,0.0033663047520325,0.0456,12
"individual",8,0,0,0.2,0.00135899072823419,0.0469,12
"individual",9,0,0,0.2,0.00172471511156564,0.0474,12
"individual",10,0,0,0.2,0.00195269008122467,0.0495,12
"individual",11,0,0,0.2,0.00199214140448423,0.0477,12
"individual",12,0,0,0.2,0.00131953795120108,0.0481,12
"individual",13,0,0,0.2,0.00119835181934795,0.0483,12
"individual",14,0,0,0.2,0.000868763098360004,0.0506,12
"individual",15,0,0,0.2,0.00105412747140243,0.0483,12
"individual",16,0,0,0.2,0.000952245801716895,0.05,12
"individual",17,0,0,0.2,0.00056899620550741,0.0506,12
"individual",18,0,0,0.2,0.000774117752652367,0.0493,12
"individual",19,0,0,0.2,0.000227178870887478,0.0488,12
"individual",20,0,0,0.2,-6.19651209548684e-05,0.0506,12
"individual",2,0,0,0.2,-0.0195030904896098,0.0499,13
"individual",3,0,0,0.2,-0.00721474668513767,0.052,13
"individual",4,0,0,0.2,0.00307940377055838,0.0487,13
"individual",5,0,0,0.2,-0.00142197480946163,0.0492,13
"individual",6,0,0,0.2,-0.000876911501464111,0.0496,13
"individual",7,0,0,0.2,-0.00102631674760078,0.0487,13
"individual",8,0,0,0.2,-0.00143565291021438,0.0485,13
"individual",9,0,0,0.2,-0.00156568287593069,0.0492,13
"individual",10,0,0,0.2,-0.000831865327893397,0.0496,13
"individual",11,0,0,0.2,-0.00101114116277273,0.0505,13
"individual",12,0,0,0.2,-0.000745784026740184,0.049,13
"individual",13,0,0,0.2,-0.000802285329942681,0.0524,13
"individual",14,0,0,0.2,-0.000802407040251908,0.0508,13
"individual",15,0,0,0.2,-0.000807934926193911,0.0541,13
"individual",16,0,0,0.2,9.87134031605424e-05,0.0522,13
"individual",17,0,0,0.2,-7.33105726248353e-05,0.0521,13
"individual",18,0,0,0.2,-0.000323709473471142,0.0533,13
"individual",19,0,0,0.2,-9.85114054353752e-06,0.0523,13
"individual",20,0,0,0.2,9.03242034868557e-05,0.0535,13
"individual",2,0,0,0.2,-0.0108875069444989,0.0525,14
"individual",3,0,0,0.2,-0.00893294742776835,0.0504,14
"individual",4,0,0,0.2,-0.00659042876921652,0.0509,14
"individual",5,0,0,0.2,-0.0042991345088095,0.0485,14
"individual",6,0,0,0.2,-0.00267461461514659,0.052,14
"individual",7,0,0,0.2,-0.000774665614982845,0.048,14
"individual",8,0,0,0.2,0.000975856636171963,0.0477,14
"individual",9,0,0,0.2,0.000524034802670368,0.048,14
"individual",10,0,0,0.2,-0.000362228622911034,0.0507,14
"individual",11,0,0,0.2,-0.000346731670595091,0.0493,14
"individual",12,0,0,0.2,-0.000852876327348757,0.0488,14
"individual",13,0,0,0.2,-0.000175173677306982,0.0499,14
"individual",14,0,0,0.2,-0.000329553085965995,0.0496,14
"individual",15,0,0,0.2,-4.53361627209222e-05,0.047,14
"individual",16,0,0,0.2,-0.000849720101654202,0.047,14
"individual",17,0,0,0.2,-0.000658884390035913,0.0487,14
"individual",18,0,0,0.2,-0.00147226181751723,0.0489,14
"individual",19,0,0,0.2,-0.00105690678911274,0.0483,14
"individual",20,0,0,0.2,-0.00083684606836467,0.0493,14
"individual",2,0,0,0.2,-0.0115187623601548,0.0474,15
"individual",3,0,0,0.2,0.0101555585822192,0.0508,15
"individual",4,0,0,0.2,0.00186914750315144,0.0481,15
"individual",5,0,0,0.2,0.00215894133627678,0.0498,15
"individual",6,0,0,0.2,0.00172501811034863,0.0506,15
"individual",7,0,0,0.2,0.00043936694966462,0.0474,15
"individual",8,0,0,0.2,0.00157866084159296,0.0464,15
"individual",9,0,0,0.2,0.000270177543453396,0.0491,15
"individual",10,0,0,0.2,-6.88101500595159e-06,0.0488,15
"individual",11,0,0,0.2,0.000147685164780786,0.0523,15
"individual",12,0,0,0.2,0.000558381485347666,0.05,15
"individual",13,0,0,0.2,-0.000796741995662638,0.0509,15
"individual",14,0,0,0.2,-0.00104156202722081,0.0507,15
"individual",15,0,0,0.2,-0.000222195663113606,0.0525,15
"individual",16,0,0,0.2,-0.000646989765122277,0.0511,15
"individual",17,0,0,0.2,-0.000951967808931231,0.0519,15
"individual",18,0,0,0.2,-0.000918974642044811,0.051,15
"individual",19,0,0,0.2,-0.000605234035391122,0.0524,15
"individual",20,0,0,0.2,-0.00118232792849065,0.0497,15
"individual",2,0,0,0.2,0.00591804252568526,0.0504,16
"individual",3,0,0,0.2,-0.00834739678165237,0.0499,16
"individual",4,0,0,0.2,-0.00760652271098232,0.053,16
"individual",5,0,0,0.2,-0.00954378360746305,0.0514,16
"individual",6,0,0,0.2,-0.00466709553926126,0.0494,16
"individual",7,0,0,0.2,-0.00412972757041365,0.0492,16
"individual",8,0,0,0.2,-0.00431873672232265,0.0509,16
"individual",9,0,0,0.2,-0.00393360864956342,0.0521,16
"individual",10,0,0,0.2,-0.000713246592845309,0.048,16
"individual",11,0,0,0.2,-0.0010383121050134,0.0511,16
"individual",12,0,0,0.2,-0.000676822690031263,0.0507,16
"individual",13,0,0,0.2,4.71870947945215e-05,0.0505,16
"individual",14,0,0,0.2,0.000186382645697226,0.0504,16
"individual",15,0,0,0.2,0.000526734758639031,0.0512,16
"individual",16,0,0,0.2,0.00104982028556913,0.052,16
"individual",17,0,0,0.2,0.000974635122289277,0.0516,16
"individual",18,0,0,0.2,0.000189926872260293,0.0513,16
"individual",19,0,0,0.2,0.000287418810586773,0.0498,16
"individual",20,0,0,0.2,0.00031097549721067,0.0501,16
"individual",2,0,0,0.2,-0.00128728256463619,0.0522,17
"individual",3,0,0,0.2,-0.00641779856970678,0.0486,17
"individual",4,0,0,0.2,-0.000538904417771171,0.049,17
"individual",5,0,0,0.2,0.00163991437121453,0.0504,17
"individual",6,0,0,0.2,0.000275094495520887,0.0496,17
"individual",7,0,0,0.2,-0.000906024824149281,0.0508,17
"individual",8,0,0,0.2,-0.000337209584947878,0.0501,17
"individual",9,0,0,0.2,0.000636962279739781,0.0496,17
"individual",10,0,0,0.2,0.000265705219109837,0.0516,17
"individual",11,0,0,0.2,-0.000398900374698389,0.051,17
"individual",12,0,0,0.2,-0.000489363203988542,0.0478,17
"individual",13,0,0,0.2,-0.00075655136736042,0.0476,17
"individual",14,0,0,0.2,0.000754152806911234,0.0482,17
"individual",15,0,0,0.2,0.000417844862041237,0.05,17
"individual",16,0,0,0.2,0.000109932544943964,0.0485,17
"individual",17,0,0,0.2,0.000518371014865037,0.0493,17
"individual",18,0,0,0.2,0.000156196505681954,0.0513,17
"individual",19,0,0,0.2,0.000369636747733735,0.0507,17
"individual",20,0,0,0.2,0.000414788006700808,0.0531,17
"individual",2,0,0,0.2,0.0116336543567511,0.0505,18
"individual",3,0,0,0.2,-0.000797659190876622,0.0506,18
"individual",4,0,0,0.2,-0.000436149438814358,0.051,18
"individual",5,0,0,0.2,-0.00302955867737865,0.0499,18
"individual",6,0,0,0.2,-0.00111327180708329,0.0488,18
"individual",7,0,0,0.2,-0.00300247891630596,0.0494,18
"individual",8,0,0,0.2,-0.00293687991788987,0.0487,18
"individual",9,0,0,0.2,-0.00310623507616372,0.0495,18
"individual",10,0,0,0.2,-0.00206877450952967,0.0494,18
"individual",11,0,0,0.2,-0.00156878140327067,0.0498,18
"individual",12,0,0,0.2,-0.000851856376599846,0.0466,18
"individual",13,0,0,0.2,-0.000690830940121033,0.0484,18
"individual",14,0,0,0.2,-0.00011065535150452,0.0485,18
"individual",15,0,0,0.2,0.000393329157753229,0.0492,18
"individual",16,0,0,0.2,-3.24835641735461e-06,0.049,18
"individual",17,0,0,0.2,0.000549257176945887,0.0474,18
"individual",18,0,0,0.2,-0.000352012054909335,0.0505,18
"individual",19,0,0,0.2,-0.000296744959779247,0.0507,18
"individual",20,0,0,0.2,0.000434300696935189,0.049,18
"individual",2,0,0,0.2,-0.00616233270782603,0.0513,19
"individual",3,0,0,0.2,-0.00638613716879813,0.0528,19
"individual",4,0,0,0.2,-0.00450979413088573,0.0498,19
"individual",5,0,0,0.2,-0.00333078643845872,0.0524,19
"individual",6,0,0,0.2,-0.0023218815051598,0.0474,19
"individual",7,0,0,0.2,-0.00106509674549141,0.0494,19
"individual",8,0,0,0.2,-0.000943366845966693,0.0495,19
"individual",9,0,0,0.2,-0.00141170355508109,0.0485,19
"individual",10,0,0,0.2,-0.00256582960747208,0.0466,19
"individual",11,0,0,0.2,-0.00246633750477503,0.0487,19
"individual",12,0,0,0.2,-0.0027209362783613,0.0476,19
"individual",13,0,0,0.2,-0.00210220565859287,0.0485,19
"individual",14,0,0,0.2,-0.00167943264807963,0.0487,19
"individual",15,0,0,0.2,-0.00217220018562262,0.0495,19
"individual",16,0,0,0.2,-0.00245785396230029,0.0479,19
"individual",17,0,0,0.2,-0.00279492165790423,0.0496,19
"individual",18,0,0,0.2,-0.00280185599792864,0.0503,19
"individual",19,0,0,0.2,-0.0022669746225198,0.0533,19
"individual",20,0,0,0.2,-0.00185496514259083,0.0487,19
"individual",2,0,0,0.2,-0.0104541302854195,0.0486,20
"individual",3,0,0,0.2,-0.0168878774393577,0.0514,20
"individual",4,0,0,0.2,-0.00460049950011697,0.0489,20
"individual",5,0,0,0.2,-0.00469656737578207,0.0469,20
"individual",6,0,0,0.2,-0.00339288310050608,0.0475,20
"individual",7,0,0,0.2,-0.000621683799091285,0.0505,20
"individual",8,0,0,0.2,-0.00026487993443003,0.0553,20
"individual",9,0,0,0.2,-0.000202203871582999,0.0535,20
"individual",10,0,0,0.2,-0.00106953792269091,0.0505,20
"individual",11,0,0,0.2,-0.000539646505693952,0.051,20
"individual",12,0,0,0.2,-0.000793165446377231,0.05,20
"individual",13,0,0,0.2,-0.00140199513998909,0.0491,20
"individual",14,0,0,0.2,-0.00156207905837007,0.0508,20
"individual",15,0,0,0.2,-0.00141976903537384,0.0491,20
"individual",16,0,0,0.2,-0.00121163058659088,0.0488,20
"individual",17,0,0,0.2,-0.0014248086551148,0.052,20
"individual",18,0,0,0.2,-0.000757200733927559,0.05,20
"individual",19,0,0,0.2,-0.000783575515313713,0.0498,20
"individual",20,0,0,0.2,-0.000460670396443331,0.0501,20
"opposite",2,0,0,0.2,0.0156204756110574,0.0191,1
"opposite",3,0,0,0.2,0.0042852337662733,0.0294,1
"opposite",4,0,0,0.2,-0.00414165783255439,0.0202,1
"opposite",5,0,0,0.2,-0.00303104996887646,0.0269,1
"opposite",6,0,0,0.2,-0.00258405099721448,0.0179,1
"opposite",7,0,0,0.2,-0.00168759277177147,0.0258,1
"opposite",8,0,0,0.2,-0.000742576488732611,0.0197,1
"opposite",9,0,0,0.2,-0.00166779076958388,0.0235,1
"opposite",10,0,0,0.2,7.92075584201723e-05,0.0206,1
"opposite",11,0,0,0.2,0.00140381272360181,0.0233,1
"opposite",12,0,0,0.2,0.00175806560039538,0.0197,1
"opposite",13,0,0,0.2,0.0010468389804771,0.0224,1
"opposite",14,0,0,0.2,0.000839034689770582,0.019,1
"opposite",15,0,0,0.2,0.000396909612850717,0.0225,1
"opposite",16,0,0,0.2,0.000483169553985553,0.0199,1
"opposite",17,0,0,0.2,0.000374492033240742,0.02,1
"opposite",18,0,0,0.2,0.000144271371232499,0.0208,1
"opposite",19,0,0,0.2,0.000114899684204085,0.0208,1
"opposite",20,0,0,0.2,-0.000155290861992347,0.0185,1
"opposite",2,0,0,0.2,0.00695200196049155,0.0188,2
"opposite",3,0,0,0.2,-0.00646440790666151,0.029,2
"opposite",4,0,0,0.2,-0.00333459884349522,0.0198,2
"opposite",5,0,0,0.2,-0.00210431082100919,0.0286,2
"opposite",6,0,0,0.2,-0.0011859406611989,0.0213,2
"opposite",7,0,0,0.2,-0.000840702137568836,0.0257,2
"opposite",8,0,0,0.2,-0.00202747673458262,0.0187,2
"opposite",9,0,0,0.2,-0.00120117708541003,0.0249,2
"opposite",10,0,0,0.2,-0.000520343006811394,0.0203,2
"opposite",11,0,0,0.2,-0.00114631350704662,0.0246,2
"opposite",12,0,0,0.2,-0.00104204374457109,0.022,2
"opposite",13,0,0,0.2,-0.000781359514118436,0.0247,2
"opposite",14,0,0,0.2,-0.000578471408423077,0.02,2
"opposite",15,0,0,0.2,-0.00039684869840036,0.0221,2
"opposite",16,0,0,0.2,-0.000666687856574179,0.0184,2
"opposite",17,0,0,0.2,-0.000489370892156922,0.0209,2
"opposite",18,0,0,0.2,-0.000364439456463481,0.0206,2
"opposite",19,0,0,0.2,-7.04561061546921e-05,0.0218,2
"opposite",20,0,0,0.2,-0.000119337862860987,0.0216,2
"opposite",2,0,0,0.2,-0.014672535385298,0.0189,3
"opposite",3,0,0,0.2,-0.00656972706518993,0.0298,3
"opposite",4,0,0,0.2,-0.00274113758684915,0.0213,3
"opposite",5,0,0,0.2,-0.00196616193598578,0.0268,3
"opposite",6,0,0,0.2,-0.000251741669349005,0.0196,3
"opposite",7,0,0,0.2,0.00104982646739213,0.0214,3
"opposite",8,0,0,0.2,0.00242094920839454,0.0209,3
"opposite",9,0,0,0.2,0.00139462087677564,0.0213,3
"opposite",10,0,0,0.2,0.00116261658355072,0.0188,3
"opposite",11,0,0,0.2,0.00121177957287208,0.0224,3
"opposite",12,0,0,0.2,0.000349506666400973,0.0221,3
"opposite",13,0,0,0.2,-0.000419593585624578,0.0225,3
"opposite",14,0,0,0.2,-0.00063780904513934,0.0165,3
"opposite",15,0,0,0.2,-0.000395606828195318,0.0198,3
"opposite",16,0,0,0.2,-0.00057190394448077,0.0203,3
"opposite",17,0,0,0.2,-0.000368615406895699,0.0246,3
"opposite",18,0,0,0.2,-0.000324276919641925,0.0176,3
"opposite",19,0,0,0.2,0.000193316678669035,0.0207,3
"opposite",20,0,0,0.2,0.000490840917432304,0.0202,3
"opposite",2,0,0,0.2,-0.0223458120556746,0.0189,4
"opposite",3,0,0,0.2,-0.0122189706759535,0.0308,4
"opposite",4,0,0,0.2,-0.00869704451225234,0.0191,4
"opposite",5,0,0,0.2,-0.00631631622549876,0.0287,4
"opposite",6,0,0,0.2,-0.00222821370513046,0.0231,4
"opposite",7,0,0,0.2,-0.000716342213671879,0.0276,4
"opposite",8,0,0,0.2,0.000130847460928104,0.0191,4
"opposite",9,0,0,0.2,0.000996699867137253,0.0223,4
"opposite",10,0,0,0.2,0.00204036708226552,0.0186,4
"opposite",11,0,0,0.2,0.0030738656573838,0.0221,4
"opposite",12,0,0,0.2,0.00178791461092714,0.021,4
"opposite",13,0,0,0.2,0.000881885591194454,0.0241,4
"opposite",14,0,0,0.2,0.00077295063265842,0.0192,4
"opposite",15,0,0,0.2,0.000247504648571692,0.0215,4
"opposite",16,0,0,0.2,0.000348367303651347,0.0188,4
"opposite",17,0,0,0.2,0.000192400631648157,0.0221,4
"opposite",18,0,0,0.2,5.22633713352755e-05,0.0197,4
"opposite",19,0,0,0.2,0.000112436467248249,0.0235,4
"opposite",20,0,0,0.2,0.000281431198203918,0.0204,4
"opposite",2,0,0,0.2,0.0119474924182133,0.0191,5
"opposite",3,0,0,0.2,0.00570297875113333,0.0322,5
"opposite",4,0,0,0.2,0.00463727811010392,0.0203,5
"opposite",5,0,0,0.2,0.00142387415808399,0.0306,5
"opposite",6,0,0,0.2,-0.00124464660321254,0.0198,5
"opposite",7,0,0,0.2,-0.000453604821281578,0.0239,5
"opposite",8,0,0,0.2,-0.000738258794667159,0.0182,5
"opposite",9,0,0,0.2,-0.00171669286676731,0.0231,5
"opposite",10,0,0,0.2,-0.000103312670438136,0.0222,5
"opposite",11,0,0,0.2,-0.000609777656420014,0.0229,5
"opposite",12,0,0,0.2,0.000157103105401427,0.0193,5
"opposite",13,0,0,0.2,0.000205216247101893,0.0255,5
"opposite",14,0,0,0.2,0.000169736577928873,0.0195,5
"opposite",15,0,0,0.2,0.000549676111858658,0.0232,5
"opposite",16,0,0,0.2,0.000875430966924472,0.0206,5
"opposite",17,0,0,0.2,0.000200150949848194,0.0208,5
"opposite",18,0,0,0.2,0.00018504230025689,0.0196,5
"opposite",19,0,0,0.2,0.000185551976725959,0.0239,5
"opposite",20,0,0,0.2,0.000428580170188315,0.0187,5
"opposite",2,0,0,0.2,-0.00674613775574817,0.0173,6
"opposite",3,0,0,0.2,0.00187806929027792,0.029,6
"opposite",4,0,0,0.2,-0.00180366348615533,0.0208,6
"opposite",5,0,0,0.2,-0.00178305322801013,0.0277,6
"opposite",6,0,0,0.2,-0.000779806396505359,0.0196,6
"opposite",7,0,0,0.2,-0.000509634342135054,0.0262,6
"opposite",8,0,0,0.2,-0.00203727822327619,0.0198,6
"opposite",9,0,0,0.2,-0.00200374753519338,0.0221,6
"opposite",10,0,0,0.2,-0.00179467660797981,0.0202,6
"opposite",11,0,0,0.2,-0.00132943542490968,0.0211,6
"opposite",12,0,0,0.2,-0.000315788835489256,0.0207,6
"opposite",13,0,0,0.2,-0.000768543619098788,0.0232,6
"opposite",14,0,0,0.2,-0.000967396898404019,0.0198,6
"opposite",15,0,0,0.2,-0.000896535546597484,0.02,6
"opposite",16,0,0,0.2,-0.000454042921081142,0.0213,6
"opposite",17,0,0,0.2,-0.000558824273434404,0.026,6
"opposite",18,0,0,0.2,-0.000275567779099125,0.0215,6
"opposite",19,0,0,0.2,-4.37807873300878e-05,0.0227,6
"opposite",20,0,0,0.2,8.43053194636058e-05,0.0189,6
"opposite",2,0,0,0.2,0.00961129429950311,0.0199,7
"opposite",3,0,0,0.2,-0.00295465232540957,0.03,7
"opposite",4,0,0,0.2,-0.00151145222285453,0.0177,7
"opposite",5,0,0,0.2,-0.00300808637132193,0.0304,7
"opposite",6,0,0,0.2,-0.0033238787549793,0.0188,7
"opposite",7,0,0,0.2,-0.00239986582778887,0.0245,7
"opposite",8,0,0,0.2,-0.00238081146895589,0.0184,7
"opposite",9,0,0,0.2,-0.000286657459178679,0.0246,7
"opposite",10,0,0,0.2,-0.000901895546246456,0.0195,7
"opposite",11,0,0,0.2,-0.000345516297163982,0.022,7
"opposite",12,0,0,0.2,-0.000785427080466633,0.0188,7
"opposite",13,0,0,0.2,-0.000967821741550728,0.0203,7
"opposite",14,0,0,0.2,-0.000702676591246598,0.018,7
"opposite",15,0,0,0.2,-0.00034637694351856,0.0216,7
"opposite",16,0,0,0.2,-0.000859323009902285,0.0192,7
"opposite",17,0,0,0.2,-0.000453142401568489,0.0209,7
"opposite",18,0,0,0.2,-0.000319006074683903,0.0197,7
"opposite",19,0,0,0.2,-0.000342563383585622,0.0221,7
"opposite",20,0,0,0.2,-8.86131013245849e-05,0.02,7
"opposite",2,0,0,0.2,0.0357157534314055,0.0191,8
"opposite",3,0,0,0.2,0.00836160808574944,0.0309,8
"opposite",4,0,0,0.2,0.00120800512277401,0.0184,8
"opposite",5,0,0,0.2,-0.00151374093953848,0.0244,8
"opposite",6,0,0,0.2,0.00206311313773757,0.0204,8
"opposite",7,0,0,0.2,0.0025070836340064,0.0254,8
"opposite",8,0,0,0.2,0.00265285606177203,0.0179,8
"opposite",9,0,0,0.2,0.00230352225505216,0.023,8
"opposite",10,0,0,0.2,0.0013352744751988,0.0179,8
"opposite",11,0,0,0.2,0.00102631754999602,0.0234,8
"opposite",12,0,0,0.2,-0.000132042176420554,0.0202,8
"opposite",13,0,0,0.2,-0.000478865676158246,0.0237,8
"opposite",14,0,0,0.2,-0.000151093587782996,0.0197,8
"opposite",15,0,0,0.2,0.000291215562453435,0.0241,8
"opposite",16,0,0,0.2,0.000603403491196263,0.0202,8
"opposite",17,0,0,0.2,0.000843982646027382,0.0218,8
"opposite",18,0,0,0.2,0.000417928917861248,0.0198,8
"opposite",19,0,0,0.2,0.00035133162055749,0.022,8
"opposite",20,0,0,0.2,0.000517165710955424,0.0176,8
"opposite",2,0,0,0.2,-0.0110394015581453,0.0204,9
"opposite",3,0,0,0.2,-0.0103908146481231,0.0329,9
"opposite",4,0,0,0.2,-0.00555721723525732,0.0202,9
"opposite",5,0,0,0.2,-0.00122820046649715,0.0281,9
"opposite",6,0,0,0.2,-0.00246861543359495,0.0213,9
"opposite",7,0,0,0.2,-0.00368224417772738,0.025,9
"opposite",8,0,0,0.2,-0.0034877368488711,0.0206,9
"opposite",9,0,0,0.2,-0.00310335842359674,0.0261,9
"opposite",10,0,0,0.2,-0.00376077908150146,0.0212,9
"opposite",11,0,0,0.2,-0.00289721255107944,0.0263,9
"opposite",12,0,0,0.2,-0.00200284546238276,0.0213,9
"opposite",13,0,0,0.2,-0.00148866713884568,0.0239,9
"opposite",14,0,0,0.2,-0.0012200610282285,0.0208,9
"opposite",15,0,0,0.2,-0.000949160927588083,0.0262,9
"opposite",16,0,0,0.2,-0.00108950838267601,0.0192,9
"opposite",17,0,0,0.2,-0.000677443961026539,0.0226,9
"opposite",18,0,0,0.2,-0.000486177389297564,0.0211,9
"opposite",19,0,0,0.2,-0.000424130525013211,0.0224,9
"opposite",20,0,0,0.2,-0.000805141156220714,0.0198,9
"opposite",2,0,0,0.2,-0.00696486302473507,0.02,10
"opposite",3,0,0,0.2,-0.0068664357936269,0.0276,10
"opposite",4,0,0,0.2,-0.00458646609146047,0.0196,10
"opposite",5,0,0,0.2,-0.00374487812653064,0.0266,10
"opposite",6,0,0,0.2,-0.00180893261538803,0.0188,10
"opposite",7,0,0,0.2,-0.00210217687600417,0.0238,10
"opposite",8,0,0,0.2,-0.00246212419237149,0.0201,10
"opposite",9,0,0,0.2,-0.00269605574063716,0.0219,10
"opposite",10,0,0,0.2,-0.00194203693166824,0.0187,10
"opposite",11,0,0,0.2,-0.00201397030973808,0.0251,10
"opposite",12,0,0,0.2,-0.00159873174985733,0.0214,10
"opposite",13,0,0,0.2,-0.00172723602444545,0.0209,10
"opposite",14,0,0,0.2,-0.00191312557237354,0.0189,10
"opposite",15,0,0,0.2,-0.00218532115352526,0.0235,10
"opposite",16,0,0,0.2,-0.0018361701630402,0.0204,10
"opposite",17,0,0,0.2,-0.00133207167295494,0.0243,10
"opposite",18,0,0,0.2,-0.00112199369548609,0.0194,10
"opposite",19,0,0,0.2,-0.00129728157137569,0.0221,10
"opposite",20,0,0,0.2,-0.000987877717528272,0.0201,10
"opposite",2,0,0,0.2,-0.00930548048905086,0.0173,11
"opposite",3,0,0,0.2,-0.00736774835034608,0.0298,11
"opposite",4,0,0,0.2,-0.00403984721896968,0.0177,11
"opposite",5,0,0,0.2,-0.00415832233911819,0.0269,11
"opposite",6,0,0,0.2,-0.00209208441521754,0.0174,11
"opposite",7,0,0,0.2,-0.00122653976038357,0.0247,11
"opposite",8,0,0,0.2,-0.00252798753111993,0.0193,11
"opposite",9,0,0,0.2,-0.00155924715194006,0.0248,11
"opposite",10,0,0,0.2,-0.00202614014326028,0.0186,11
"opposite",11,0,0,0.2,-0.000109276963532276,0.022,11
"opposite",12,0,0,0.2,-5.59507303052194e-05,0.0221,11
"opposite",13,0,0,0.2,0.000463958926077294,0.0222,11
"opposite",14,0,0,0.2,0.00115938330613968,0.0199,11
"opposite",15,0,0,0.2,0.000597704219720491,0.024,11
"opposite",16,0,0,0.2,0.000145466581011123,0.0168,11
"opposite",17,0,0,0.2,0.000832073074578285,0.0199,11
"opposite",18,0,0,0.2,0.000814969545836128,0.0189,11
"opposite",19,0,0,0.2,0.000751001582783147,0.0227,11
"opposite",20,0,0,0.2,0.00119929704393983,0.0211,11
"opposite",2,0,0,0.2,-0.00593913661951348,0.0196,12
"opposite",3,0,0,0.2,0.0102603067829096,0.0303,12
"opposite",4,0,0,0.2,0.00665452163553066,0.0184,12
"opposite",5,0,0,0.2,0.00595310199410828,0.0273,12
"opposite",6,0,0,0.2,0.00324251154531936,0.0186,12
"opposite",7,0,0,0.2,0.00370983583368204,0.0257,12
"opposite",8,0,0,0.2,0.00187647481880314,0.0194,12
"opposite",9,0,0,0.2,0.00277707130125147,0.0226,12
"opposite",10,0,0,0.2,0.00314128912959463,0.0212,12
"opposite",11,0,0,0.2,0.00314192286493953,0.0226,12
"opposite",12,0,0,0.2,0.00192894499999565,0.0212,12
"opposite",13,0,0,0.2,0.00166260845135815,0.0234,12
"opposite",14,0,0,0.2,0.00133992849577822,0.0207,12
"opposite",15,0,0,0.2,0.000967580827885946,0.0199,12
"opposite",16,0,0,0.2,0.000983023918096929,0.018,12
"opposite",17,0,0,0.2,0.00050792903444401,0.0197,12
"opposite",18,0,0,0.2,0.000782875848611477,0.0204,12
"opposite",19,0,0,0.2,0.000528412090370052,0.0185,12
"opposite",20,0,0,0.2,0.000249217074107988,0.0194,12
"opposite",2,0,0,0.2,-0.0195030904896098,0.0185,13
"opposite",3,0,0,0.2,-0.00546294320472532,0.0302,13
"opposite",4,0,0,0.2,0.00250400509121047,0.0182,13
"opposite",5,0,0,0.2,-0.000937350747153432,0.0282,13
"opposite",6,0,0,0.2,-0.00232153008099159,0.0199,13
"opposite",7,0,0,0.2,-0.00242160637194618,0.0239,13
"opposite",8,0,0,0.2,-0.00156352346880687,0.0201,13
"opposite",9,0,0,0.2,-0.00176889954910763,0.0246,13
"opposite",10,0,0,0.2,-0.000675937622508141,0.02,13
"opposite",11,0,0,0.2,-0.000486482445788435,0.023,13
"opposite",12,0,0,0.2,-0.000599268923810523,0.0201,13
"opposite",13,0,0,0.2,-0.000845193498000796,0.0221,13
"opposite",14,0,0,0.2,-0.00120486759536951,0.0212,13
"opposite",15,0,0,0.2,-0.000787118787630843,0.0237,13
"opposite",16,0,0,0.2,0.00010449390576314,0.0196,13
"opposite",17,0,0,0.2,0.000302313813127333,0.0199,13
"opposite",18,0,0,0.2,-0.000123218109809927,0.0181,13
"opposite",19,0,0,0.2,0.000339259620126787,0.0201,13
"opposite",20,0,0,0.2,0.000133018123467118,0.018,13
"opposite",2,0,0,0.2,-0.0108875069444989,0.022,14
"opposite",3,0,0,0.2,-0.00782727897410177,0.0324,14
"opposite",4,0,0,0.2,-0.00680880767694411,0.0192,14
"opposite",5,0,0,0.2,-0.00431159019804105,0.0313,14
"opposite",6,0,0,0.2,-0.00293477077329147,0.0212,14
"opposite",7,0,0,0.2,-0.000852844815743031,0.0274,14
"opposite",8,0,0,0.2,0.00106054061280641,0.0197,14
"opposite",9,0,0,0.2,0.00150259424739414,0.0254,14
"opposite",10,0,0,0.2,0.000678436850658302,0.021,14
"opposite",11,0,0,0.2,0.000162457488265848,0.0256,14
"opposite",12,0,0,0.2,-0.000786672322666536,0.0199,14
"opposite",13,0,0,0.2,0.00033440025364091,0.0224,14
"opposite",14,0,0,0.2,0.000132506535685151,0.0206,14
"opposite",15,0,0,0.2,0.00018432512586329,0.0228,14
"opposite",16,0,0,0.2,-0.000458010620783748,0.0198,14
"opposite",17,0,0,0.2,-0.000529124346411354,0.0217,14
"opposite",18,0,0,0.2,-0.00109863621258314,0.0191,14
"opposite",19,0,0,0.2,-0.000778551271419691,0.0221,14
"opposite",20,0,0,0.2,-0.000561172799477763,0.0206,14
"opposite",2,0,0,0.2,-0.0115187623601548,0.019,15
"opposite",3,0,0,0.2,0.00984011427720516,0.0329,15
"opposite",4,0,0,0.2,0.00145305761294305,0.0182,15
"opposite",5,0,0,0.2,0.00210544903783345,0.0254,15
"opposite",6,0,0,0.2,0.00164489152878492,0.0176,15
"opposite",7,0,0,0.2,-0.000717254638839258,0.024,15
"opposite",8,0,0,0.2,0.000503215352847921,0.0203,15
"opposite",9,0,0,0.2,0.000568019648956196,0.0233,15
"opposite",10,0,0,0.2,0.00037520952835654,0.0198,15
"opposite",11,0,0,0.2,0.000246102940962394,0.0245,15
"opposite",12,0,0,0.2,0.00069597237637263,0.0205,15
"opposite",13,0,0,0.2,-0.000338395922454666,0.0243,15
"opposite",14,0,0,0.2,-0.000608028820798031,0.0204,15
"opposite",15,0,0,0.2,0.000329389114476533,0.0229,15
"opposite",16,0,0,0.2,-0.000524135740624457,0.0209,15
"opposite",17,0,0,0.2,-0.000709694822373006,0.021,15
"opposite",18,0,0,0.2,-0.000552259647489355,0.0199,15
"opposite",19,0,0,0.2,-0.000314591384484374,0.0198,15
"opposite",20,0,0,0.2,-0.00100071251939221,0.021,15
"opposite",2,0,0,0.2,0.00591804252568526,0.019,16
"opposite",3,0,0,0.2,-0.00606616093160737,0.0298,16
"opposite",4,0,0,0.2,-0.00797869358862692,0.0199,16
"opposite",5,0,0,0.2,-0.00849561066620619,0.0263,16
"opposite",6,0,0,0.2,-0.00443596889854151,0.0203,16
"opposite",7,0,0,0.2,-0.00385088649512888,0.0237,16
"opposite",8,0,0,0.2,-0.0049537874000394,0.0204,16
"opposite",9,0,0,0.2,-0.0036235931989474,0.0222,16
"opposite",10,0,0,0.2,-0.00138860250186366,0.0202,16
"opposite",11,0,0,0.2,-0.00101459585465101,0.0213,16
"opposite",12,0,0,0.2,-0.000787406704219203,0.02,16
"opposite",13,0,0,0.2,-0.000717319091864914,0.0209,16
"opposite",14,0,0,0.2,-0.000398185192497915,0.0201,16
"opposite",15,0,0,0.2,0.000148954951832952,0.0224,16
"opposite",16,0,0,0.2,0.000518759842299197,0.0187,16
"opposite",17,0,0,0.2,0.000114488786520857,0.0204,16
"opposite",18,0,0,0.2,-0.000365733140868882,0.0189,16
"opposite",19,0,0,0.2,-0.000102650910322652,0.0223,16
"opposite",20,0,0,0.2,5.87784549803362e-05,0.0227,16
"opposite",2,0,0,0.2,-0.00128728256463619,0.0186,17
"opposite",3,0,0,0.2,-0.00594447315409749,0.0277,17
"opposite",4,0,0,0.2,-0.000302629094956108,0.0181,17
"opposite",5,0,0,0.2,0.00297333032076193,0.0266,17
"opposite",6,0,0,0.2,0.000992362787094176,0.02,17
"opposite",7,0,0,0.2,0.000141885952221056,0.0248,17
"opposite",8,0,0,0.2,0.000607237683604734,0.0194,17
"opposite",9,0,0,0.2,0.000980153879759563,0.0226,17
"opposite",10,0,0,0.2,0.000785979650564073,0.0172,17
"opposite",11,0,0,0.2,3.54054995101968e-05,0.0231,17
"opposite",12,0,0,0.2,8.52891140051927e-05,0.0221,17
"opposite",13,0,0,0.2,-6.89204239656697e-05,0.0217,17
"opposite",14,0,0,0.2,0.00109774987176375,0.0175,17
"opposite",15,0,0,0.2,0.000843893284441405,0.0224,17
"opposite",16,0,0,0.2,-8.59632246183541e-05,0.0205,17
"opposite",17,0,0,0.2,0.000430641357847319,0.0231,17
"opposite",18,0,0,0.2,0.000189845860105156,0.0219,17
"opposite",19,0,0,0.2,0.000155844091103691,0.0221,17
"opposite",20,0,0,0.2,0.000521711471017616,0.0194,17
"opposite",2,0,0,0.2,0.0116336543567511,0.0205,18
"opposite",3,0,0,0.2,-0.00138699105285898,0.0291,18
"opposite",4,0,0,0.2,-0.000765692257730408,0.0213,18
"opposite",5,0,0,0.2,-0.00270357394659856,0.0274,18
"opposite",6,0,0,0.2,-0.000950791680828011,0.0196,18
"opposite",7,0,0,0.2,-0.0039082968898582,0.0247,18
"opposite",8,0,0,0.2,-0.00346571257363735,0.0204,18
"opposite",9,0,0,0.2,-0.00315803647472868,0.0236,18
"opposite",10,0,0,0.2,-0.00197633495140686,0.0213,18
"opposite",11,0,0,0.2,-0.00177720530136731,0.0234,18
"opposite",12,0,0,0.2,-0.00132710055064895,0.0216,18
"opposite",13,0,0,0.2,-0.00105893534959707,0.0218,18
"opposite",14,0,0,0.2,-0.000307503781403108,0.0205,18
"opposite",15,0,0,0.2,0.000413153116736964,0.0222,18
"opposite",16,0,0,0.2,0.000149991952745176,0.0199,18
"opposite",17,0,0,0.2,0.00033585116551202,0.0214,18
"opposite",18,0,0,0.2,-0.000205914848220956,0.0185,18
"opposite",19,0,0,0.2,-0.000181963424571811,0.021,18
"opposite",20,0,0,0.2,6.25721484950329e-05,0.018,18
"opposite",2,0,0,0.2,-0.00616233270782603,0.0192,19
"opposite",3,0,0,0.2,-0.0083217643900984,0.0317,19
"opposite",4,0,0,0.2,-0.0064803890864537,0.0214,19
"opposite",5,0,0,0.2,-0.00497425352234567,0.0254,19
"opposite",6,0,0,0.2,-0.00314865357537943,0.0203,19
"opposite",7,0,0,0.2,-0.000634029808735224,0.023,19
"opposite",8,0,0,0.2,-0.00059570630388836,0.0201,19
"opposite",9,0,0,0.2,-0.00172004927675302,0.025,19
"opposite",10,0,0,0.2,-0.00281193466451489,0.0206,19
"opposite",11,0,0,0.2,-0.00234766760220377,0.0232,19
"opposite",12,0,0,0.2,-0.00238968308822231,0.0214,19
"opposite",13,0,0,0.2,-0.00133055742201562,0.025,19
"opposite",14,0,0,0.2,-0.00118558815950715,0.0203,19
"opposite",15,0,0,0.2,-0.00151880896684433,0.0226,19
"opposite",16,0,0,0.2,-0.00221955453277149,0.0213,19
"opposite",17,0,0,0.2,-0.00263085008996265,0.0242,19
"opposite",18,0,0,0.2,-0.00267708564478079,0.0232,19
"opposite",19,0,0,0.2,-0.00233967406887042,0.0253,19
"opposite",20,0,0,0.2,-0.00184414547044449,0.0244,19
"opposite",2,0,0,0.2,-0.0104541302854195,0.0174,20
"opposite",3,0,0,0.2,-0.0158800742185819,0.0303,20
"opposite",4,0,0,0.2,-0.00719930701204016,0.0199,20
"opposite",5,0,0,0.2,-0.00585333705967109,0.0282,20
"opposite",6,0,0,0.2,-0.00443613552130775,0.0199,20
"opposite",7,0,0,0.2,-0.000413891594156309,0.0251,20
"opposite",8,0,0,0.2,0.000695016233650823,0.0199,20
"opposite",9,0,0,0.2,6.17336865603832e-06,0.0219,20
"opposite",10,0,0,0.2,-0.00031440384400113,0.0188,20
"opposite",11,0,0,0.2,-0.000322880212866964,0.0229,20
"opposite",12,0,0,0.2,-0.00119659794615345,0.0206,20
"opposite",13,0,0,0.2,-0.00146760434436609,0.0235,20
"opposite",14,0,0,0.2,-0.00176483321043397,0.0214,20
"opposite",15,0,0,0.2,-0.00161328707542727,0.0226,20
"opposite",16,0,0,0.2,-0.00126547062497479,0.0201,20
"opposite",17,0,0,0.2,-0.00143572410951906,0.0204,20
"opposite",18,0,0,0.2,-0.000976234670756427,0.0194,20
"opposite",19,0,0,0.2,-0.000761950117851238,0.0211,20
"opposite",20,0,0,0.2,-0.000562977680333083,0.0188,20
"individual",2,0,0,0.5,0.00314884651438305,0.05,1
"individual",3,0,0,0.5,-0.000231475689843726,0.0522,1
"individual",4,0,0,0.5,-0.00154208503396126,0.0513,1
"individual",5,0,0,0.5,-0.00297460289709546,0.0543,1
"individual",6,0,0,0.5,-0.00184001679995274,0.0518,1
"individual",7,0,0,0.5,-0.000215844122861326,0.0505,1
"individual",8,0,0,0.5,0.000518391753858341,0.0488,1
"individual",9,0,0,0.5,-0.000559964277499837,0.0497,1
"individual",10,0,0,0.5,0.000739351769829799,0.0484,1
"individual",11,0,0,0.5,0.00154694476494268,0.0494,1
"individual",12,0,0,0.5,0.00162486691824349,0.0496,1
"individual",13,0,0,0.5,0.00132013222137227,0.0511,1
"individual",14,0,0,0.5,0.000627673283511203,0.0524,1
"individual",15,0,0,0.5,0.000693536851713945,0.0514,1
"individual",16,0,0,0.5,0.000804424914927213,0.0495,1
"individual",17,0,0,0.5,0.000465055070935591,0.0483,1
"individual",18,0,0,0.5,0.000605583288581191,0.0482,1
"individual",19,0,0,0.5,0.000479214098106111,0.0506,1
"individual",20,0,0,0.5,2.51732258171785e-05,0.0508,1
"individual",2,0,0,0.5,-0.00330982851207823,0.0515,2
"individual",3,0,0,0.5,-0.00204299792695399,0.0507,2
"individual",4,0,0,0.5,-0.00218756260771812,0.0518,2
"individual",5,0,0,0.5,-0.00164412100645382,0.0508,2
"individual",6,0,0,0.5,-0.00205663016397745,0.0516,2
"individual",7,0,0,0.5,0.00136507188671727,0.0476,2
"individual",8,0,0,0.5,-0.000767283373244571,0.053,2
"individual",9,0,0,0.5,-0.000306127473655335,0.0511,2
"individual",10,0,0,0.5,-0.00095867646788874,0.0522,2
"individual",11,0,0,0.5,-0.000926688064534379,0.0494,2
"individual",12,0,0,0.5,-0.00082477086911497,0.0506,2
"individual",13,0,0,0.5,-0.00122350799770063,0.0502,2
"individual",14,0,0,0.5,-0.000799473095976641,0.0479,2
"individual",15,0,0,0.5,-0.000925586072946012,0.052,2
"individual",16,0,0,0.5,-0.00111976084481699,0.0497,2
"individual",17,0,0,0.5,-0.000958957738483837,0.0517,2
"individual",18,0,0,0.5,-0.000891631137916337,0.0515,2
"individual",19,0,0,0.5,-0.000709531578160923,0.0504,2
"individual",20,0,0,0.5,-0.000132087977800173,0.0503,2
"individual",2,0,0,0.5,-0.0162426446585767,0.0493,3
"individual",3,0,0,0.5,-0.00650450143999312,0.0501,3
"individual",4,0,0,0.5,-0.00104085351271952,0.0506,3
"individual",5,0,0,0.5,-0.00107782586201004,0.0537,3
"individual",6,0,0,0.5,0.00222799187728409,0.0527,3
"individual",7,0,0,0.5,0.00101504401690313,0.0523,3
"individual",8,0,0,0.5,0.00270315266921306,0.0505,3
"individual",9,0,0,0.5,0.00266486063345901,0.0493,3
"individual",10,0,0,0.5,0.00231440410439389,0.0482,3
"individual",11,0,0,0.5,0.00102820992667199,0.0476,3
"individual",12,0,0,0.5,0.000769239982156894,0.0491,3
"individual",13,0,0,0.5,5.31912934733723e-05,0.049,3
"individual",14,0,0,0.5,-0.000443263367004232,0.0481,3
"individual",15,0,0,0.5,-0.000484615639079604,0.0486,3
"individual",16,0,0,0.5,-0.000232092360858709,0.0454,3
"individual",17,0,0,0.5,3.39500341928177e-05,0.0462,3
"individual",18,0,0,0.5,-0.000774802851784509,0.0521,3
"individual",19,0,0,0.5,-0.000288590474506101,0.0539,3
"individual",20,0,0,0.5,0.000134051687808034,0.053,3
"individual",2,0,0,0.5,-0.0150298729310957,0.0497,4
"individual",3,0,0,0.5,-0.00859335765965355,0.0477,4
"individual",4,0,0,0.5,-0.00929010716507044,0.0522,4
"individual",5,0,0,0.5,-0.00514283671071802,0.0518,4
"individual",6,0,0,0.5,-0.000943550971141205,0.0499,4
"individual",7,0,0,0.5,-0.000533109228607785,0.0515,4
"individual",8,0,0,0.5,0.000916270051916523,0.0475,4
"individual",9,0,0,0.5,0.000142167771333418,0.0494,4
"individual",10,0,0,0.5,0.000303695038139706,0.0506,4
"individual",11,0,0,0.5,0.00214664550871786,0.0494,4
"individual",12,0,0,0.5,0.000789053559343561,0.0502,4
"individual",13,0,0,0.5,0.000300909060162531,0.0498,4
"individual",14,0,0,0.5,-4.30288564646127e-05,0.0501,4
"individual",15,0,0,0.5,-0.000263833494038148,0.0477,4
"individual",16,0,0,0.5,-0.000348856785656941,0.0489,4
"individual",17,0,0,0.5,-0.000477083639248957,0.0498,4
"individual",18,0,0,0.5,-0.000440460975211556,0.0506,4
"individual",19,0,0,0.5,-0.000309862674869981,0.0489,4
"individual",20,0,0,0.5,-4.25963894590481e-05,0.0475,4
"individual",2,0,0,0.5,0.0126052621937245,0.0486,5
"individual",3,0,0,0.5,0.0092364785224358,0.0488,5
"individual",4,0,0,0.5,0.00309868983044139,0.0501,5
"individual",5,0,0,0.5,-0.000951669660317634,0.0487,5
"individual",6,0,0,0.5,-0.00225714503786127,0.0514,5
"individual",7,0,0,0.5,-0.00232703846426761,0.0495,5
"individual",8,0,0,0.5,-0.00295496770954954,0.0513,5
"individual",9,0,0,0.5,-0.00211469206795534,0.0491,5
"individual",10,0,0,0.5,-0.000880870726206904,0.0506,5
"individual",11,0,0,0.5,-0.00132068502084229,0.0507,5
"individual",12,0,0,0.5,-0.000340840216006352,0.0504,5
"individual",13,0,0,0.5,-0.000520600176864494,0.0512,5
"individual",14,0,0,0.5,-0.000224378505118163,0.0518,5
"individual",15,0,0,0.5,0.000369365769503299,0.0503,5
"individual",16,0,0,0.5,0.00048713091127142,0.0504,5
"individual",17,0,0,0.5,0.000266610214471723,0.0517,5
"individual",18,0,0,0.5,0.000378412048454847,0.05,5
"individual",19,0,0,0.5,-9.25621611708632e-05,0.0515,5
"individual",20,0,0,0.5,0.000162093070802351,0.051,5
"individual",2,0,0,0.5,-0.0228171890737193,0.0516,6
"individual",3,0,0,0.5,0.00327501600145052,0.048,6
"individual",4,0,0,0.5,0.00160461901823117,0.0488,6
"individual",5,0,0,0.5,-0.00243536867644756,0.0508,6
"individual",6,0,0,0.5,0.00102252298088672,0.0468,6
"individual",7,0,0,0.5,0.000538816457695029,0.0497,6
"individual",8,0,0,0.5,-0.00107152789410306,0.0508,6
"individual",9,0,0,0.5,-0.00117823994057367,0.0482,6
"individual",10,0,0,0.5,-0.0014134217181224,0.0504,6
"individual",11,0,0,0.5,-0.000891652458473216,0.0511,6
"individual",12,0,0,0.5,-0.000912756818517965,0.0539,6
"individual",13,0,0,0.5,-0.00102028216136594,0.0513,6
"individual",14,0,0,0.5,0.000106953380845485,0.0483,6
"individual",15,0,0,0.5,-0.000159841069335824,0.0527,6
"individual",16,0,0,0.5,-0.00025363396661869,0.0487,6
"individual",17,0,0,0.5,-1.2308136033346e-05,0.0489,6
"individual",18,0,0,0.5,0.000283969888898714,0.05,6
"individual",19,0,0,0.5,0.000120844696844544,0.0506,6
"individual",20,0,0,0.5,0.000202835666867284,0.0517,6
"individual",2,0,0,0.5,0.00798160799679372,0.0494,7
"individual",3,0,0,0.5,-0.00255772013081724,0.0512,7
"individual",4,0,0,0.5,0.00119976479175356,0.0469,7
"individual",5,0,0,0.5,-0.0023484846076316,0.0465,7
"individual",6,0,0,0.5,-0.00232575597738677,0.0487,7
"individual",7,0,0,0.5,-0.00268577796158449,0.0495,7
"individual",8,0,0,0.5,-0.00306862315909522,0.0503,7
"individual",9,0,0,0.5,-0.000746879661640605,0.0504,7
"individual",10,0,0,0.5,-0.000841787688846208,0.0489,7
"individual",11,0,0,0.5,-0.000354918241222822,0.0472,7
"individual",12,0,0,0.5,-0.000879630488993788,0.0487,7
"individual",13,0,0,0.5,-0.000521582426500096,0.0443,7
"individual",14,0,0,0.5,-0.00109819098661334,0.0494,7
"individual",15,0,0,0.5,-0.000802731856122439,0.0478,7
"individual",16,0,0,0.5,-0.00091471293586436,0.0527,7
"individual",17,0,0,0.5,-0.000420894243562836,0.0489,7
"individual",18,0,0,0.5,-0.000408876434661939,0.0505,7
"individual",19,0,0,0.5,-0.000384114416663839,0.0474,7
"individual",20,0,0,0.5,-2.7730479509298e-05,0.0481,7
"individual",2,0,0,0.5,0.044734271109981,0.051,8
"individual",3,0,0,0.5,0.00606531212849938,0.0483,8
"individual",4,0,0,0.5,-0.00371384024019833,0.0501,8
"individual",5,0,0,0.5,-0.00289557890352175,0.0493,8
"individual",6,0,0,0.5,0.00112409833245096,0.0471,8
"individual",7,0,0,0.5,0.0026061265091529,0.0479,8
"individual",8,0,0,0.5,0.00026534426355936,0.0498,8
"individual",9,0,0,0.5,0.00121111370841491,0.0475,8
"individual",10,0,0,0.5,0.00160440075441907,0.0473,8
"individual",11,0,0,0.5,0.00065713304613632,0.0481,8
"individual",12,0,0,0.5,-0.000168602571023012,0.0446,8
"individual",13,0,0,0.5,-0.000494199814150269,0.0474,8
"individual",14,0,0,0.5,-0.00045259828381679,0.0458,8
"individual",15,0,0,0.5,-0.000575846383594858,0.0503,8
"individual",16,0,0,0.5,0.0001590773782715,0.0484,8
"individual",17,0,0,0.5,0.000548337072172069,0.0501,8
"individual",18,0,0,0.5,4.24571198127318e-05,0.0478,8
"individual",19,0,0,0.5,0.000313733594161476,0.0472,8
"individual",20,0,0,0.5,0.000172207472876992,0.0498,8
"individual",2,0,0,0.5,-0.0184605244911159,0.0495,9
"individual",3,0,0,0.5,-0.0109973265441856,0.0492,9
"individual",4,0,0,0.5,-0.00331945195914371,0.0503,9
"individual",5,0,0,0.5,-4.77497317155594e-05,0.0485,9
"individual",6,0,0,0.5,-0.00119650308468283,0.0471,9
"individual",7,0,0,0.5,-0.00371795287639246,0.0508,9
"individual",8,0,0,0.5,-0.00387482578934184,0.0497,9
"individual",9,0,0,0.5,-0.00277776735987273,0.0485,9
"individual",10,0,0,0.5,-0.00408497433979434,0.0517,9
"individual",11,0,0,0.5,-0.00211391737241071,0.05,9
"individual",12,0,0,0.5,-0.00265226711094143,0.0509,9
"individual",13,0,0,0.5,-0.00129676760264678,0.0482,9
"individual",14,0,0,0.5,-0.00118674279976022,0.0492,9
"individual",15,0,0,0.5,-0.000959207737440238,0.0506,9
"individual",16,0,0,0.5,-0.000734666681010383,0.0497,9
"individual",17,0,0,0.5,-0.000370256064858965,0.0491,9
"individual",18,0,0,0.5,-0.000310420605871701,0.049,9
"individual",19,0,0,0.5,-6.93371491692868e-05,0.0491,9
"individual",20,0,0,0.5,-0.000728207138332562,0.0474,9
"individual",2,0,0,0.5,-0.0029526687126235,0.0505,10
"individual",3,0,0,0.5,-0.0136020632026352,0.0535,10
"individual",4,0,0,0.5,-0.00748310926525132,0.0479,10
"individual",5,0,0,0.5,-0.0057509199744654,0.0491,10
"individual",6,0,0,0.5,-0.00215508991714084,0.0478,10
"individual",7,0,0,0.5,-0.00163633109173084,0.0484,10
"individual",8,0,0,0.5,-0.00446926777111176,0.051,10
"individual",9,0,0,0.5,-0.00348435571194589,0.0473,10
"individual",10,0,0,0.5,-0.00209543182912245,0.0521,10
"individual",11,0,0,0.5,-0.00278961583178167,0.0515,10
"individual",12,0,0,0.5,-0.00139582562799965,0.0482,10
"individual",13,0,0,0.5,-0.00196475367178253,0.0516,10
"individual",14,0,0,0.5,-0.00239129904490908,0.0511,10
"individual",15,0,0,0.5,-0.00288926938572474,0.0518,10
"individual",16,0,0,0.5,-0.00230724832634813,0.0511,10
"individual",17,0,0,0.5,-0.0011694756024061,0.0494,10
"individual",18,0,0,0.5,-0.00179820040903121,0.0527,10
"individual",19,0,0,0.5,-0.00166400436565248,0.0509,10
"individual",20,0,0,0.5,-0.00136123024357522,0.0524,10
"individual",2,0,0,0.5,-0.00269553279951923,0.0495,11
"individual",3,0,0,0.5,-0.00868210426280201,0.0511,11
"individual",4,0,0,0.5,-0.00506122249411107,0.0493,11
"individual",5,0,0,0.5,-0.00527131630241624,0.0518,11
"individual",6,0,0,0.5,-0.00210712470765759,0.0509,11
"individual",7,0,0,0.5,-0.00235018302199004,0.0524,11
"individual",8,0,0,0.5,-0.00208345564656172,0.0508,11
"individual",9,0,0,0.5,-0.000192130101334962,0.0481,11
"individual",10,0,0,0.5,-0.00136194408051686,0.0496,11
"individual",11,0,0,0.5,-4.41979809604462e-05,0.0499,11
"individual",12,0,0,0.5,0.000274133040793331,0.0469,11
"individual",13,0,0,0.5,0.000352232983165362,0.0525,11
"individual",14,0,0,0.5,0.000754197641433224,0.0516,11
"individual",15,0,0,0.5,0.000454400604532694,0.051,11
"individual",16,0,0,0.5,0.000532176386351391,0.0502,11
"individual",17,0,0,0.5,0.000950228098659193,0.0494,11
"individual",18,0,0,0.5,0.00110411456346606,0.0481,11
"individual",19,0,0,0.5,0.000966480081442743,0.0491,11
"individual",20,0,0,0.5,0.00136700612655297,0.0474,11
"individual",2,0,0,0.5,-0.0136655701079065,0.0527,12
"individual",3,0,0,0.5,0.00477554967209941,0.0495,12
"individual",4,0,0,0.5,0.00177416170879237,0.0503,12
"individual",5,0,0,0.5,0.00667812823827835,0.049,12
"individual",6,0,0,0.5,0.00356188230031745,0.0474,12
"individual",7,0,0,0.5,0.00432925914777319,0.045,12
"individual",8,0,0,0.5,0.0014700240604559,0.0494,12
"individual",9,0,0,0.5,0.00216583863213957,0.0479,12
"individual",10,0,0,0.5,0.00178321968380851,0.0498,12
"individual",11,0,0,0.5,0.00203320510481675,0.0489,12
"individual",12,0,0,0.5,0.00125989036913352,0.0485,12
"individual",13,0,0,0.5,0.00118943051914565,0.0499,12
"individual",14,0,0,0.5,0.000792790293961402,0.0501,12
"individual",15,0,0,0.5,0.000813602581552932,0.0504,12
"individual",16,0,0,0.5,0.000814525080393093,0.0482,12
"individual",17,0,0,0.5,0.00059225056335918,0.0497,12
"individual",18,0,0,0.5,0.000823949321550523,0.0478,12
"individual",19,0,0,0.5,0.000346156456500399,0.0486,12
"individual",20,0,0,0.5,-0.000138667009617361,0.0501,12
"individual",2,0,0,0.5,-0.024522771153817,0.0516,13
"individual",3,0,0,0.5,-0.0148827351315898,0.0539,13
"individual",4,0,0,0.5,0.00376482816153556,0.0464,13
"individual",5,0,0,0.5,-0.00148671086069666,0.0503,13
"individual",6,0,0,0.5,-0.00127248244784198,0.0474,13
"individual",7,0,0,0.5,-0.00145026393750736,0.0497,13
"individual",8,0,0,0.5,-0.00179311583920473,0.0497,13
"individual",9,0,0,0.5,-0.00134521927109251,0.0488,13
"individual",10,0,0,0.5,0.000369869635803026,0.0441,13
"individual",11,0,0,0.5,-0.000777323531432544,0.0504,13
"individual",12,0,0,0.5,-0.000675708414816587,0.0503,13
"individual",13,0,0,0.5,-0.000684757962066058,0.0512,13
"individual",14,0,0,0.5,-0.00107589073268234,0.0512,13
"individual",15,0,0,0.5,-0.000599923679837176,0.0506,13
"individual",16,0,0,0.5,-9.86748596334166e-05,0.0523,13
"individual",17,0,0,0.5,-0.000301581695880796,0.0514,13
"individual",18,0,0,0.5,-0.000315574535823366,0.052,13
"individual",19,0,0,0.5,6.08523046956901e-06,0.053,13
"individual",20,0,0,0.5,0.000253796146586661,0.0502,13
"individual",2,0,0,0.5,-0.0224436744539161,0.053,14
"individual",3,0,0,0.5,-0.0103569944741698,0.052,14
"individual",4,0,0,0.5,-0.00805178041504365,0.0498,14
"individual",5,0,0,0.5,-0.0044651414088693,0.0481,14
"individual",6,0,0,0.5,-0.00262968491800427,0.0492,14
"individual",7,0,0,0.5,-0.00149961194496611,0.0484,14
"individual",8,0,0,0.5,0.00137497850812294,0.0483,14
"individual",9,0,0,0.5,0.000729860971986936,0.0471,14
"individual",10,0,0,0.5,-0.000205830334710918,0.0497,14
"individual",11,0,0,0.5,-0.000292000943748063,0.0492,14
"individual",12,0,0,0.5,-0.000988971437350367,0.0486,14
"individual",13,0,0,0.5,0.000265136622905287,0.0491,14
"individual",14,0,0,0.5,-0.000477140952929523,0.0488,14
"individual",15,0,0,0.5,-0.000303601339647899,0.0485,14
"individual",16,0,0,0.5,-0.000737375656747982,0.0467,14
"individual",17,0,0,0.5,-0.000698925657541875,0.0477,14
"individual",18,0,0,0.5,-0.00157680499253207,0.0507,14
"individual",19,0,0,0.5,-0.000895760684087347,0.0491,14
"individual",20,0,0,0.5,-0.00101671388902351,0.0494,14
"individual",2,0,0,0.5,-0.0176227602544044,0.0508,15
"individual",3,0,0,0.5,0.0103928654555293,0.0499,15
"individual",4,0,0,0.5,0.000423382272756133,0.0491,15
"individual",5,0,0,0.5,0.00386850667097368,0.0482,15
"individual",6,0,0,0.5,0.00295672237017753,0.0489,15
"individual",7,0,0,0.5,0.000653671696414848,0.047,15
"individual",8,0,0,0.5,0.00140140708865454,0.045,15
"individual",9,0,0,0.5,-0.000222086109382134,0.049,15
"individual",10,0,0,0.5,9.63819888933642e-05,0.049,15
"individual",11,0,0,0.5,0.00026887103212926,0.0501,15
"individual",12,0,0,0.5,5.29418056336672e-05,0.0489,15
"individual",13,0,0,0.5,-0.000732937911392622,0.0496,15
"individual",14,0,0,0.5,-0.0010532493076091,0.052,15
"individual",15,0,0,0.5,-0.000233544513582008,0.0497,15
"individual",16,0,0,0.5,-0.000668966859809178,0.0516,15
"individual",17,0,0,0.5,-0.000798675638030311,0.0499,15
"individual",18,0,0,0.5,-0.00088059882652889,0.0512,15
"individual",19,0,0,0.5,-0.000465956231438444,0.0516,15
"individual",20,0,0,0.5,-0.00101458375546056,0.0505,15
"individual",2,0,0,0.5,0.000973769282118988,0.051,16
"individual",3,0,0,0.5,-0.0129702619202783,0.0511,16
"individual",4,0,0,0.5,-0.00652309837985748,0.0497,16
"individual",5,0,0,0.5,-0.0089930757168849,0.048,16
"individual",6,0,0,0.5,-0.0049558921427621,0.0499,16
"individual",7,0,0,0.5,-0.00523444054066811,0.0514,16
"individual",8,0,0,0.5,-0.00349329536959935,0.0464,16
"individual",9,0,0,0.5,-0.00459042182194503,0.0519,16
"individual",10,0,0,0.5,-0.000601511041420192,0.0486,16
"individual",11,0,0,0.5,-0.00133831733377943,0.0512,16
"individual",12,0,0,0.5,-0.00101294045259017,0.0503,16
"individual",13,0,0,0.5,0.000409006727054668,0.051,16
"individual",14,0,0,0.5,0.000265540825651531,0.0499,16
"individual",15,0,0,0.5,0.000491416256725227,0.0499,16
"individual",16,0,0,0.5,0.00105078819509393,0.0507,16
"individual",17,0,0,0.5,0.00101818245340122,0.0476,16
"individual",18,0,0,0.5,6.57694915120501e-05,0.0507,16
"individual",19,0,0,0.5,0.000397935513349661,0.0485,16
"individual",20,0,0,0.5,0.00036036001702012,0.0504,16
"individual",2,0,0,0.5,0.00763947410816843,0.0502,17
"individual",3,0,0,0.5,-0.0072379299144591,0.0468,17
"individual",4,0,0,0.5,0.00243171847351244,0.0465,17
"individual",5,0,0,0.5,0.00264775186600019,0.0491,17
"individual",6,0,0,0.5,0.000648392003743818,0.049,17
"individual",7,0,0,0.5,-0.00193081649259042,0.0518,17
"individual",8,0,0,0.5,-0.000442366791635584,0.0487,17
"individual",9,0,0,0.5,0.000666417916644807,0.0497,17
"individual",10,0,0,0.5,-0.000268899562577681,0.05,17
"individual",11,0,0,0.5,-0.000541905314331457,0.0519,17
"individual",12,0,0,0.5,-0.000249446684029263,0.0493,17
"individual",13,0,0,0.5,-0.000917195044190748,0.0494,17
"individual",14,0,0,0.5,0.000566970857087521,0.0471,17
"individual",15,0,0,0.5,0.000533569042688765,0.0511,17
"individual",16,0,0,0.5,0.000209511565767129,0.0474,17
"individual",17,0,0,0.5,0.000306250850139353,0.0508,17
"individual",18,0,0,0.5,0.000236626295792058,0.0504,17
"individual",19,0,0,0.5,0.000393925262103712,0.0491,17
"individual",20,0,0,0.5,0.000296234286623116,0.0512,17
"individual",2,0,0,0.5,0.0297769758778863,0.0451,18
"individual",3,0,0,0.5,0.00519003675994882,0.0498,18
"individual",4,0,0,0.5,0.00186445195070226,0.0471,18
"individual",5,0,0,0.5,-0.00238490040891418,0.0498,18
"individual",6,0,0,0.5,0.000662561454990326,0.0471,18
"individual",7,0,0,0.5,-0.00331390052160583,0.0506,18
"individual",8,0,0,0.5,-0.00286881819193578,0.0492,18
"individual",9,0,0,0.5,-0.00215560054685306,0.0453,18
"individual",10,0,0,0.5,-0.00186079247209637,0.0496,18
"individual",11,0,0,0.5,-0.00174465203924239,0.0494,18
"individual",12,0,0,0.5,-0.000759614592649591,0.0482,18
"individual",13,0,0,0.5,-0.000713805854050632,0.0481,18
"individual",14,0,0,0.5,-0.000172076389544264,0.0473,18
"individual",15,0,0,0.5,0.000317772782355362,0.0487,18
"individual",16,0,0,0.5,0.000101556685326271,0.0478,18
"individual",17,0,0,0.5,0.000667273912063158,0.0479,18
"individual",18,0,0,0.5,-0.00040491251144471,0.0496,18
"individual",19,0,0,0.5,-0.000450171346497452,0.0502,18
"individual",20,0,0,0.5,0.000367121616300709,0.0507,18
"individual",2,0,0,0.5,0.00130576616161429,0.0488,19
"individual",3,0,0,0.5,-0.00879296715632167,0.0494,19
"individual",4,0,0,0.5,-0.00186664440276064,0.0499,19
"individual",5,0,0,0.5,-0.00215200514863492,0.0507,19
"individual",6,0,0,0.5,-0.0028612945378392,0.0497,19
"individual",7,0,0,0.5,-0.00114811569233302,0.0501,19
"individual",8,0,0,0.5,-0.00101519685860034,0.0494,19
"individual",9,0,0,0.5,-0.00107784770859537,0.0496,19
"individual",10,0,0,0.5,-0.00275011196153878,0.047,19
"individual",11,0,0,0.5,-0.00271625313517001,0.0497,19
"individual",12,0,0,0.5,-0.00263528567143634,0.0477,19
"individual",13,0,0,0.5,-0.00155685201765986,0.047,19
"individual",14,0,0,0.5,-0.00145820919633412,0.0476,19
"individual",15,0,0,0.5,-0.00222139468526363,0.0475,19
"individual",16,0,0,0.5,-0.00262894784167449,0.0485,19
"individual",17,0,0,0.5,-0.00294824092779401,0.0489,19
"individual",18,0,0,0.5,-0.00264031644437389,0.0484,19
"individual",19,0,0,0.5,-0.00209868647659305,0.0519,19
"individual",20,0,0,0.5,-0.0016469707359246,0.0479,19
"individual",2,0,0,0.5,-0.00719868572315771,0.0499,20
"individual",3,0,0,0.5,-0.0192606830670435,0.0532,20
"individual",4,0,0,0.5,-0.00362113348897207,0.0488,20
"individual",5,0,0,0.5,-0.00233955997792183,0.0457,20
"individual",6,0,0,0.5,-0.00374830712706607,0.0494,20
"individual",7,0,0,0.5,-0.00116775766087981,0.0505,20
"individual",8,0,0,0.5,0.00012093425034918,0.0501,20
"individual",9,0,0,0.5,-0.000394895471272055,0.0511,20
"individual",10,0,0,0.5,-0.000365720467972744,0.0481,20
"individual",11,0,0,0.5,-0.000549897065498571,0.05,20
"individual",12,0,0,0.5,-0.000923804616953889,0.0507,20
"individual",13,0,0,0.5,-0.00172717884461707,0.051,20
"individual",14,0,0,0.5,-0.00152546094481966,0.0498,20
"individual",15,0,0,0.5,-0.00168831979586013,0.0507,20
"individual",16,0,0,0.5,-0.00081920729663698,0.0467,20
"individual",17,0,0,0.5,-0.001548714805115,0.0529,20
"individual",18,0,0,0.5,-0.000809827216039602,0.0485,20
"individual",19,0,0,0.5,-0.00087256792099886,0.0517,20
"individual",20,0,0,0.5,-0.000586490278519933,0.0513,20
"opposite",2,0,0,0.5,0.00314884651438305,0.0134,1
"opposite",3,0,0,0.5,0.00195481126389738,0.0249,1
"opposite",4,0,0,0.5,-0.00652524295225876,0.0127,1
"opposite",5,0,0,0.5,-0.0074420634981952,0.0196,1
"opposite",6,0,0,0.5,-0.00503012608811111,0.0136,1
"opposite",7,0,0,0.5,-0.0018570229064113,0.0181,1
"opposite",8,0,0,0.5,-0.000466323447027807,0.012,1
"opposite",9,0,0,0.5,-0.00270079849314712,0.0153,1
"opposite",10,0,0,0.5,-0.000160610319107009,0.0123,1
"opposite",11,0,0,0.5,0.00159158259073909,0.0123,1
"opposite",12,0,0,0.5,0.00169973729448456,0.0109,1
"opposite",13,0,0,0.5,0.000675810508267953,0.0136,1
"opposite",14,0,0,0.5,6.56646042441633e-05,0.0101,1
"opposite",15,0,0,0.5,-0.000351174818084283,0.0142,1
"opposite",16,0,0,0.5,-1.96013883335626e-05,0.0123,1
"opposite",17,0,0,0.5,-0.000379700823885542,0.012,1
"opposite",18,0,0,0.5,-0.000451990997172127,0.012,1
"opposite",19,0,0,0.5,-0.000599486053445694,0.0123,1
"opposite",20,0,0,0.5,-0.000459663077428226,0.0096,1
"opposite",2,0,0,0.5,-0.00330982851207823,0.0132,2
"opposite",3,0,0,0.5,-0.0136154084924251,0.0267,2
"opposite",4,0,0,0.5,-0.00457383597593727,0.0117,2
"opposite",5,0,0,0.5,-0.00660365820520612,0.0213,2
"opposite",6,0,0,0.5,-0.00283111648435149,0.0129,2
"opposite",7,0,0,0.5,-0.00185498795232192,0.0166,2
"opposite",8,0,0,0.5,-0.00360653716966428,0.0126,2
"opposite",9,0,0,0.5,-0.00305554006304011,0.0158,2
"opposite",10,0,0,0.5,-0.00186911672380032,0.0111,2
"opposite",11,0,0,0.5,-0.0026776084687602,0.0176,2
"opposite",12,0,0,0.5,-0.00250434439673466,0.0119,2
"opposite",13,0,0,0.5,-0.00222907224258062,0.0157,2
"opposite",14,0,0,0.5,-0.00195286829525064,0.0115,2
"opposite",15,0,0,0.5,-0.00186908873430622,0.0135,2
"opposite",16,0,0,0.5,-0.00182736445796981,0.0132,2
"opposite",17,0,0,0.5,-0.00110125807849836,0.0131,2
"opposite",18,0,0,0.5,-0.00115687289398024,0.0134,2
"opposite",19,0,0,0.5,-0.00110183591222232,0.0153,2
"opposite",20,0,0,0.5,-0.0012725869674238,0.0113,2
"opposite",2,0,0,0.5,-0.0162426446585767,0.0138,3
"opposite",3,0,0,0.5,-0.0087379602976413,0.026,3
"opposite",4,0,0,0.5,-0.00205076072611333,0.013,3
"opposite",5,0,0,0.5,-0.00136894065026759,0.0204,3
"opposite",6,0,0,0.5,0.000916243003514731,0.0122,3
"opposite",7,0,0,0.5,0.00313573815717288,0.0155,3
"opposite",8,0,0,0.5,0.00283423745166731,0.0113,3
"opposite",9,0,0,0.5,0.00121127379536827,0.0159,3
"opposite",10,0,0,0.5,0.00064385192669189,0.0123,3
"opposite",11,0,0,0.5,0.0012457674405929,0.0146,3
"opposite",12,0,0,0.5,0.000172165614231378,0.0105,3
"opposite",13,0,0,0.5,-0.00117724793163871,0.0147,3
"opposite",14,0,0,0.5,-0.00140796322498266,0.0106,3
"opposite",15,0,0,0.5,-0.000781775535135704,0.0137,3
"opposite",16,0,0,0.5,-0.000941986985847556,0.0136,3
"opposite",17,0,0,0.5,-0.00100685815990238,0.0153,3
"opposite",18,0,0,0.5,-0.000778077437396531,0.012,3
"opposite",19,0,0,0.5,-0.000262469392581603,0.0131,3
"opposite",20,0,0,0.5,-2.08836605143697e-05,0.0099,3
"opposite",2,0,0,0.5,-0.0150298729310957,0.0131,4
"opposite",3,0,0,0.5,-0.00467830898991159,0.0238,4
"opposite",4,0,0,0.5,-0.00688611375354269,0.0124,4
"opposite",5,0,0,0.5,-0.00321222778910205,0.0207,4
"opposite",6,0,0,0.5,0.000811785776053025,0.0126,4
"opposite",7,0,0,0.5,0.00187511021337856,0.0162,4
"opposite",8,0,0,0.5,0.0016838568298504,0.0103,4
"opposite",9,0,0,0.5,0.00161074690524293,0.0152,4
"opposite",10,0,0,0.5,0.00160277207093431,0.0113,4
"opposite",11,0,0,0.5,0.00371131251243507,0.0136,4
"opposite",12,0,0,0.5,0.00254926654870931,0.0127,4
"opposite",13,0,0,0.5,0.00113331026041934,0.0148,4
"opposite",14,0,0,0.5,0.000825367832637944,0.01,4
"opposite",15,0,0,0.5,0.000735427300189762,0.0138,4
"opposite",16,0,0,0.5,0.000386884564222988,0.0108,4
"opposite",17,0,0,0.5,5.99010596987312e-05,0.0164,4
"opposite",18,0,0,0.5,-1.80726169140601e-05,0.0103,4
"opposite",19,0,0,0.5,-7.44201702453933e-06,0.0137,4
"opposite",20,0,0,0.5,-8.45578314949388e-06,0.0113,4
"opposite",2,0,0,0.5,0.0126052621937245,0.0146,5
"opposite",3,0,0,0.5,0.00918649301309628,0.0246,5
"opposite",4,0,0,0.5,0.00507056192161079,0.0116,5
"opposite",5,0,0,0.5,0.000151938782278561,0.0215,5
"opposite",6,0,0,0.5,-0.00435124334413456,0.0142,5
"opposite",7,0,0,0.5,-0.00303148819020158,0.0177,5
"opposite",8,0,0,0.5,-0.00275158618205608,0.0125,5
"opposite",9,0,0,0.5,-0.00425058413373981,0.0165,5
"opposite",10,0,0,0.5,-0.0031586241507445,0.0147,5
"opposite",11,0,0,0.5,-0.00396969334419142,0.0187,5
"opposite",12,0,0,0.5,-0.00357756600635044,0.0128,5
"opposite",13,0,0,0.5,-0.00315666599866227,0.0173,5
"opposite",14,0,0,0.5,-0.00285800610922169,0.0124,5
"opposite",15,0,0,0.5,-0.00169853627461994,0.0134,5
"opposite",16,0,0,0.5,-0.000875745405815921,0.0096,5
"opposite",17,0,0,0.5,-0.00115098320278987,0.0137,5
"opposite",18,0,0,0.5,-0.0007867678288041,0.0113,5
"opposite",19,0,0,0.5,-0.000538369130769393,0.0146,5
"opposite",20,0,0,0.5,-0.000575215994914283,0.0115,5
"opposite",2,0,0,0.5,-0.0228171890737193,0.0133,6
"opposite",3,0,0,0.5,-0.000605536510393862,0.0248,6
"opposite",4,0,0,0.5,-0.00261418092602615,0.0126,6
"opposite",5,0,0,0.5,-0.000772773372839579,0.0208,6
"opposite",6,0,0,0.5,0.00191943805011662,0.0092,6
"opposite",7,0,0,0.5,0.000754428755623934,0.0176,6
"opposite",8,0,0,0.5,0.000317438031265596,0.0124,6
"opposite",9,0,0,0.5,0.000534990652197911,0.0154,6
"opposite",10,0,0,0.5,-0.000292302678166033,0.0112,6
"opposite",11,0,0,0.5,-0.000142944743892545,0.0119,6
"opposite",12,0,0,0.5,0.00126080198774263,0.0098,6
"opposite",13,0,0,0.5,0.000693091960172602,0.0138,6
"opposite",14,0,0,0.5,0.000602418258071635,0.0096,6
"opposite",15,0,0,0.5,0.0006184513691616,0.0115,6
"opposite",16,0,0,0.5,0.000407508074289024,0.0115,6
"opposite",17,0,0,0.5,-0.000173820274206612,0.0139,6
"opposite",18,0,0,0.5,0.000108755368603774,0.0102,6
"opposite",19,0,0,0.5,0.000451886513792866,0.0121,6
"opposite",20,0,0,0.5,0.000291988724178152,0.0108,6
"opposite",2,0,0,0.5,0.00798160799679372,0.0116,7
"opposite",3,0,0,0.5,0.000707117541875942,0.0235,7
"opposite",4,0,0,0.5,0.00196030603350826,0.0109,7
"opposite",5,0,0,0.5,-0.00273691681085003,0.0233,7
"opposite",6,0,0,0.5,-0.00343139832062833,0.0132,7
"opposite",7,0,0,0.5,-0.00210917532252866,0.0179,7
"opposite",8,0,0,0.5,-0.00173942996932571,0.0108,7
"opposite",9,0,0,0.5,0.000306186299475085,0.019,7
"opposite",10,0,0,0.5,-0.000974752872584967,0.0113,7
"opposite",11,0,0,0.5,8.85375957635053e-05,0.0157,7
"opposite",12,0,0,0.5,-0.00138091652451727,0.0116,7
"opposite",13,0,0,0.5,-0.00116429801992453,0.0152,7
"opposite",14,0,0,0.5,-0.000708227501825123,0.011,7
"opposite",15,0,0,0.5,-0.00106893746660331,0.0148,7
"opposite",16,0,0,0.5,-0.00163854964024679,0.0121,7
"opposite",17,0,0,0.5,-0.00120150205799888,0.016,7
"opposite",18,0,0,0.5,-0.000366435634303354,0.012,7
"opposite",19,0,0,0.5,-0.000461991826581214,0.013,7
"opposite",20,0,0,0.5,3.4877835306084e-05,0.0095,7
"opposite",2,0,0,0.5,0.044734271109981,0.0117,8
"opposite",3,0,0,0.5,0.0129548057482577,0.0243,8
"opposite",4,0,0,0.5,-6.75719585204668e-05,0.013,8
"opposite",5,0,0,0.5,-0.0036280022840682,0.0192,8
"opposite",6,0,0,0.5,0.00126185756006569,0.0107,8
"opposite",7,0,0,0.5,0.00340976377809822,0.0185,8
"opposite",8,0,0,0.5,0.00207096631580631,0.01,8
"opposite",9,0,0,0.5,0.00184189249587776,0.0163,8
"opposite",10,0,0,0.5,0.000581376105051346,0.0103,8
"opposite",11,0,0,0.5,0.00152253512099122,0.0161,8
"opposite",12,0,0,0.5,0.000436216431370798,0.0105,8
"opposite",13,0,0,0.5,-0.000270474399029243,0.0147,8
"opposite",14,0,0,0.5,-9.69589722567498e-05,0.0091,8
"opposite",15,0,0,0.5,3.52232873306266e-05,0.0133,8
"opposite",16,0,0,0.5,0.000884885770843442,0.0097,8
"opposite",17,0,0,0.5,0.00136643573736694,0.0123,8
"opposite",18,0,0,0.5,0.000893136326091415,0.011,8
"opposite",19,0,0,0.5,0.000858495894965871,0.0163,8
"opposite",20,0,0,0.5,0.000957392094616981,0.0099,8
"opposite",2,0,0,0.5,-0.0184605244911159,0.0148,9
"opposite",3,0,0,0.5,-0.0130926980061069,0.0279,9
"opposite",4,0,0,0.5,-0.00711572121538981,0.0133,9
"opposite",5,0,0,0.5,-0.00165437795917672,0.0212,9
"opposite",6,0,0,0.5,-0.00203694383039995,0.012,9
"opposite",7,0,0,0.5,-0.00496707017350063,0.0202,9
"opposite",8,0,0,0.5,-0.0047918965603978,0.0125,9
"opposite",9,0,0,0.5,-0.00477612664206734,0.0189,9
"opposite",10,0,0,0.5,-0.00486012263603673,0.0119,9
"opposite",11,0,0,0.5,-0.00382163123727732,0.0157,9
"opposite",12,0,0,0.5,-0.0020759714613563,0.0134,9
"opposite",13,0,0,0.5,-0.00172305222188568,0.0133,9
"opposite",14,0,0,0.5,-0.00166826148307611,0.0128,9
"opposite",15,0,0,0.5,-0.00146589415343865,0.0144,9
"opposite",16,0,0,0.5,-0.00152852227611281,0.0111,9
"opposite",17,0,0,0.5,-0.00104172963750157,0.0127,9
"opposite",18,0,0,0.5,-0.000978659181595851,0.01,9
"opposite",19,0,0,0.5,-0.000976939722000348,0.0145,9
"opposite",20,0,0,0.5,-0.001550146915867,0.0102,9
"opposite",2,0,0,0.5,-0.0029526687126235,0.0145,10
"opposite",3,0,0,0.5,-0.0129428065750769,0.0273,10
"opposite",4,0,0,0.5,-0.00979419065566295,0.0137,10
"opposite",5,0,0,0.5,-0.010833795110787,0.0213,10
"opposite",6,0,0,0.5,-0.00547826291722475,0.0117,10
"opposite",7,0,0,0.5,-0.00468966002028769,0.0193,10
"opposite",8,0,0,0.5,-0.00481043403093357,0.0136,10
"opposite",9,0,0,0.5,-0.00464553373554484,0.0177,10
"opposite",10,0,0,0.5,-0.0032057226341813,0.0112,10
"opposite",11,0,0,0.5,-0.00336361052189799,0.016,10
"opposite",12,0,0,0.5,-0.00220541856701465,0.0119,10
"opposite",13,0,0,0.5,-0.00278534876528854,0.0131,10
"opposite",14,0,0,0.5,-0.00240915365688716,0.0131,10
"opposite",15,0,0,0.5,-0.0028711774132006,0.0143,10
"opposite",16,0,0,0.5,-0.0025507000507294,0.0135,10
"opposite",17,0,0,0.5,-0.00169066565267493,0.0145,10
"opposite",18,0,0,0.5,-0.00161739406809893,0.0132,10
"opposite",19,0,0,0.5,-0.00185079346959046,0.0149,10
"opposite",20,0,0,0.5,-0.00135668719528582,0.0126,10
"opposite",2,0,0,0.5,-0.00269553279951923,0.0149,11
"opposite",3,0,0,0.5,-0.0141164895899056,0.0266,11
"opposite",4,0,0,0.5,-0.00921553172397226,0.0134,11
"opposite",5,0,0,0.5,-0.00484734493669891,0.0197,11
"opposite",6,0,0,0.5,-0.00229489000283354,0.012,11
"opposite",7,0,0,0.5,-0.00175549527058999,0.0202,11
"opposite",8,0,0,0.5,-0.00202578952302296,0.0117,11
"opposite",9,0,0,0.5,-0.000672772101018385,0.018,11
"opposite",10,0,0,0.5,-0.00110583265748515,0.012,11
"opposite",11,0,0,0.5,0.000592019874930422,0.0147,11
"opposite",12,0,0,0.5,0.000924455647945628,0.0107,11
"opposite",13,0,0,0.5,0.000825584988415062,0.0118,11
"opposite",14,0,0,0.5,0.00130388854180404,0.0102,11
"opposite",15,0,0,0.5,0.000781599821604701,0.0131,11
"opposite",16,0,0,0.5,0.000163244363928528,0.0114,11
"opposite",17,0,0,0.5,0.000407204475256545,0.0122,11
"opposite",18,0,0,0.5,0.000346500790474018,0.0098,11
"opposite",19,0,0,0.5,0.00036803822204136,0.0142,11
"opposite",20,0,0,0.5,0.00103629438990926,0.0111,11
"opposite",2,0,0,0.5,-0.0136655701079065,0.0151,12
"opposite",3,0,0,0.5,0.0065291822238256,0.0247,12
"opposite",4,0,0,0.5,0.00642711342517124,0.0102,12
"opposite",5,0,0,0.5,0.00690014503962243,0.0193,12
"opposite",6,0,0,0.5,0.00409751161226986,0.0112,12
"opposite",7,0,0,0.5,0.00527619338995079,0.0164,12
"opposite",8,0,0,0.5,0.00218117643888865,0.0113,12
"opposite",9,0,0,0.5,0.00312517285674443,0.0159,12
"opposite",10,0,0,0.5,0.00335415682706033,0.011,12
"opposite",11,0,0,0.5,0.00366070660493005,0.0135,12
"opposite",12,0,0,0.5,0.0022832361455137,0.0119,12
"opposite",13,0,0,0.5,0.00265653005714224,0.0126,12
"opposite",14,0,0,0.5,0.00250094141616358,0.0103,12
"opposite",15,0,0,0.5,0.00207943098351198,0.0127,12
"opposite",16,0,0,0.5,0.00233973298737897,0.0095,12
"opposite",17,0,0,0.5,0.00160921461475496,0.0115,12
"opposite",18,0,0,0.5,0.00186803284718549,0.0099,12
"opposite",19,0,0,0.5,0.00136764116835086,0.0119,12
"opposite",20,0,0,0.5,0.000968426918366346,0.0115,12
"opposite",2,0,0,0.5,-0.024522771153817,0.013,13
"opposite",3,0,0,0.5,-0.0116136027017472,0.0242,13
"opposite",4,0,0,0.5,0.000570448196278708,0.0116,13
"opposite",5,0,0,0.5,-0.00121347926096342,0.0207,13
"opposite",6,0,0,0.5,-0.00349307735890546,0.0118,13
"opposite",7,0,0,0.5,-0.00387635604236393,0.0197,13
"opposite",8,0,0,0.5,-0.00197894045724469,0.0128,13
"opposite",9,0,0,0.5,-0.00130374492683678,0.0172,13
"opposite",10,0,0,0.5,-0.000162767702334822,0.0105,13
"opposite",11,0,0,0.5,-0.000950412707399813,0.0167,13
"opposite",12,0,0,0.5,-0.000896471760080511,0.0102,13
"opposite",13,0,0,0.5,-0.00115496758027236,0.0136,13
"opposite",14,0,0,0.5,-0.000907006544775388,0.0106,13
"opposite",15,0,0,0.5,-0.000656853511639632,0.0138,13
"opposite",16,0,0,0.5,0.000252179436643406,0.0111,13
"opposite",17,0,0,0.5,0.000402089581707992,0.0129,13
"opposite",18,0,0,0.5,0.000216632141213697,0.011,13
"opposite",19,0,0,0.5,0.00106793386626157,0.013,13
"opposite",20,0,0,0.5,0.00108026095379998,0.0095,13
"opposite",2,0,0,0.5,-0.0224436744539161,0.0149,14
"opposite",3,0,0,0.5,-0.0146394513426018,0.0268,14
"opposite",4,0,0,0.5,-0.0100789398486498,0.0127,14
"opposite",5,0,0,0.5,-0.00270278041149653,0.0207,14
"opposite",6,0,0,0.5,-0.00242347216306448,0.013,14
"opposite",7,0,0,0.5,0.000182550246517931,0.0186,14
"opposite",8,0,0,0.5,0.00315079686804596,0.0116,14
"opposite",9,0,0,0.5,0.00356523069501146,0.0135,14
"opposite",10,0,0,0.5,0.00251311785718216,0.01,14
"opposite",11,0,0,0.5,0.000925292046310995,0.0141,14
"opposite",12,0,0,0.5,-0.00106823203595771,0.0121,14
"opposite",13,0,0,0.5,0.000712962425452194,0.0134,14
"opposite",14,0,0,0.5,-3.19081664318173e-05,0.0103,14
"opposite",15,0,0,0.5,8.5254274227642e-05,0.0128,14
"opposite",16,0,0,0.5,-0.000972185630696263,0.0119,14
"opposite",17,0,0,0.5,-0.00106950403376585,0.0148,14
"opposite",18,0,0,0.5,-0.00144946783319319,0.0096,14
"opposite",19,0,0,0.5,-0.00104636075925026,0.0126,14
"opposite",20,0,0,0.5,-0.000698906900519722,0.0106,14
"opposite",2,0,0,0.5,-0.0176227602544044,0.0136,15
"opposite",3,0,0,0.5,0.0105221678089211,0.0264,15
"opposite",4,0,0,0.5,0.00458586129225689,0.0116,15
"opposite",5,0,0,0.5,0.00406003364925087,0.0197,15
"opposite",6,0,0,0.5,0.00451776095089569,0.0114,15
"opposite",7,0,0,0.5,0.00110824612807822,0.0172,15
"opposite",8,0,0,0.5,0.00219286017884664,0.0114,15
"opposite",9,0,0,0.5,0.00121364581267804,0.014,15
"opposite",10,0,0,0.5,0.0010290544030261,0.0112,15
"opposite",11,0,0,0.5,0.0010669566403595,0.0147,15
"opposite",12,0,0,0.5,0.00150421680445586,0.0108,15
"opposite",13,0,0,0.5,0.000590674392374327,0.013,15
"opposite",14,0,0,0.5,-1.09267192598865e-05,0.0111,15
"opposite",15,0,0,0.5,0.000536518542640278,0.0133,15
"opposite",16,0,0,0.5,-0.000327739141064079,0.0099,15
"opposite",17,0,0,0.5,8.17858209698641e-05,0.0131,15
"opposite",18,0,0,0.5,0.000515522623351502,0.011,15
"opposite",19,0,0,0.5,0.000417097916255058,0.0135,15
"opposite",20,0,0,0.5,-9.93179289463082e-05,0.0101,15
"opposite",2,0,0,0.5,0.000973769282118988,0.0142,16
"opposite",3,0,0,0.5,-0.00812872397321273,0.0283,16
"opposite",4,0,0,0.5,-0.00734286758067828,0.0152,16
"opposite",5,0,0,0.5,-0.0101855474341467,0.0196,16
"opposite",6,0,0,0.5,-0.00822979020445118,0.0146,16
"opposite",7,0,0,0.5,-0.00646408751542408,0.0182,16
"opposite",8,0,0,0.5,-0.00662030911611486,0.0135,16
"opposite",9,0,0,0.5,-0.00469415797577783,0.0192,16
"opposite",10,0,0,0.5,-0.00241180310072686,0.0121,16
"opposite",11,0,0,0.5,-0.00130198639619729,0.0152,16
"opposite",12,0,0,0.5,-0.00153576228301619,0.0122,16
"opposite",13,0,0,0.5,-0.00124902586696753,0.0163,16
"opposite",14,0,0,0.5,-0.00129268465157586,0.0114,16
"opposite",15,0,0,0.5,-0.000453660773091678,0.0132,16
"opposite",16,0,0,0.5,-0.000548822191500084,0.0108,16
"opposite",17,0,0,0.5,-0.000528151782265919,0.0124,16
"opposite",18,0,0,0.5,-0.000877711015834224,0.0107,16
"opposite",19,0,0,0.5,-0.000536952701827457,0.0127,16
"opposite",20,0,0,0.5,-0.000255703807045574,0.01,16
"opposite",2,0,0,0.5,0.00763947410816843,0.0128,17
"opposite",3,0,0,0.5,-0.00127784125265565,0.0239,17
"opposite",4,0,0,0.5,0.00349329461454999,0.0124,17
"opposite",5,0,0,0.5,0.00412099162318198,0.0195,17
"opposite",6,0,0,0.5,0.0020002480179399,0.0115,17
"opposite",7,0,0,0.5,0.00081911134100018,0.0163,17
"opposite",8,0,0,0.5,8.39377177962045e-05,0.0105,17
"opposite",9,0,0,0.5,0.000911488419154464,0.0142,17
"opposite",10,0,0,0.5,0.000410819680929881,0.0097,17
"opposite",11,0,0,0.5,0.000863396560482687,0.0156,17
"opposite",12,0,0,0.5,0.000617552108822771,0.0121,17
"opposite",13,0,0,0.5,6.11109710273238e-05,0.0134,17
"opposite",14,0,0,0.5,0.00195235005102545,0.0088,17
"opposite",15,0,0,0.5,0.00151500603183225,0.0147,17
"opposite",16,0,0,0.5,0.000438554193311351,0.0106,17
"opposite",17,0,0,0.5,0.000731305821199691,0.0154,17
"opposite",18,0,0,0.5,0.000681871204510993,0.0108,17
"opposite",19,0,0,0.5,0.000800077773326952,0.0129,17
"opposite",20,0,0,0.5,0.00120877968283537,0.0086,17
"opposite",2,0,0,0.5,0.0297769758778863,0.0133,18
"opposite",3,0,0,0.5,0.00528179198866901,0.0246,18
"opposite",4,0,0,0.5,0.00338607071354295,0.0117,18
"opposite",5,0,0,0.5,-0.000839832465722324,0.0213,18
"opposite",6,0,0,0.5,-0.00127685863430639,0.0108,18
"opposite",7,0,0,0.5,-0.00377534576227405,0.0183,18
"opposite",8,0,0,0.5,-0.00326817821765118,0.0141,18
"opposite",9,0,0,0.5,-0.00293493075035385,0.016,18
"opposite",10,0,0,0.5,-0.00240288015317725,0.0138,18
"opposite",11,0,0,0.5,-0.00241657800728034,0.016,18
"opposite",12,0,0,0.5,-0.00254060056562959,0.0131,18
"opposite",13,0,0,0.5,-0.00210223654996518,0.0156,18
"opposite",14,0,0,0.5,-0.00213021690324007,0.012,18
"opposite",15,0,0,0.5,-0.000921073193355225,0.0134,18
"opposite",16,0,0,0.5,-0.000787768988895921,0.0114,18
"opposite",17,0,0,0.5,-0.00048899990321277,0.0146,18
"opposite",18,0,0,0.5,-0.000932054881258066,0.0109,18
"opposite",19,0,0,0.5,-0.00143986015177534,0.0141,18
"opposite",20,0,0,0.5,-0.00126077790771708,0.0102,18
"opposite",2,0,0,0.5,0.00130576616161429,0.0139,19
"opposite",3,0,0,0.5,-0.00489818302293334,0.0246,19
"opposite",4,0,0,0.5,-0.0059721204119438,0.0121,19
"opposite",5,0,0,0.5,-0.0036067673620626,0.0213,19
"opposite",6,0,0,0.5,-0.000993442294390969,0.0109,19
"opposite",7,0,0,0.5,0.000340002763870016,0.0162,19
"opposite",8,0,0,0.5,-0.000150233957011834,0.0113,19
"opposite",9,0,0,0.5,-0.000998016935551816,0.016,19
"opposite",10,0,0,0.5,-0.0015447463886109,0.012,19
"opposite",11,0,0,0.5,-0.0014240311132632,0.0132,19
"opposite",12,0,0,0.5,-0.00150376490631957,0.0132,19
"opposite",13,0,0,0.5,-5.0751952944529e-05,0.0144,19
"opposite",14,0,0,0.5,0.000419391546812177,0.0113,19
"opposite",15,0,0,0.5,-0.000388071503859035,0.0133,19
"opposite",16,0,0,0.5,-0.00119777326128098,0.0118,19
"opposite",17,0,0,0.5,-0.00176197925416939,0.0165,19
"opposite",18,0,0,0.5,-0.00190813726682333,0.0124,19
"opposite",19,0,0,0.5,-0.00182245947765519,0.0139,19
"opposite",20,0,0,0.5,-0.00107286421896542,0.014,19
"opposite",2,0,0,0.5,-0.00719868572315771,0.0135,20
"opposite",3,0,0,0.5,-0.0142635224526308,0.0267,20
"opposite",4,0,0,0.5,-0.00817877155586035,0.0129,20
"opposite",5,0,0,0.5,-0.00473481170894301,0.0233,20
"opposite",6,0,0,0.5,-0.00273448176918172,0.0114,20
"opposite",7,0,0,0.5,0.00165816756382746,0.0188,20
"opposite",8,0,0,0.5,0.00230062585975407,0.0096,20
"opposite",9,0,0,0.5,0.00214493353119688,0.0161,20
"opposite",10,0,0,0.5,0.000833290303283832,0.0116,20
"opposite",11,0,0,0.5,0.000567351315178463,0.0151,20
"opposite",12,0,0,0.5,-0.000602049445835637,0.0109,20
"opposite",13,0,0,0.5,-0.000570066173436368,0.0164,20
"opposite",14,0,0,0.5,-0.000374329090408848,0.0119,20
"opposite",15,0,0,0.5,-0.000688287367881449,0.0156,20
"opposite",16,0,0,0.5,-0.000180575141269225,0.0112,20
"opposite",17,0,0,0.5,-0.000394005253226861,0.0131,20
"opposite",18,0,0,0.5,0.000107326866407833,0.0094,20
"opposite",19,0,0,0.5,0.000419784349506065,0.0125,20
"opposite",20,0,0,0.5,0.000560178498808281,0.0092,20
