"method","K","signal_prop","rho_est","power","fdp","rep"
"DPM",2,0.05,NA,0.67578947368421,0.0213414634146341,1
"ORBIT_P",2,0.05,0.000752382688543717,0.72,0.05,1
"DPM",3,0.05,NA,0.816842105263158,0.0102040816326531,1
"ORBIT_P",3,0.05,0.00712196010171065,0.867368421052632,0.0506912442396313,1
"DPM",4,0.05,NA,0.869473684210526,0.00959232613908873,1
"ORBIT_P",4,0.05,0.00350141465959818,0.92,0.0437636761487965,1
"DPM",5,0.05,NA,0.886315789473684,0.0117370892018779,1
"ORBIT_P",5,0.05,0.000475881969355137,0.934736842105263,0.0533049040511727,1
"DPM",6,0.05,NA,0.901052631578947,0.00925925925925926,1
"ORBIT_P",6,0.05,-0.000414941754613314,0.945263157894737,0.048728813559322,1
"DPM",7,0.05,NA,0.909473684210526,0.00460829493087558,1
"ORBIT_P",7,0.05,-0.00123945080623851,0.95578947368421,0.046218487394958,1
"DPM",8,0.05,NA,0.928421052631579,0.00226244343891403,1
"ORBIT_P",8,0.05,-0.00259211691173195,0.96,0.05,1
"DPM",9,0.05,NA,0.92421052631579,0.00227272727272727,1
"ORBIT_P",9,0.05,-0.00237048780384484,0.974736842105263,0.0492813141683778,1
"DPM",10,0.05,NA,0.930526315789474,0,1
"ORBIT_P",10,0.05,-0.0024053665436629,0.970526315789474,0.0435684647302905,1
"DPM",11,0.05,NA,0.934736842105263,0,1
"ORBIT_P",11,0.05,-0.00206054714292789,0.962105263157895,0.0399159663865546,1
"DPM",12,0.05,NA,0.917894736842105,0,1
"ORBIT_P",12,0.05,-0.00206713416636185,0.974736842105263,0.045360824742268,1
"DPM",13,0.05,NA,0.936842105263158,0,1
"ORBIT_P",13,0.05,-0.00201524840420459,0.96421052631579,0.0317124735729387,1
"DPM",14,0.05,NA,0.947368421052632,0,1
"ORBIT_P",14,0.05,-0.00160679548132399,0.987368421052632,0.0486815415821501,1
"DPM",15,0.05,NA,0.95578947368421,0,1
"ORBIT_P",15,0.05,-0.00152277705620207,0.978947368421053,0.0567951318458418,1
"DPM",16,0.05,NA,0.953684210526316,0,1
"ORBIT_P",16,0.05,-0.000979970930155919,0.976842105263158,0.0530612244897959,1
"DPM",17,0.05,NA,0.945263157894737,0,1
"ORBIT_P",17,0.05,-0.00137579180953841,0.987368421052632,0.0525252525252525,1
"DPM",18,0.05,NA,0.96,0,1
"ORBIT_P",18,0.05,-0.000908330590296946,0.989473684210526,0.0505050505050505,1
"DPM",19,0.05,NA,0.945263157894737,0,1
"ORBIT_P",19,0.05,-0.000463299668744886,0.985263157894737,0.0583501006036217,1
"DPM",20,0.05,NA,0.966315789473684,0,1
"ORBIT_P",20,0.05,-0.00037385880711727,0.99578947368421,0.0521042084168337,1
"DPM",2,0.1,NA,0.751572327044025,0.0310810810810811,1
"ORBIT_P",2,0.1,0.000959735275971404,0.79769392033543,0.0439698492462312,1
"DPM",3,0.1,NA,0.839622641509434,0.0171779141104294,1
"ORBIT_P",3,0.1,-0.00230933252309702,0.890985324947589,0.0460157126823793,1
"DPM",4,0.1,NA,0.868972746331237,0.0083732057416268,1
"ORBIT_P",4,0.1,-0.000413897605865508,0.915094339622642,0.0448577680525164,1
"DPM",5,0.1,NA,0.89517819706499,0.00928074245939675,1
"ORBIT_P",5,0.1,-2.52067007321066e-05,0.939203354297694,0.0406852248394004,1
"DPM",6,0.1,NA,0.910901467505241,0.005720823798627,1
"ORBIT_P",6,0.1,0.00108633880688159,0.951781970649895,0.0432033719704953,1
"DPM",7,0.1,NA,0.923480083857442,0.00339366515837104,1
"ORBIT_P",7,0.1,-0.000935349611069027,0.963312368972746,0.0427083333333333,1
"DPM",8,0.1,NA,0.927672955974843,0.00225479143179256,1
"ORBIT_P",8,0.1,-0.000579384355879358,0.970649895178197,0.045360824742268,1
"DPM",9,0.1,NA,0.943396226415094,0.00221729490022173,1
"ORBIT_P",9,0.1,-0.00251499570824524,0.981132075471698,0.0478128179043744,1
"DPM",10,0.1,NA,0.944444444444444,0,1
"ORBIT_P",10,0.1,-0.00332865208662748,0.976939203354298,0.0509164969450102,1
"DPM",11,0.1,NA,0.938155136268344,0,1
"ORBIT_P",11,0.1,-0.00257849964315621,0.982180293501048,0.0535353535353535,1
"DPM",12,0.1,NA,0.955974842767296,0,1
"ORBIT_P",12,0.1,-0.00273712776061544,0.983228511530398,0.0486815415821501,1
"DPM",13,0.1,NA,0.964360587002096,0,1
"ORBIT_P",13,0.1,-0.00202316806539307,0.989517819706499,0.0550550550550551,1
"DPM",14,0.1,NA,0.967505241090147,0,1
"ORBIT_P",14,0.1,-0.00166283326539725,0.986373165618449,0.0466058763931104,1
"DPM",15,0.1,NA,0.944444444444444,0,1
"ORBIT_P",15,0.1,-0.00140424021745852,0.980083857442348,0.0449438202247191,1
"DPM",16,0.1,NA,0.961215932914046,0,1
"ORBIT_P",16,0.1,-0.00174216301250407,0.984276729559748,0.0388945752302968,1
"DPM",17,0.1,NA,0.961215932914046,0,1
"ORBIT_P",17,0.1,-0.00148047413469572,0.988469601677149,0.0426395939086294,1
"DPM",18,0.1,NA,0.957023060796646,0,1
"ORBIT_P",18,0.1,-0.00111884192449665,0.986373165618449,0.0407747196738022,1
"DPM",19,0.1,NA,0.960167714884696,0,1
"ORBIT_P",19,0.1,-0.000975963150116462,0.991614255765199,0.0521042084168337,1
"DPM",20,0.1,NA,0.951781970649895,0,1
"ORBIT_P",20,0.1,-0.000847846601133992,0.983228511530398,0.049645390070922,1
"DPM",2,0.2,NA,0.814891416752844,0.0217256362507759,1
"ORBIT_P",2,0.2,0.0079593168875192,0.852119958634953,0.042417199302731,1
"DPM",3,0.2,NA,0.878490175801448,0.0122093023255814,1
"ORBIT_P",3,0.2,-0.00198650100662786,0.91416752843847,0.0396523628462792,1
"DPM",4,0.2,NA,0.913133402275078,0.0117515388919978,1
"ORBIT_P",4,0.2,-0.00136717986741078,0.947776628748707,0.0428198433420366,1
"DPM",5,0.2,NA,0.914684591520165,0.00785193494111049,1
"ORBIT_P",5,0.2,0.00296087260254632,0.958117890382627,0.0403935784567582,1
"DPM",6,0.2,NA,0.94364012409514,0.00327689787001638,1
"ORBIT_P",6,0.2,0.00166140380646238,0.975180972078594,0.0402035623409669,1
"DPM",7,0.2,NA,0.94105480868666,0.000549148819330038,1
"ORBIT_P",7,0.2,-0.000861117487006273,0.973629782833506,0.0417302798982188,1
"DPM",8,0.2,NA,0.955532574974147,0.000540832882639265,1
"ORBIT_P",8,0.2,0.00103167860832966,0.977249224405377,0.0396341463414634,1
"DPM",9,0.2,NA,0.945708376421924,0.000546448087431694,1
"ORBIT_P",9,0.2,0.00190876286009212,0.978800413650465,0.0395738203957382,1
"DPM",10,0.2,NA,0.943123061013444,0,1
"ORBIT_P",10,0.2,0.000368606795433354,0.980868665977249,0.0380324543610548,1
"DPM",11,0.2,NA,0.961737331954498,0,1
"ORBIT_P",11,0.2,6.81340793186251e-05,0.988624612202689,0.0416040100250627,1
"DPM",12,0.2,NA,0.958634953464323,0,1
"ORBIT_P",12,0.2,0.000316872275226311,0.986556359875905,0.045045045045045,1
"DPM",13,0.2,NA,0.957083764219235,0,1
"ORBIT_P",13,0.2,-2.1248224974877e-06,0.987590486039297,0.0430861723446894,1
"DPM",14,0.2,NA,0.957600827300931,0,1
"ORBIT_P",14,0.2,-0.00106566724156797,0.987590486039297,0.0397184514831574,1
"DPM",15,0.2,NA,0.964839710444674,0,1
"ORBIT_P",15,0.2,-0.000678381668157932,0.988107549120993,0.0416248746238716,1
"DPM",16,0.2,NA,0.964322647362978,0,1
"ORBIT_P",16,0.2,-0.00074040991138016,0.989658738366081,0.0372233400402414,1
"DPM",17,0.2,NA,0.966390899689762,0,1
"ORBIT_P",17,0.2,-0.000520158784916565,0.992761116856256,0.03951975987994,1
"DPM",18,0.2,NA,0.961220268872802,0,1
"ORBIT_P",18,0.2,-0.000703187964785851,0.989141675284385,0.0353000504286435,1
"DPM",19,0.2,NA,0.96794208893485,0,1
"ORBIT_P",19,0.2,-0.000411920288428829,0.991726990692865,0.0327786182551689,1
"DPM",20,0.2,NA,0.953981385729059,0,1
"ORBIT_P",20,0.2,-0.000494126796855304,0.985005170630817,0.0364188163884674,1
"DPM",2,0.5,NA,0.873513735137351,0.0134290344987266,1
"ORBIT_P",2,0.5,-0.0017849066190965,0.90569905699057,0.0247240618101545,1
"DPM",3,0.5,NA,0.900164001640016,0.00947439657117076,1
"ORBIT_P",3,0.5,0.010539833648005,0.935629356293563,0.0266581360631265,1
"DPM",4,0.5,NA,0.924764247642476,0.00551146384479718,1
"ORBIT_P",4,0.5,0.0116934556895627,0.95510455104551,0.0242931937172775,1
"DPM",5,0.5,NA,0.943214432144321,0.00195227765726681,1
"ORBIT_P",5,0.5,0.00691175686787263,0.972734727347274,0.0250667762482022,1
"DPM",6,0.5,NA,0.9510045100451,0.00322303394929093,1
"ORBIT_P",6,0.5,0.00512982755154931,0.977654776547765,0.0225456036072966,1
"DPM",7,0.5,NA,0.94669946699467,0.0019451048195375,1
"ORBIT_P",7,0.5,0.00368249504609657,0.980319803198032,0.0256723716381418,1
"DPM",8,0.5,NA,0.959614596145961,0.000640478223740393,1
"ORBIT_P",8,0.5,0.00067012117450003,0.985239852398524,0.0253498276211722,1
"DPM",9,0.5,NA,0.96330463304633,0.000425441395447777,1
"ORBIT_P",9,0.5,-9.19549262708256e-05,0.989749897498975,0.0252372299616394,1
"DPM",10,0.5,NA,0.958589585895859,0.00021381227282446,1
"ORBIT_P",10,0.5,0.0017972742376521,0.986469864698647,0.0247263883259019,1
"DPM",11,0.5,NA,0.962689626896269,0.000638433709299851,1
"ORBIT_P",11,0.5,0.00123766133100346,0.987289872898729,0.0256928990491604,1
"DPM",12,0.5,NA,0.963509635096351,0.000212720697723889,1
"ORBIT_P",12,0.5,0.000806258981870143,0.989134891348914,0.0256462035541195,1
"DPM",13,0.5,NA,0.965969659696597,0.000212179079142797,1
"ORBIT_P",13,0.5,0.00106487816943517,0.988314883148832,0.027632109721662,1
"DPM",14,0.5,NA,0.963919639196392,0.000212630236019562,1
"ORBIT_P",14,0.5,0.00115211450822859,0.989749897498975,0.0264166162532769,1
"DPM",15,0.5,NA,0.969249692496925,0.000211461196870374,1
"ORBIT_P",15,0.5,0.000792742197632528,0.992824928249282,0.026141162276292,1
"DPM",16,0.5,NA,0.970479704797048,0,1
"ORBIT_P",16,0.5,0.000987163634413434,0.992619926199262,0.0259505129752565,1
"DPM",17,0.5,NA,0.97129971299713,0,1
"ORBIT_P",17,0.5,0.00113939972506939,0.993029930299303,0.0249597423510467,1
"DPM",18,0.5,NA,0.969864698646986,0,1
"ORBIT_P",18,0.5,0.0013710426140768,0.991184911849118,0.0252016129032258,1
"DPM",19,0.5,NA,0.973964739647396,0,1
"ORBIT_P",19,0.5,0.00100880918065805,0.992414924149241,0.0259557344064386,1
"DPM",20,0.5,NA,0.969864698646986,0,1
"ORBIT_P",20,0.5,0.000877025838501304,0.992824928249282,0.0237855271114695,1
"DPM",2,0.05,NA,0.68993839835729,0.0289017341040462,2
"ORBIT_P",2,0.05,0.00712450070357236,0.741273100616016,0.0623376623376623,2
"DPM",3,0.05,NA,0.792607802874743,0.0127877237851662,2
"ORBIT_P",3,0.05,0.00814717548508891,0.852156057494867,0.0503432494279176,2
"DPM",4,0.05,NA,0.885010266940452,0.00691244239631336,2
"ORBIT_P",4,0.05,0.00671915305310428,0.930184804928131,0.032051282051282,2
"DPM",5,0.05,NA,0.887063655030801,0.00689655172413793,2
"ORBIT_P",5,0.05,0.00418475966748647,0.944558521560575,0.0436590436590437,2
"DPM",6,0.05,NA,0.882956878850103,0,2
"ORBIT_P",6,0.05,0.00680239175557584,0.921971252566735,0.0385438972162741,2
"DPM",7,0.05,NA,0.930184804928131,0,2
"ORBIT_P",7,0.05,0.00460687922873627,0.975359342915811,0.0612648221343874,2
"DPM",8,0.05,NA,0.924024640657084,0,2
"ORBIT_P",8,0.05,0.000771748448817872,0.969199178644764,0.0464646464646465,2
"DPM",9,0.05,NA,0.952772073921971,0,2
"ORBIT_P",9,0.05,0.00186801276872736,0.979466119096509,0.0363636363636364,2
"DPM",10,0.05,NA,0.944558521560575,0,2
"ORBIT_P",10,0.05,0.00232116384234131,0.969199178644764,0.0464646464646465,2
"DPM",11,0.05,NA,0.958932238193018,0,2
"ORBIT_P",11,0.05,0.00126958139898054,0.985626283367556,0.0457256461232604,2
"DPM",12,0.05,NA,0.95482546201232,0,2
"ORBIT_P",12,0.05,0.000837560362835822,0.971252566735113,0.0366598778004073,2
"DPM",13,0.05,NA,0.948665297741273,0,2
"ORBIT_P",13,0.05,0.00105890532189579,0.983572895277207,0.0362173038229376,2
"DPM",14,0.05,NA,0.969199178644764,0,2
"ORBIT_P",14,0.05,0.00126953726412592,0.987679671457906,0.0418326693227092,2
"DPM",15,0.05,NA,0.950718685831622,0,2
"ORBIT_P",15,0.05,0.00118168055395911,0.987679671457906,0.0399201596806387,2
"DPM",16,0.05,NA,0.958932238193018,0,2
"ORBIT_P",16,0.05,0.000963697106982751,0.987679671457906,0.0531496062992126,2
"DPM",17,0.05,NA,0.944558521560575,0,2
"ORBIT_P",17,0.05,0.000953961428835479,0.983572895277207,0.0607843137254902,2
"DPM",18,0.05,NA,0.942505133470226,0,2
"ORBIT_P",18,0.05,0.000539162805936085,0.981519507186858,0.0609037328094303,2
"DPM",19,0.05,NA,0.956878850102669,0,2
"ORBIT_P",19,0.05,0.000838138017080996,0.979466119096509,0.049800796812749,2
"DPM",20,0.05,NA,0.958932238193018,0,2
"ORBIT_P",20,0.05,0.000945997816691312,0.987679671457906,0.0475247524752475,2
"DPM",2,0.1,NA,0.799599198396794,0.0256410256410256,2
"ORBIT_P",2,0.1,-0.00369580442333876,0.844689378757515,0.0420454545454545,2
"DPM",3,0.1,NA,0.845691382765531,0.0163170163170163,2
"ORBIT_P",3,0.1,0.0026320655880624,0.887775551102204,0.0473118279569892,2
"DPM",4,0.1,NA,0.875751503006012,0.0090702947845805,2
"ORBIT_P",4,0.1,-0.000338219386330314,0.918837675350701,0.0447916666666667,2
"DPM",5,0.1,NA,0.909819639278557,0.00656455142231947,2
"ORBIT_P",5,0.1,-0.00318183277650669,0.955911823647295,0.0431293881644935,2
"DPM",6,0.1,NA,0.915831663326653,0.00327153762268266,2
"ORBIT_P",6,0.1,-0.00169933133451579,0.964929859719439,0.0502958579881657,2
"DPM",7,0.1,NA,0.918837675350701,0.00434310532030402,2
"ORBIT_P",7,0.1,-0.000976371908873842,0.968937875751503,0.0565853658536585,2
"DPM",8,0.1,NA,0.919839679358717,0.00217391304347826,2
"ORBIT_P",8,0.1,-0.00265833236132923,0.964929859719439,0.0549558390578999,2
"DPM",9,0.1,NA,0.944889779559118,0.00317124735729387,2
"ORBIT_P",9,0.1,-0.0020029442611429,0.976953907815631,0.0412979351032448,2
"DPM",10,0.1,NA,0.954909819639279,0.0010482180293501,2
"ORBIT_P",10,0.1,-0.000666407757436151,0.975951903807615,0.0413385826771654,2
"DPM",11,0.1,NA,0.945891783567134,0,2
"ORBIT_P",11,0.1,-0.000220797700225668,0.98496993987976,0.0447035957240039,2
"DPM",12,0.1,NA,0.95190380761523,0,2
"ORBIT_P",12,0.1,0.000261557394704901,0.983967935871743,0.0353634577603143,2
"DPM",13,0.1,NA,0.950901803607214,0,2
"ORBIT_P",13,0.1,5.50659788955387e-05,0.981963927855711,0.0316205533596838,2
"DPM",14,0.1,NA,0.959919839679359,0,2
"ORBIT_P",14,0.1,-1.03729971841585e-05,0.985971943887776,0.0362389813907933,2
"DPM",15,0.1,NA,0.956913827655311,0,2
"ORBIT_P",15,0.1,0.000160729142889197,0.990981963927856,0.0379377431906615,2
"DPM",16,0.1,NA,0.954909819639279,0,2
"ORBIT_P",16,0.1,-1.35198931035868e-05,0.981963927855711,0.0392156862745098,2
"DPM",17,0.1,NA,0.956913827655311,0,2
"ORBIT_P",17,0.1,0.000341279310704575,0.982965931863727,0.0410557184750733,2
"DPM",18,0.1,NA,0.961923847695391,0,2
"ORBIT_P",18,0.1,4.49776274103919e-05,0.988977955911824,0.0351906158357771,2
"DPM",19,0.1,NA,0.965931863727455,0,2
"ORBIT_P",19,0.1,0.000343070532068826,0.983967935871743,0.0344149459193707,2
"DPM",20,0.1,NA,0.967935871743487,0,2
"ORBIT_P",20,0.1,0.000290341720584187,0.987975951903808,0.0333333333333333,2
"DPM",2,0.2,NA,0.813148788927336,0.0196662693682956,2
"ORBIT_P",2,0.2,-0.0084871775477213,0.859614434008898,0.0360310421286031,2
"DPM",3,0.2,NA,0.881364310430054,0.0181718061674009,2
"ORBIT_P",3,0.2,0.00373390549069335,0.92436974789916,0.041025641025641,2
"DPM",4,0.2,NA,0.901136925358379,0.0124593716143012,2
"ORBIT_P",4,0.2,0.000895118930754752,0.939199209095403,0.0461847389558233,2
"DPM",5,0.2,NA,0.919920909540287,0.00587606837606838,2
"ORBIT_P",5,0.2,0.00194859350659012,0.956005931784478,0.0454096742349457,2
"DPM",6,0.2,NA,0.937716262975779,0.00472193074501574,2
"ORBIT_P",6,0.2,-0.00011162720498521,0.972812654473554,0.0385930630190523,2
"DPM",7,0.2,NA,0.937716262975779,0.00262881177707676,2
"ORBIT_P",7,0.2,0.0010973955341262,0.97380128521997,0.038555392874573,2
"DPM",8,0.2,NA,0.937716262975779,0.00262881177707676,2
"ORBIT_P",8,0.2,0.00147990025455108,0.968858131487889,0.04296875,2
"DPM",9,0.2,NA,0.947108255066733,0.000521648408972353,2
"ORBIT_P",9,0.2,0.00165181569187362,0.975778546712803,0.043141056713524,2
"DPM",10,0.2,NA,0.95551161641127,0,2
"ORBIT_P",10,0.2,0.00195445287929875,0.984676223430549,0.0386100386100386,2
"DPM",11,0.2,NA,0.959466139396935,0,2
"ORBIT_P",11,0.2,0.00230972993350992,0.982698961937716,0.0391493475108748,2
"DPM",12,0.2,NA,0.96094908551656,0,2
"ORBIT_P",12,0.2,0.00245275330565533,0.987642115669797,0.0347826086956522,2
"DPM",13,0.2,NA,0.959466139396935,0.000514933058702369,2
"ORBIT_P",13,0.2,0.00241963320019033,0.985664854176965,0.0376447876447876,2
"DPM",14,0.2,NA,0.962926347009392,0,2
"ORBIT_P",14,0.2,0.00207675415112717,0.985170538803757,0.0362669245647969,2
"DPM",15,0.2,NA,0.960454770143351,0,2
"ORBIT_P",15,0.2,0.00137320761602815,0.990113692535838,0.0416267942583732,2
"DPM",16,0.2,NA,0.965397923875433,0,2
"ORBIT_P",16,0.2,0.00090892901615959,0.98961937716263,0.0407283181600383,2
"DPM",17,0.2,NA,0.962432031636184,0,2
"ORBIT_P",17,0.2,0.00168209830527924,0.990608007909046,0.0351468464130958,2
"DPM",18,0.2,NA,0.964903608502224,0,2
"ORBIT_P",18,0.2,0.00136613980420283,0.990113692535838,0.0388675623800384,2
"DPM",19,0.2,NA,0.96094908551656,0,2
"ORBIT_P",19,0.2,0.00110010254439672,0.991102323282254,0.044327931363203,2
"DPM",20,0.2,NA,0.968363816114681,0,2
"ORBIT_P",20,0.2,0.000661871956795891,0.992585269401878,0.0433539780848023,2
"DPM",2,0.5,NA,0.872323394036422,0.0153602891348543,2
"ORBIT_P",2,0.5,0.0170522944303353,0.901540924554733,0.0255245511572572,2
"DPM",3,0.5,NA,0.907744646788073,0.011333914559721,2
"ORBIT_P",3,0.5,0.000672139414917479,0.941164698819292,0.027703121769692,2
"DPM",4,0.5,NA,0.929557734640785,0.00641711229946524,2
"ORBIT_P",4,0.5,0.000773836154152763,0.96217730638383,0.0251419302514193,2
"DPM",5,0.5,NA,0.9379627776666,0.00276595744680851,2
"ORBIT_P",5,0.5,0.00134511123631342,0.971582949769862,0.0251004016064257,2
"DPM",6,0.5,NA,0.947568541124675,0.00147617039223956,2
"ORBIT_P",6,0.5,0.00324100656671818,0.97518511106664,0.0267625324545636,2
"DPM",7,0.5,NA,0.953772263358015,0.00104799832320268,2
"ORBIT_P",7,0.5,0.00207962842112627,0.979587752651591,0.0250946026687911,2
"DPM",8,0.5,NA,0.957374424654793,0.000626697305201588,2
"ORBIT_P",8,0.5,0.00271301435629508,0.985791474884931,0.0253264740799367,2
"DPM",9,0.5,NA,0.959175505303182,0.000417101147028154,2
"ORBIT_P",9,0.5,0.00281812869599152,0.98198919351611,0.0240652346857597,2
"DPM",10,0.5,NA,0.960576345807485,0.00041649312786339,2
"ORBIT_P",10,0.5,0.00305945932189136,0.984190514308585,0.0240127009327247,2
"DPM",11,0.5,NA,0.961376826095657,0.000416146483562214,2
"ORBIT_P",11,0.5,0.00318825307407491,0.983790274164499,0.0244096050803731,2
"DPM",12,0.5,NA,0.965579347608565,0,2
"ORBIT_P",12,0.5,0.00194472019891869,0.988393035821493,0.0258382642998028,2
"DPM",13,0.5,NA,0.964178507104263,0,2
"ORBIT_P",13,0.5,0.00193190450514362,0.98819291574945,0.0262275685269178,2
"DPM",14,0.5,NA,0.970382229337603,0,2
"ORBIT_P",14,0.5,0.00217300210671152,0.990394236541925,0.0244431302976542,2
"DPM",15,0.5,NA,0.968581148689214,0,2
"ORBIT_P",15,0.5,0.00149558031816451,0.988793275965579,0.0246742992499013,2
"DPM",16,0.5,NA,0.966780068040825,0,2
"ORBIT_P",16,0.5,0.00161385468056647,0.990994596758055,0.0240441466298778,2
"DPM",17,0.5,NA,0.973384030418251,0,2
"ORBIT_P",17,0.5,0.000641291570221326,0.992395437262357,0.02401102145247,2
"DPM",18,0.5,NA,0.967980788473084,0,2
"ORBIT_P",18,0.5,9.33879757868031e-05,0.993996397838703,0.024931291715744,2
"DPM",19,0.5,NA,0.970582349409646,0,2
"ORBIT_P",19,0.5,0.000424253434313934,0.99379627776666,0.0258925068654374,2
"DPM",20,0.5,NA,0.973984390634381,0,2
"ORBIT_P",20,0.5,0.000549277576607743,0.99379627776666,0.026465398941384,2
"DPM",2,0.05,NA,0.725838264299803,0.029023746701847,3
"ORBIT_P",2,0.05,-0.00249814984351864,0.757396449704142,0.0423940149625935,3
"DPM",3,0.05,NA,0.790927021696253,0.0147420147420147,3
"ORBIT_P",3,0.05,-0.0105027723962018,0.85207100591716,0.04,3
"DPM",4,0.05,NA,0.869822485207101,0.015625,3
"ORBIT_P",4,0.05,-0.00362753133147836,0.909270216962525,0.0375782881002088,3
"DPM",5,0.05,NA,0.869822485207101,0.00675675675675676,3
"ORBIT_P",5,0.05,-0.00422479638105911,0.915187376725838,0.0353430353430353,3
"DPM",6,0.05,NA,0.923076923076923,0.00425531914893617,3
"ORBIT_P",6,0.05,-0.00126598134524543,0.960552268244576,0.0375494071146245,3
"DPM",7,0.05,NA,0.915187376725838,0.00854700854700855,3
"ORBIT_P",7,0.05,-0.00240046692497062,0.95069033530572,0.0455445544554455,3
"DPM",8,0.05,NA,0.923076923076923,0.00425531914893617,3
"ORBIT_P",8,0.05,-0.00117143940813479,0.96646942800789,0.0503875968992248,3
"DPM",9,0.05,NA,0.95069033530572,0.0020703933747412,3
"ORBIT_P",9,0.05,-0.00138549609814912,0.980276134122288,0.0551330798479087,3
"DPM",10,0.05,NA,0.944773175542406,0.00208333333333333,3
"ORBIT_P",10,0.05,-0.00246054509325843,0.970414201183432,0.0483558994197292,3
"DPM",11,0.05,NA,0.948717948717949,0,3
"ORBIT_P",11,0.05,-0.00147128886061857,0.990138067061144,0.0438095238095238,3
"DPM",12,0.05,NA,0.928994082840237,0,3
"ORBIT_P",12,0.05,-0.00104999966038686,0.980276134122288,0.0423892100192678,3
"DPM",13,0.05,NA,0.95069033530572,0,3
"ORBIT_P",13,0.05,-0.00120813749019414,0.986193293885602,0.0403071017274472,3
"DPM",14,0.05,NA,0.942800788954635,0,3
"ORBIT_P",14,0.05,-0.000186007728721009,0.980276134122288,0.0533333333333333,3
"DPM",15,0.05,NA,0.956607495069034,0,3
"ORBIT_P",15,0.05,5.8778580899719e-05,0.978303747534517,0.0424710424710425,3
"DPM",16,0.05,NA,0.964497041420118,0,3
"ORBIT_P",16,0.05,4.82273068185615e-06,0.990138067061144,0.047438330170778,3
"DPM",17,0.05,NA,0.944773175542406,0,3
"ORBIT_P",17,0.05,0.000346028769472167,0.98422090729783,0.056710775047259,3
"DPM",18,0.05,NA,0.964497041420118,0,3
"ORBIT_P",18,0.05,0.000475230407307908,0.986193293885602,0.0458015267175573,3
"DPM",19,0.05,NA,0.958579881656805,0,3
"ORBIT_P",19,0.05,4.27487132039327e-05,0.982248520710059,0.0478011472275335,3
"DPM",20,0.05,NA,0.972386587771203,0,3
"ORBIT_P",20,0.05,-0.000274706383089925,0.998027613412229,0.0416666666666667,3
"DPM",2,0.1,NA,0.753012048192771,0.0335051546391753,3
"ORBIT_P",2,0.1,-0.0101250302709348,0.79718875502008,0.0456730769230769,3
"DPM",3,0.1,NA,0.842369477911647,0.0187134502923977,3
"ORBIT_P",3,0.1,-0.00508699297601001,0.891566265060241,0.0492505353319058,3
"DPM",4,0.1,NA,0.874497991967871,0.00910125142207053,3
"ORBIT_P",4,0.1,-0.00358568902076585,0.92570281124498,0.0494845360824742,3
"DPM",5,0.1,NA,0.919678714859438,0.00865800865800866,3
"ORBIT_P",5,0.1,-0.000110461352890592,0.95281124497992,0.0462311557788945,3
"DPM",6,0.1,NA,0.905622489959839,0.00879120879120879,3
"ORBIT_P",6,0.1,-0.00196980797332086,0.955823293172691,0.0460921843687375,3
"DPM",7,0.1,NA,0.933734939759036,0.00428265524625268,3
"ORBIT_P",7,0.1,-0.00208801945981013,0.97289156626506,0.0434353405725568,3
"DPM",8,0.1,NA,0.929718875502008,0.0043010752688172,3
"ORBIT_P",8,0.1,-0.0010097546734838,0.966867469879518,0.0408366533864542,3
"DPM",9,0.1,NA,0.942771084337349,0.00212539851222104,3
"ORBIT_P",9,0.1,-0.00108441142211384,0.974899598393574,0.0480392156862745,3
"DPM",10,0.1,NA,0.950803212851406,0.00105485232067511,3
"ORBIT_P",10,0.1,-0.000892938241527993,0.979919678714859,0.0450097847358121,3
"DPM",11,0.1,NA,0.936746987951807,0,3
"ORBIT_P",11,0.1,1.36571724803241e-05,0.977911646586345,0.0562015503875969,3
"DPM",12,0.1,NA,0.953815261044177,0,3
"ORBIT_P",12,0.1,-0.000684146128943187,0.986947791164659,0.0447035957240039,3
"DPM",13,0.1,NA,0.93574297188755,0,3
"ORBIT_P",13,0.1,-0.000686684395936216,0.975903614457831,0.0470588235294118,3
"DPM",14,0.1,NA,0.948795180722892,0,3
"ORBIT_P",14,0.1,-0.000772060624486267,0.985943775100402,0.0475266731328807,3
"DPM",15,0.1,NA,0.950803212851406,0,3
"ORBIT_P",15,0.1,-0.000991967145691141,0.986947791164659,0.0437743190661479,3
"DPM",16,0.1,NA,0.95281124497992,0,3
"ORBIT_P",16,0.1,-0.000986162746896823,0.986947791164659,0.0484027105517909,3
"DPM",17,0.1,NA,0.964859437751004,0,3
"ORBIT_P",17,0.1,-0.000463818169271394,0.98995983935743,0.0454985479186834,3
"DPM",18,0.1,NA,0.958835341365462,0,3
"ORBIT_P",18,0.1,-0.000729104600877309,0.988955823293173,0.0371456500488759,3
"DPM",19,0.1,NA,0.959839357429719,0,3
"ORBIT_P",19,0.1,-0.00106968610631449,0.990963855421687,0.0472972972972973,3
"DPM",20,0.1,NA,0.961847389558233,0,3
"ORBIT_P",20,0.1,-0.000934644055278573,0.995983935742972,0.0507177033492823,3
"DPM",2,0.2,NA,0.807901234567901,0.0209455415918612,3
"ORBIT_P",2,0.2,-0.0224426487956213,0.853827160493827,0.0415742793791574,3
"DPM",3,0.2,NA,0.876049382716049,0.017718715393134,3
"ORBIT_P",3,0.2,-0.0172231009316826,0.926913580246914,0.0389144905273938,3
"DPM",4,0.2,NA,0.902222222222222,0.0108283703302653,3
"ORBIT_P",4,0.2,-0.00961163386482186,0.939753086419753,0.0388888888888889,3
"DPM",5,0.2,NA,0.917037037037037,0.00482315112540193,3
"ORBIT_P",5,0.2,-0.00938016743257761,0.952592592592593,0.039820806371329,3
"DPM",6,0.2,NA,0.937777777777778,0.0031496062992126,3
"ORBIT_P",6,0.2,-0.00562184119147897,0.967901234567901,0.0443686006825939,3
"DPM",7,0.2,NA,0.938765432098765,0.0020997375328084,3
"ORBIT_P",7,0.2,-0.00563465234631035,0.97283950617284,0.0446168768186227,3
"DPM",8,0.2,NA,0.946666666666667,0.000521376433785193,3
"ORBIT_P",8,0.2,-0.00441246480191753,0.978765432098765,0.045739046701974,3
"DPM",9,0.2,NA,0.952592592592593,0.00103573278094252,3
"ORBIT_P",9,0.2,-0.00277530515359413,0.975308641975309,0.0407965031568723,3
"DPM",10,0.2,NA,0.952592592592593,0.000518134715025907,3
"ORBIT_P",10,0.2,-0.00274740949571773,0.980740740740741,0.0387221684414327,3
"DPM",11,0.2,NA,0.950617283950617,0.000519210799584631,3
"ORBIT_P",11,0.2,-0.00229474101918113,0.979753086419753,0.0401548137397194,3
"DPM",12,0.2,NA,0.957530864197531,0.000515463917525773,3
"ORBIT_P",12,0.2,-0.00167005290026985,0.984197530864197,0.043206913106097,3
"DPM",13,0.2,NA,0.962962962962963,0.000512557662737058,3
"ORBIT_P",13,0.2,-0.00105672643967741,0.986666666666667,0.0412667946257198,3
"DPM",14,0.2,NA,0.960493827160494,0.000513874614594039,3
"ORBIT_P",14,0.2,-0.000310916842513502,0.988641975308642,0.0375,3
"DPM",15,0.2,NA,0.956543209876543,0,3
"ORBIT_P",15,0.2,0.000231103584655572,0.987654320987654,0.0407673860911271,3
"DPM",16,0.2,NA,0.964444444444444,0,3
"ORBIT_P",16,0.2,0.000333432105425394,0.992098765432099,0.0419647114926085,3
"DPM",17,0.2,NA,0.963950617283951,0,3
"ORBIT_P",17,0.2,0.000457753730931353,0.989135802469136,0.0407088122605364,3
"DPM",18,0.2,NA,0.955061728395062,0,3
"ORBIT_P",18,0.2,-6.75532835402679e-05,0.98716049382716,0.0412470023980815,3
"DPM",19,0.2,NA,0.969876543209877,0,3
"ORBIT_P",19,0.2,-0.00034056699728693,0.98962962962963,0.0402298850574713,3
"DPM",20,0.2,NA,0.966913580246914,0,3
"ORBIT_P",20,0.2,-0.000466881273858934,0.991604938271605,0.037392138063279,3
"DPM",2,0.5,NA,0.868217054263566,0.0164377392479171,3
"ORBIT_P",2,0.5,-0.00761893507973113,0.897634665076526,0.0281902302560792,3
"DPM",3,0.5,NA,0.901808785529716,0.0106846925425207,3
"ORBIT_P",3,0.5,-0.000932985817244064,0.939375869608428,0.0297680147813591,3
"DPM",4,0.5,NA,0.925660902405088,0.00745950554134697,3
"ORBIT_P",4,0.5,0.00144313357719973,0.961439077718148,0.0265647011471121,3
"DPM",5,0.5,NA,0.937189425561519,0.0040135192226447,3
"ORBIT_P",5,0.5,-0.000126412534114059,0.967799642218247,0.026978417266187,3
"DPM",6,0.5,NA,0.942158616577221,0.00231530204167544,3
"ORBIT_P",6,0.5,0.00038025262619966,0.974955277280859,0.0277502477700694,3
"DPM",7,0.5,NA,0.955277280858676,0.00228357899107328,3
"ORBIT_P",7,0.5,-0.000943549119025513,0.978533094812165,0.0241823587710605,3
"DPM",8,0.5,NA,0.958855098389982,0.00124223602484472,3
"ORBIT_P",8,0.5,-0.00191593839625175,0.98529119459352,0.0251720747295969,3
"DPM",9,0.5,NA,0.95905386603061,0.000621375310687655,3
"ORBIT_P",9,0.5,-0.00103436386492012,0.983303518187239,0.025989367985824,3
"DPM",10,0.5,NA,0.967004571655735,0.00020550760378134,3
"ORBIT_P",10,0.5,-0.00113974729246465,0.987875173921686,0.0266353309831571,3
"DPM",11,0.5,NA,0.961041542436891,0.000206782464846981,3
"ORBIT_P",11,0.5,-0.00216030718876942,0.987676406281057,0.0249215070643642,3
"DPM",12,0.5,NA,0.965613198171338,0,3
"ORBIT_P",12,0.5,-0.00236933453822081,0.987676406281057,0.0256862745098039,3
"DPM",13,0.5,NA,0.962830451202544,0,3
"ORBIT_P",13,0.5,-0.00117388787165861,0.990657920890479,0.0258014073494918,3
"DPM",14,0.5,NA,0.965811965811966,0.000205761316872428,3
"ORBIT_P",14,0.5,-0.00126942081243785,0.990459153249851,0.023898139079334,3
"DPM",15,0.5,NA,0.967203339296363,0,3
"ORBIT_P",15,0.5,-0.0016049431023155,0.99165175909362,0.024633431085044,3
"DPM",16,0.5,NA,0.966010733452594,0,3
"ORBIT_P",16,0.5,-0.00102893884207664,0.990856688531107,0.0246527098415183,3
"DPM",17,0.5,NA,0.970979924468297,0,3
"ORBIT_P",17,0.5,-0.000597922090142393,0.99165175909362,0.02539558507521,3
"DPM",18,0.5,NA,0.973166368515206,0,3
"ORBIT_P",18,0.5,-0.00054305686640949,0.993440667859273,0.0253510140405616,3
"DPM",19,0.5,NA,0.971576227390181,0,3
"ORBIT_P",19,0.5,-0.00108095944425971,0.993043132578016,0.0268796260225945,3
"DPM",20,0.5,NA,0.97475650964023,0,3
"ORBIT_P",20,0.5,-0.000294390073431511,0.994434506062413,0.0257059396299903,3
"DPM",2,0.05,NA,0.705284552845528,0.019774011299435,4
"ORBIT_P",2,0.05,-0.00346610449751222,0.75609756097561,0.0387596899224806,4
"DPM",3,0.05,NA,0.808943089430894,0.0148514851485149,4
"ORBIT_P",3,0.05,-0.000633472694005324,0.867886178861789,0.0511111111111111,4
"DPM",4,0.05,NA,0.855691056910569,0.0209302325581395,4
"ORBIT_P",4,0.05,-0.00218049105126434,0.902439024390244,0.0492505353319058,4
"DPM",5,0.05,NA,0.861788617886179,0.00934579439252336,4
"ORBIT_P",5,0.05,-0.00278092454411998,0.93089430894309,0.0556701030927835,4
"DPM",6,0.05,NA,0.900406504065041,0.00225225225225225,4
"ORBIT_P",6,0.05,-0.00158653362797477,0.957317073170732,0.0673267326732673,4
"DPM",7,0.05,NA,0.93089430894309,0.00217864923747277,4
"ORBIT_P",7,0.05,-0.00181334159029517,0.961382113821138,0.054,4
"DPM",8,0.05,NA,0.920731707317073,0,4
"ORBIT_P",8,0.05,-0.00178060013734026,0.973577235772358,0.0699029126213592,4
"DPM",9,0.05,NA,0.941056910569106,0.0021551724137931,4
"ORBIT_P",9,0.05,-0.000986879558291786,0.963414634146341,0.0669291338582677,4
"DPM",10,0.05,NA,0.943089430894309,0,4
"ORBIT_P",10,0.05,-0.00131724503831794,0.967479674796748,0.0574257425742574,4
"DPM",11,0.05,NA,0.957317073170732,0,4
"ORBIT_P",11,0.05,-0.000331281568767027,0.983739837398374,0.0565302144249513,4
"DPM",12,0.05,NA,0.936991869918699,0,4
"ORBIT_P",12,0.05,-0.000598041741124271,0.973577235772358,0.0607843137254902,4
"DPM",13,0.05,NA,0.953252032520325,0,4
"ORBIT_P",13,0.05,-0.000514111137333834,0.977642276422764,0.060546875,4
"DPM",14,0.05,NA,0.949186991869919,0,4
"ORBIT_P",14,0.05,-0.000819106461162942,0.981707317073171,0.0834914611005693,4
"DPM",15,0.05,NA,0.939024390243902,0,4
"ORBIT_P",15,0.05,-0.000444953120300767,0.983739837398374,0.0763358778625954,4
"DPM",16,0.05,NA,0.961382113821138,0,4
"ORBIT_P",16,0.05,-5.0378440763799e-05,0.991869918699187,0.0740037950664137,4
"DPM",17,0.05,NA,0.951219512195122,0,4
"ORBIT_P",17,0.05,-0.000621664101280146,0.989837398373984,0.0616570327552987,4
"DPM",18,0.05,NA,0.967479674796748,0,4
"ORBIT_P",18,0.05,-0.000258941460871747,0.98780487804878,0.0544747081712062,4
"DPM",19,0.05,NA,0.967479674796748,0,4
"ORBIT_P",19,0.05,9.67703614396877e-05,0.989837398373984,0.054368932038835,4
"DPM",20,0.05,NA,0.949186991869919,0,4
"ORBIT_P",20,0.05,8.14863976547676e-05,0.973577235772358,0.042,4
"DPM",2,0.1,NA,0.766871165644172,0.0247074122236671,4
"ORBIT_P",2,0.1,0.00107993742363923,0.806748466257669,0.0459492140266022,4
"DPM",3,0.1,NA,0.830265848670757,0.0193236714975845,4
"ORBIT_P",3,0.1,0.00705931164921161,0.883435582822086,0.0474090407938258,4
"DPM",4,0.1,NA,0.895705521472393,0.0112866817155756,4
"ORBIT_P",4,0.1,0.0106589407752608,0.940695296523517,0.0376569037656904,4
"DPM",5,0.1,NA,0.901840490797546,0.0078740157480315,4
"ORBIT_P",5,0.1,0.00676757415745408,0.948875255623722,0.0363447559709242,4
"DPM",6,0.1,NA,0.92638036809816,0.0043956043956044,4
"ORBIT_P",6,0.1,0.00394190371588322,0.957055214723926,0.04,4
"DPM",7,0.1,NA,0.920245398773006,0.00332225913621262,4
"ORBIT_P",7,0.1,0.00246982786089116,0.959100204498977,0.044806517311609,4
"DPM",8,0.1,NA,0.929447852760736,0.00438116100766703,4
"ORBIT_P",8,0.1,0.00209339598402805,0.970347648261759,0.0471887550200803,4
"DPM",9,0.1,NA,0.927402862985685,0.00110132158590308,4
"ORBIT_P",9,0.1,0.000915191427475918,0.967280163599182,0.0502008032128514,4
"DPM",10,0.1,NA,0.941717791411043,0.00216684723726977,4
"ORBIT_P",10,0.1,8.14396680239928e-05,0.974437627811861,0.046046046046046,4
"DPM",11,0.1,NA,0.949897750511247,0.0010752688172043,4
"ORBIT_P",11,0.1,0.000511269498767689,0.985685071574642,0.0493096646942801,4
"DPM",12,0.1,NA,0.948875255623722,0,4
"ORBIT_P",12,0.1,-0.000368970355458242,0.98159509202454,0.0476190476190476,4
"DPM",13,0.1,NA,0.952965235173824,0,4
"ORBIT_P",13,0.1,-0.000940165582688479,0.977505112474438,0.047808764940239,4
"DPM",14,0.1,NA,0.973415132924335,0,4
"ORBIT_P",14,0.1,-0.00082634631894814,0.99079754601227,0.0434353405725568,4
"DPM",15,0.1,NA,0.960122699386503,0,4
"ORBIT_P",15,0.1,-0.000635900580159283,0.991820040899795,0.0376984126984127,4
"DPM",16,0.1,NA,0.961145194274029,0,4
"ORBIT_P",16,0.1,-0.000735819955994105,0.983640081799591,0.055937193326791,4
"DPM",17,0.1,NA,0.957055214723926,0,4
"ORBIT_P",17,0.1,-0.00113543018278179,0.986707566462168,0.0483234714003945,4
"DPM",18,0.1,NA,0.966257668711656,0,4
"ORBIT_P",18,0.1,-0.0013793339179414,0.989775051124744,0.0425321463897132,4
"DPM",19,0.1,NA,0.964212678936605,0,4
"ORBIT_P",19,0.1,-0.00152740201489333,0.992842535787321,0.0424063116370809,4
"DPM",20,0.1,NA,0.965235173824131,0,4
"ORBIT_P",20,0.1,-0.00177269420993373,0.988752556237219,0.0397219463753724,4
"DPM",2,0.2,NA,0.812180143295803,0.0275735294117647,4
"ORBIT_P",2,0.2,0.0123477790247356,0.845957011258956,0.0428488708743486,4
"DPM",3,0.2,NA,0.870522006141249,0.0229753015508329,4
"ORBIT_P",3,0.2,0.0182909252466363,0.916581371545548,0.0448,4
"DPM",4,0.2,NA,0.887410440122825,0.00857632933104631,4
"ORBIT_P",4,0.2,0.00661405102587022,0.932446264073695,0.0440713536201469,4
"DPM",5,0.2,NA,0.917093142272262,0.00665188470066519,4
"ORBIT_P",5,0.2,0.00291798014296483,0.960081883316274,0.0462633451957295,4
"DPM",6,0.2,NA,0.920675537359263,0.00387596899224806,4
"ORBIT_P",6,0.2,0.00418747775605174,0.965199590583419,0.0421533773489081,4
"DPM",7,0.2,NA,0.936028659160696,0.00163755458515284,4
"ORBIT_P",7,0.2,0.00372220775949168,0.97338792221085,0.0442211055276382,4
"DPM",8,0.2,NA,0.943705220061412,0.00108342361863489,4
"ORBIT_P",8,0.2,0.00274951054905988,0.980552712384852,0.0386352232814852,4
"DPM",9,0.2,NA,0.946775844421699,0.00161899622234215,4
"ORBIT_P",9,0.2,0.00293557665550793,0.972364380757421,0.0404040404040404,4
"DPM",10,0.2,NA,0.950870010235415,0.0010752688172043,4
"ORBIT_P",10,0.2,0.00143614085542252,0.980552712384852,0.0400801603206413,4
"DPM",11,0.2,NA,0.962640736949846,0.00053134962805526,4
"ORBIT_P",11,0.2,0.00187256489477708,0.98618219037871,0.044620723847298,4
"DPM",12,0.2,NA,0.95957011258956,0.000533049040511727,4
"ORBIT_P",12,0.2,0.00179602203355974,0.984135107471853,0.0418535127055306,4
"DPM",13,0.2,NA,0.962128966223132,0.000531632110579479,4
"ORBIT_P",13,0.2,0.00101937438757094,0.987205731832139,0.0412524850894632,4
"DPM",14,0.2,NA,0.965711361310133,0,4
"ORBIT_P",14,0.2,0.00141411305566241,0.988741044012282,0.0449826989619377,4
"DPM",15,0.2,NA,0.962128966223132,0,4
"ORBIT_P",15,0.2,0.00177980038012437,0.991811668372569,0.0396432111000991,4
"DPM",16,0.2,NA,0.967758444216991,0,4
"ORBIT_P",16,0.2,0.00155879157940811,0.991299897645855,0.0415635823849579,4
"DPM",17,0.2,NA,0.961105424769703,0,4
"ORBIT_P",17,0.2,0.00139904390726804,0.986693961105425,0.0431761786600496,4
"DPM",18,0.2,NA,0.967246673490276,0,4
"ORBIT_P",18,0.2,0.00137684674227643,0.989764585465711,0.0363726955655207,4
"DPM",19,0.2,NA,0.966223132036848,0,4
"ORBIT_P",19,0.2,0.00144987733160862,0.992835209825998,0.0362642821659215,4
"DPM",20,0.2,NA,0.96878198567042,0,4
"ORBIT_P",20,0.2,0.00106752497969212,0.989764585465711,0.0416253716551041,4
"DPM",2,0.5,NA,0.861842105263158,0.0159344411563852,4
"ORBIT_P",2,0.5,0.00564106098844252,0.894736842105263,0.0232861806311208,4
"DPM",3,0.5,NA,0.908094098883573,0.00913639329997825,4
"ORBIT_P",3,0.5,0.00238049830261754,0.945374800637959,0.0268828237225528,4
"DPM",4,0.5,NA,0.926435406698565,0.00556387759469292,4
"ORBIT_P",4,0.5,0.00185226426870753,0.960526315789474,0.0250910562525293,4
"DPM",5,0.5,NA,0.940191387559809,0.00317057704502219,4
"ORBIT_P",5,0.5,0.00489156886644843,0.973883572567783,0.0282474636960414,4
"DPM",6,0.5,NA,0.946570972886762,0.00210172341319882,4
"ORBIT_P",6,0.5,0.00561582837334183,0.972288676236045,0.0265469061876248,4
"DPM",7,0.5,NA,0.953149920255183,0.00104471374843293,4
"ORBIT_P",7,0.5,0.00489001381021684,0.977272727272727,0.0242834394904459,4
"DPM",8,0.5,NA,0.954944178628389,0.000834376303712975,4
"ORBIT_P",8,0.5,0.00571502332267989,0.980861244019139,0.024390243902439,4
"DPM",9,0.5,NA,0.960725677830941,0.00062214848610535,4
"ORBIT_P",9,0.5,0.00563745188215847,0.984250398724083,0.0223762376237624,4
"DPM",10,0.5,NA,0.960326953748006,0.000622406639004149,4
"ORBIT_P",10,0.5,0.00275350929423123,0.985645933014354,0.0240821160679037,4
"DPM",11,0.5,NA,0.962719298245614,0.00020703933747412,4
"ORBIT_P",11,0.5,0.00060646079678915,0.988835725677831,0.0216962524654832,4
"DPM",12,0.5,NA,0.963118022328549,0.000206953642384106,4
"ORBIT_P",12,0.5,-0.000390360177630651,0.989433811802233,0.023223774847471,4
"DPM",13,0.5,NA,0.965510366826156,0.000206440957886045,4
"ORBIT_P",13,0.5,-0.000279568782600596,0.987639553429027,0.0230723723131532,4
"DPM",14,0.5,NA,0.965909090909091,0.00041262636682484,4
"ORBIT_P",14,0.5,0.000155475183291363,0.9896331738437,0.0253288827802867,4
"DPM",15,0.5,NA,0.971690590111643,0.000205128205128205,4
"ORBIT_P",15,0.5,0.000446414509003147,0.991427432216906,0.0222178529296107,4
"DPM",16,0.5,NA,0.967703349282297,0.000205973223480947,4
"ORBIT_P",16,0.5,0.00106648345094261,0.990031897926635,0.0230179028132992,4
"DPM",17,0.5,NA,0.975677830940989,0,4
"ORBIT_P",17,0.5,0.00101681704747787,0.992224880382775,0.0239262600509904,4
"DPM",18,0.5,NA,0.970693779904306,0,4
"ORBIT_P",18,0.5,0.000871946784642067,0.991427432216906,0.0229862475442043,4
"DPM",19,0.5,NA,0.970693779904306,0,4
"ORBIT_P",19,0.5,0.000696355999465223,0.991626794258373,0.0235571260306243,4
"DPM",20,0.5,NA,0.975079744816587,0,4
"ORBIT_P",20,0.5,0.000873875602279309,0.991626794258373,0.0248970790041168,4
"DPM",2,0.05,NA,0.705756929637527,0.0178041543026706,5
"ORBIT_P",2,0.05,-0.00809983128578319,0.752665245202559,0.0381471389645777,5
"DPM",3,0.05,NA,0.842217484008529,0.00503778337531486,5
"ORBIT_P",3,0.05,-0.00345401672176326,0.889125799573561,0.0435779816513761,5
"DPM",4,0.05,NA,0.88272921108742,0.0142857142857143,5
"ORBIT_P",4,0.05,-0.0057569674812655,0.925373134328358,0.03125,5
"DPM",5,0.05,NA,0.880597014925373,0.00959232613908873,5
"ORBIT_P",5,0.05,-0.00213271711161618,0.921108742004264,0.0248306997742664,5
"DPM",6,0.05,NA,0.897654584221748,0.0023696682464455,5
"ORBIT_P",6,0.05,0.0011522959164007,0.936034115138593,0.0456521739130435,5
"DPM",7,0.05,NA,0.921108742004264,0,5
"ORBIT_P",7,0.05,-3.38313928892328e-05,0.96588486140725,0.0443037974683544,5
"DPM",8,0.05,NA,0.950959488272921,0,5
"ORBIT_P",8,0.05,0.00116403308683761,0.982942430703625,0.055327868852459,5
"DPM",9,0.05,NA,0.923240938166311,0.00230414746543779,5
"ORBIT_P",9,0.05,0.000118917540869566,0.968017057569296,0.0442105263157895,5
"DPM",10,0.05,NA,0.931769722814499,0,5
"ORBIT_P",10,0.05,9.55196376800652e-05,0.968017057569296,0.0541666666666667,5
"DPM",11,0.05,NA,0.942430703624733,0,5
"ORBIT_P",11,0.05,0.000230058638577888,0.980810234541578,0.0376569037656904,5
"DPM",12,0.05,NA,0.942430703624733,0,5
"ORBIT_P",12,0.05,0.000136201231096036,0.970149253731343,0.0360169491525424,5
"DPM",13,0.05,NA,0.948827292110874,0,5
"ORBIT_P",13,0.05,0.000547339388877034,0.982942430703625,0.0415800415800416,5
"DPM",14,0.05,NA,0.93816631130064,0,5
"ORBIT_P",14,0.05,0.000242170288723374,0.976545842217484,0.0357894736842105,5
"DPM",15,0.05,NA,0.955223880597015,0,5
"ORBIT_P",15,0.05,-0.00026858344174343,0.974413646055437,0.0498960498960499,5
"DPM",16,0.05,NA,0.946695095948827,0,5
"ORBIT_P",16,0.05,-0.000503911636013974,0.978678038379531,0.0457380457380457,5
"DPM",17,0.05,NA,0.97228144989339,0,5
"ORBIT_P",17,0.05,-0.00068239071887216,0.989339019189765,0.0413223140495868,5
"DPM",18,0.05,NA,0.959488272921109,0,5
"ORBIT_P",18,0.05,-0.000562191633524073,0.980810234541578,0.045643153526971,5
"DPM",19,0.05,NA,0.953091684434968,0,5
"ORBIT_P",19,0.05,-0.000368729092524047,0.989339019189765,0.0393374741200828,5
"DPM",20,0.05,NA,0.970149253731343,0,5
"ORBIT_P",20,0.05,-0.000186650626673301,0.989339019189765,0.0472279260780287,5
"DPM",2,0.1,NA,0.796278158667973,0.0298329355608592,5
"ORBIT_P",2,0.1,0.0084064124995302,0.830558276199804,0.0535714285714286,5
"DPM",3,0.1,NA,0.850146914789422,0.0091324200913242,5
"ORBIT_P",3,0.1,0.00477017134278784,0.898139079333986,0.0397905759162304,5
"DPM",4,0.1,NA,0.890303623898139,0.00547045951859956,5
"ORBIT_P",4,0.1,0.00135252693669856,0.93535749265426,0.0392354124748491,5
"DPM",5,0.1,NA,0.904015670910872,0.00108225108225108,5
"ORBIT_P",5,0.1,-0.0016789558352728,0.944172380019589,0.035035035035035,5
"DPM",6,0.1,NA,0.917727717923604,0.00425079702444208,5
"ORBIT_P",6,0.1,0.000824258547594214,0.962781586679726,0.0437743190661479,5
"DPM",7,0.1,NA,0.929480901077375,0.00105263157894737,5
"ORBIT_P",7,0.1,0.00100577725051084,0.964740450538688,0.0492277992277992,5
"DPM",8,0.1,NA,0.928501469147894,0.00210526315789474,5
"ORBIT_P",8,0.1,0.00194433916827599,0.966699314397649,0.0436046511627907,5
"DPM",9,0.1,NA,0.940254652301665,0.00311526479750779,5
"ORBIT_P",9,0.1,0.0015453608021069,0.97845249755142,0.0357142857142857,5
"DPM",10,0.1,NA,0.959843290891283,0.00203665987780041,5
"ORBIT_P",10,0.1,0.0014762284560778,0.987267384916748,0.0344827586206897,5
"DPM",11,0.1,NA,0.949069539666993,0.00103092783505155,5
"ORBIT_P",11,0.1,0.00209293461531922,0.986287952987267,0.0427756653992395,5
"DPM",12,0.1,NA,0.955925563173359,0,5
"ORBIT_P",12,0.1,0.00217106477583844,0.979431929480901,0.0412272291466922,5
"DPM",13,0.1,NA,0.947110675808031,0,5
"ORBIT_P",13,0.1,0.00120904571068989,0.981390793339863,0.0356111645813282,5
"DPM",14,0.1,NA,0.952987267384917,0,5
"ORBIT_P",14,0.1,0.00109139866836069,0.985308521057786,0.0428163653663178,5
"DPM",15,0.1,NA,0.95690499510284,0,5
"ORBIT_P",15,0.1,0.00107008188401946,0.983349657198825,0.0428979980934223,5
"DPM",16,0.1,NA,0.961802154750245,0,5
"ORBIT_P",16,0.1,0.0012555931219689,0.991185112634672,0.0416666666666667,5
"DPM",17,0.1,NA,0.957884427032321,0,5
"ORBIT_P",17,0.1,0.00174084821110712,0.984329089128306,0.0446768060836502,5
"DPM",18,0.1,NA,0.959843290891283,0,5
"ORBIT_P",18,0.1,0.00155772591034474,0.987267384916748,0.0499528746465598,5
"DPM",19,0.1,NA,0.966699314397649,0,5
"ORBIT_P",19,0.1,0.00137388250411979,0.990205680705191,0.049812030075188,5
"DPM",20,0.1,NA,0.957884427032321,0,5
"ORBIT_P",20,0.1,0.0010111037149065,0.988246816846229,0.0499058380414313,5
"DPM",2,0.2,NA,0.800701051577366,0.024405125076266,5
"ORBIT_P",2,0.2,0.0105225624267823,0.843765648472709,0.0431572969903464,5
"DPM",3,0.2,NA,0.873810716074111,0.0141242937853107,5
"ORBIT_P",3,0.2,0.0111604577178618,0.918377566349524,0.0407949790794979,5
"DPM",4,0.2,NA,0.914872308462694,0.0065252854812398,5
"ORBIT_P",4,0.2,0.00748496371141165,0.949924887330996,0.0428859737638749,5
"DPM",5,0.2,NA,0.913870806209314,0.00273224043715847,5
"ORBIT_P",5,0.2,0.00277187580254658,0.957936905358037,0.0372420734776044,5
"DPM",6,0.2,NA,0.944917376064096,0.00105876124933827,5
"ORBIT_P",6,0.2,0.00381010093163312,0.970455683525288,0.0391670798215171,5
"DPM",7,0.2,NA,0.941412118177266,0.00159320233669676,5
"ORBIT_P",7,0.2,0.00292769854853433,0.972458688032048,0.0409876543209877,5
"DPM",8,0.2,NA,0.935403104656986,0.00106951871657754,5
"ORBIT_P",8,0.2,0.00122858181380339,0.971457185778668,0.0367428003972195,5
"DPM",9,0.2,NA,0.951927891837757,0.000525762355415352,5
"ORBIT_P",9,0.2,1.46018979819828e-05,0.981972959439159,0.0401370533529124,5
"DPM",10,0.2,NA,0.950425638457687,0.000526592943654555,5
"ORBIT_P",10,0.2,-0.000266584672144224,0.981972959439159,0.04248046875,5
"DPM",11,0.2,NA,0.951927891837757,0.000525762355415352,5
"ORBIT_P",11,0.2,-0.000204938536231838,0.977966950425638,0.0379310344827586,5
"DPM",12,0.2,NA,0.957936905358037,0.000522466039707419,5
"ORBIT_P",12,0.2,0.00023554375582462,0.984476715072609,0.0386308068459658,5
"DPM",13,0.2,NA,0.957936905358037,0.000522466039707419,5
"ORBIT_P",13,0.2,-1.95435028017262e-05,0.983975963945919,0.0423976608187134,5
"DPM",14,0.2,NA,0.963445167751627,0,5
"ORBIT_P",14,0.2,0.000185527074970255,0.988983475212819,0.0426563257392147,5
"DPM",15,0.2,NA,0.961442163244867,0,5
"ORBIT_P",15,0.2,-0.000313227301187428,0.988482724086129,0.0454545454545455,5
"DPM",16,0.2,NA,0.967951927891838,0,5
"ORBIT_P",16,0.2,-0.000264907902785415,0.99298948422634,0.042953667953668,5
"DPM",17,0.2,NA,0.965448172258388,0,5
"ORBIT_P",17,0.2,-0.00040140772965774,0.99198798197296,0.0439189189189189,5
"DPM",18,0.2,NA,0.958938407611417,0,5
"ORBIT_P",18,0.2,-0.000207741288265922,0.990986479719579,0.0383867832847425,5
"DPM",19,0.2,NA,0.963445167751627,0,5
"ORBIT_P",19,0.2,8.86230159421016e-06,0.99298948422634,0.0364431486880466,5
"DPM",20,0.2,NA,0.964446670005008,0,5
"ORBIT_P",20,0.2,0.000327700288331279,0.99148723084627,0.0369649805447471,5
"DPM",2,0.5,NA,0.873332005576578,0.0159335727109515,5
"ORBIT_P",2,0.5,-0.00157596120966904,0.903206532563234,0.0243115318416523,5
"DPM",3,0.5,NA,0.910376419040032,0.00845986984815618,5
"ORBIT_P",3,0.5,-0.00823960425553422,0.946624178450508,0.0244252873563218,5
"DPM",4,0.5,NA,0.923919537940649,0.0042927666881305,5
"ORBIT_P",4,0.5,-0.0100832766953111,0.959968133837881,0.0235008103727715,5
"DPM",5,0.5,NA,0.943835889265087,0.00273569023569024,5
"ORBIT_P",5,0.5,-0.00473703296355929,0.970523800039833,0.0246196957566053,5
"DPM",6,0.5,NA,0.946823341963752,0.00147027935307708,5
"ORBIT_P",6,0.5,-0.00194429288232013,0.976897032463653,0.0267857142857143,5
"DPM",7,0.5,NA,0.948814977096196,0.000838926174496644,5
"ORBIT_P",7,0.5,-0.00241938375113155,0.980083648675563,0.0247720967102656,5
"DPM",8,0.5,NA,0.96176060545708,0.000827643285743844,5
"ORBIT_P",8,0.5,-0.00147093186159659,0.98406691894045,0.0240963855421687,5
"DPM",9,0.5,NA,0.95857398924517,0.00020772746157042,5
"ORBIT_P",9,0.5,-0.00312514574976279,0.983270264887473,0.0208250694168981,5
"DPM",10,0.5,NA,0.960167297351125,0.000414679659962679,5
"ORBIT_P",10,0.5,-0.00221737109590951,0.984863572993428,0.0211797307996833,5
"DPM",11,0.5,NA,0.960565624377614,0.000621632822213013,5
"ORBIT_P",11,0.5,0.000302845034992908,0.985261900019916,0.023489932885906,5
"DPM",12,0.5,NA,0.963154750049791,0.000206739714699194,5
"ORBIT_P",12,0.5,-0.00022165566615444,0.990240987851026,0.0216450216450216,5
"DPM",13,0.5,NA,0.958175662218682,0.000207813798836243,5
"ORBIT_P",13,0.5,-0.000579296300641573,0.988846843258315,0.0230224321133412,5
"DPM",14,0.5,NA,0.965146385182235,0,5
"ORBIT_P",14,0.5,-0.000461042251650397,0.988448516231826,0.0234159779614325,5
"DPM",15,0.5,NA,0.964548894642501,0.000206440957886045,5
"ORBIT_P",15,0.5,-0.000842202008961432,0.990240987851026,0.02356637863315,5
"DPM",16,0.5,NA,0.967934674367656,0,5
"ORBIT_P",16,0.5,-0.000995376610747854,0.990838478390759,0.0225933202357564,5
"DPM",17,0.5,NA,0.967934674367656,0,5
"ORBIT_P",17,0.5,-0.000180642813992286,0.991435968930492,0.0237301431653265,5
"DPM",18,0.5,NA,0.969328818960366,0,5
"ORBIT_P",18,0.5,-0.00051619337448479,0.993029277036447,0.023884103367267,5
"DPM",19,0.5,NA,0.97311292571201,0,5
"ORBIT_P",19,0.5,-0.000291543372743884,0.994622585142402,0.0247998437805116,5
"DPM",20,0.5,NA,0.968731328420633,0,5
"ORBIT_P",20,0.5,-0.000221796130831983,0.994224258115913,0.0263311878291398,5
"DPM",2,0.05,NA,0.712909441233141,0.0106951871657754,6
"ORBIT_P",2,0.05,0.00118589430869474,0.774566473988439,0.04739336492891,6
"DPM",3,0.05,NA,0.807321772639692,0.0141176470588235,6
"ORBIT_P",3,0.05,0.00066556455489268,0.86897880539499,0.0404255319148936,6
"DPM",4,0.05,NA,0.882466281310212,0.0107991360691145,6
"ORBIT_P",4,0.05,-0.000982939438013825,0.913294797687861,0.0538922155688623,6
"DPM",5,0.05,NA,0.913294797687861,0.00628930817610063,6
"ORBIT_P",5,0.05,-0.000119053573539431,0.947976878612717,0.0520231213872832,6
"DPM",6,0.05,NA,0.882466281310212,0.00650759219088937,6
"ORBIT_P",6,0.05,-0.000233166494771034,0.926782273603083,0.0456349206349206,6
"DPM",7,0.05,NA,0.932562620423892,0,6
"ORBIT_P",7,0.05,-0.000281925104285259,0.969171483622351,0.0580524344569288,6
"DPM",8,0.05,NA,0.961464354527938,0.002,6
"ORBIT_P",8,0.05,-0.000112900229811787,0.986512524084778,0.0553505535055351,6
"DPM",9,0.05,NA,0.946050096339114,0.00203252032520325,6
"ORBIT_P",9,0.05,0.00137878167531892,0.971098265895954,0.0526315789473684,6
"DPM",10,0.05,NA,0.932562620423892,0,6
"ORBIT_P",10,0.05,0.00190011668898478,0.973025048169557,0.0453686200378072,6
"DPM",11,0.05,NA,0.947976878612717,0,6
"ORBIT_P",11,0.05,0.000528315256930809,0.978805394990366,0.048689138576779,6
"DPM",12,0.05,NA,0.932562620423892,0,6
"ORBIT_P",12,0.05,0.000797151736098221,0.967244701348748,0.0510396975425331,6
"DPM",13,0.05,NA,0.938342967244701,0.00204918032786885,6
"ORBIT_P",13,0.05,0.000307063091338455,0.971098265895954,0.0508474576271186,6
"DPM",14,0.05,NA,0.971098265895954,0.00198019801980198,6
"ORBIT_P",14,0.05,0.000281707141877554,0.996146435452794,0.0461254612546125,6
"DPM",15,0.05,NA,0.94990366088632,0,6
"ORBIT_P",15,0.05,-0.000471426334243475,0.986512524084778,0.0483271375464684,6
"DPM",16,0.05,NA,0.955684007707129,0.00201207243460765,6
"ORBIT_P",16,0.05,-0.000170616369912361,0.986512524084778,0.0500927643784787,6
"DPM",17,0.05,NA,0.955684007707129,0,6
"ORBIT_P",17,0.05,-0.000641022913502034,0.984585741811175,0.0448598130841121,6
"DPM",18,0.05,NA,0.955684007707129,0,6
"ORBIT_P",18,0.05,-0.000438924527781221,0.990366088631985,0.0463821892393321,6
"DPM",19,0.05,NA,0.957610789980732,0,6
"ORBIT_P",19,0.05,-0.000316085027452633,0.984585741811175,0.0448598130841121,6
"DPM",20,0.05,NA,0.971098265895954,0,6
"ORBIT_P",20,0.05,9.50229904590455e-05,0.988439306358382,0.0411214953271028,6
"DPM",2,0.1,NA,0.762626262626263,0.0270618556701031,6
"ORBIT_P",2,0.1,-0.00120263724842241,0.819191919191919,0.0481220657276995,6
"DPM",3,0.1,NA,0.862626262626263,0.00813008130081301,6
"ORBIT_P",3,0.1,-0.00273191059416845,0.902020202020202,0.0449197860962567,6
"DPM",4,0.1,NA,0.877777777777778,0.00685714285714286,6
"ORBIT_P",4,0.1,-0.0018208785516528,0.932323232323232,0.0455015511892451,6
"DPM",5,0.1,NA,0.906060606060606,0.00664451827242525,6
"ORBIT_P",5,0.1,-0.0018712869351791,0.952525252525253,0.0474747474747475,6
"DPM",6,0.1,NA,0.935353535353535,0.0043010752688172,6
"ORBIT_P",6,0.1,0.000945432714560379,0.962626262626263,0.0498504486540379,6
"DPM",7,0.1,NA,0.927272727272727,0.00217391304347826,6
"ORBIT_P",7,0.1,-0.000488810152931482,0.964646464646465,0.0553907022749753,6
"DPM",8,0.1,NA,0.93030303030303,0.00108459869848156,6
"ORBIT_P",8,0.1,-0.000409305759009679,0.961616161616162,0.0583580613254204,6
"DPM",9,0.1,NA,0.941414141414141,0.00214132762312634,6
"ORBIT_P",9,0.1,0.000498095765150188,0.970707070707071,0.056918547595682,6
"DPM",10,0.1,NA,0.948484848484848,0,6
"ORBIT_P",10,0.1,0.000458737381931564,0.983838383838384,0.0525291828793774,6
"DPM",11,0.1,NA,0.951515151515152,0,6
"ORBIT_P",11,0.1,0.000451293338702296,0.975757575757576,0.0482758620689655,6
"DPM",12,0.1,NA,0.965656565656566,0,6
"ORBIT_P",12,0.1,0.00129833165321909,0.988888888888889,0.0522749273959342,6
"DPM",13,0.1,NA,0.94040404040404,0,6
"ORBIT_P",13,0.1,0.000808552276707916,0.971717171717172,0.0512820512820513,6
"DPM",14,0.1,NA,0.95050505050505,0,6
"ORBIT_P",14,0.1,0.000773519679974067,0.985858585858586,0.0505836575875486,6
"DPM",15,0.1,NA,0.970707070707071,0,6
"ORBIT_P",15,0.1,0.00081842924339361,0.986868686868687,0.0458984375,6
"DPM",16,0.1,NA,0.960606060606061,0,6
"ORBIT_P",16,0.1,0.00118932382779461,0.981818181818182,0.0489236790606654,6
"DPM",17,0.1,NA,0.956565656565657,0,6
"ORBIT_P",17,0.1,0.00103518991225588,0.987878787878788,0.0486381322957198,6
"DPM",18,0.1,NA,0.951515151515152,0,6
"ORBIT_P",18,0.1,0.00105008736914771,0.984848484848485,0.0403543307086614,6
"DPM",19,0.1,NA,0.958585858585859,0,6
"ORBIT_P",19,0.1,0.00101892916352823,0.98989898989899,0.04296875,6
"DPM",20,0.1,NA,0.962626262626263,0,6
"ORBIT_P",20,0.1,0.00076832582496222,0.990909090909091,0.0466472303206997,6
"DPM",2,0.2,NA,0.816973415132924,0.0232273838630807,6
"ORBIT_P",2,0.2,-0.0143043683385363,0.860940695296524,0.038263849229012,6
"DPM",3,0.2,NA,0.862985685071575,0.00880798590722255,6
"ORBIT_P",3,0.2,-0.00580392122474138,0.910531697341513,0.0336408030385241,6
"DPM",4,0.2,NA,0.89519427402863,0.0056785917092561,6
"ORBIT_P",4,0.2,-0.0049620149998862,0.937116564417178,0.0342465753424658,6
"DPM",5,0.2,NA,0.919734151329243,0.00387596899224806,6
"ORBIT_P",5,0.2,-0.00392024769520327,0.957566462167689,0.036522633744856,6
"DPM",6,0.2,NA,0.932515337423313,0.00273373428102788,6
"ORBIT_P",6,0.2,-0.00236712326236276,0.968302658486708,0.0371123538383325,6
"DPM",7,0.2,NA,0.936094069529652,0.00217983651226158,6
"ORBIT_P",7,0.2,-0.00246758501742633,0.970858895705521,0.0375063355296503,6
"DPM",8,0.2,NA,0.953476482617587,0.00267379679144385,6
"ORBIT_P",8,0.2,-0.00213036280320229,0.983128834355828,0.0394605394605395,6
"DPM",9,0.2,NA,0.944274028629857,0.00108166576527853,6
"ORBIT_P",9,0.2,-0.00119560194548058,0.973926380368098,0.0388496468213925,6
"DPM",10,0.2,NA,0.951942740286299,0,6
"ORBIT_P",10,0.2,-0.000953571661615583,0.984151329243354,0.0403788634097707,6
"DPM",11,0.2,NA,0.956543967280164,0.000534188034188034,6
"ORBIT_P",11,0.2,-5.39477681026419e-05,0.984662576687117,0.0441687344913151,6
"DPM",12,0.2,NA,0.955010224948875,0,6
"ORBIT_P",12,0.2,0.000482125016894188,0.986196319018405,0.0383848454636092,6
"DPM",13,0.2,NA,0.959100204498977,0,6
"ORBIT_P",13,0.2,0.000156929780638955,0.98159509202454,0.03420523138833,6
"DPM",14,0.2,NA,0.968302658486708,0,6
"ORBIT_P",14,0.2,0.000123133434088716,0.988752556237219,0.0363726955655207,6
"DPM",15,0.2,NA,0.970858895705521,0,6
"ORBIT_P",15,0.2,2.69469627859167e-05,0.992331288343558,0.0405338606030648,6
"DPM",16,0.2,NA,0.960633946830266,0,6
"ORBIT_P",16,0.2,-2.53556664957273e-05,0.989775051124744,0.0392059553349876,6
"DPM",17,0.2,NA,0.962167689161554,0,6
"ORBIT_P",17,0.2,0.000153184778517431,0.984151329243354,0.0413346613545817,6
"DPM",18,0.2,NA,0.961145194274029,0,6
"ORBIT_P",18,0.2,8.29467518664326e-05,0.988241308793456,0.0425953442298167,6
"DPM",19,0.2,NA,0.964723926380368,0,6
"ORBIT_P",19,0.2,-0.000189833014315057,0.991308793456033,0.0405739732805542,6
"DPM",20,0.2,NA,0.964212678936605,0,6
"ORBIT_P",20,0.2,-0.00039027774460423,0.989263803680982,0.0358744394618834,6
"DPM",2,0.5,NA,0.870700121408337,0.0130733944954128,6
"ORBIT_P",2,0.5,0.0159033876247325,0.898624038850668,0.0215906587354043,6
"DPM",3,0.5,NA,0.915014164305949,0.00746268656716418,6
"ORBIT_P",3,0.5,0.000156210762775256,0.944556859571024,0.0248589931063296,6
"DPM",4,0.5,NA,0.925738567381627,0.00500217485863419,6
"ORBIT_P",4,0.5,0.00056326736574901,0.958316471064346,0.0265159301130524,6
"DPM",5,0.5,NA,0.939295831647106,0.00214961306964746,6
"ORBIT_P",5,0.5,-0.00422121714528108,0.969850263051396,0.0232321173833299,6
"DPM",6,0.5,NA,0.946175637393768,0.00192102454642476,6
"ORBIT_P",6,0.5,-0.00187048018217038,0.973897207608256,0.0245237130117552,6
"DPM",7,0.5,NA,0.947592067988669,0.00170539330633127,6
"ORBIT_P",7,0.5,-0.00133342727173325,0.975111290975314,0.0258742672326663,6
"DPM",8,0.5,NA,0.952650748684743,0.000636807471874337,6
"ORBIT_P",8,0.5,-0.00301805928459015,0.981991096721975,0.0239340305711987,6
"DPM",9,0.5,NA,0.965398624038851,0.000628403854210306,6
"ORBIT_P",9,0.5,-0.00202362801227926,0.984621610683934,0.0238716148445336,6
"DPM",10,0.5,NA,0.965196276811008,0.000628535512256443,6
"ORBIT_P",10,0.5,-0.00148984230740224,0.988061513557264,0.0239856086348191,6
"DPM",11,0.5,NA,0.96398219344395,0.000629326620516048,6
"ORBIT_P",11,0.5,0.000371572335291377,0.98644273573452,0.025389844062375,6
"DPM",12,0.5,NA,0.964184540671793,0.000629194630872483,6
"ORBIT_P",12,0.5,0.00022117058300938,0.990692027519223,0.0231444533120511,6
"DPM",13,0.5,NA,0.970861999190611,0.000416666666666667,6
"ORBIT_P",13,0.5,-0.000237737237304668,0.991501416430595,0.0256512229071386,6
"DPM",14,0.5,NA,0.965196276811008,0.000209599664640537,6
"ORBIT_P",14,0.5,-0.000923874026161283,0.988668555240793,0.0263053009166999,6
"DPM",15,0.5,NA,0.966815054633752,0.000209248796819418,6
"ORBIT_P",15,0.5,-0.000938304537777448,0.989882638607851,0.026080031853474,6
"DPM",16,0.5,NA,0.968029138000809,0.000208986415882968,6
"ORBIT_P",16,0.5,-0.00054467908888286,0.992310805341967,0.0260178748758689,6
"DPM",17,0.5,NA,0.971064346418454,0,6
"ORBIT_P",17,0.5,-0.000581855183202364,0.993727235936868,0.0242400158950924,6
"DPM",18,0.5,NA,0.971064346418454,0,6
"ORBIT_P",18,0.5,-0.000864575119763574,0.993524888709025,0.0252134206869168,6
"DPM",19,0.5,NA,0.969040874140024,0,6
"ORBIT_P",19,0.5,-0.00085981328595673,0.993524888709025,0.0257936507936508,6
"DPM",20,0.5,NA,0.972278429785512,0,6
"ORBIT_P",20,0.5,-0.000674522866384481,0.993120194253339,0.0275411135327918,6
"DPM",2,0.05,NA,0.726,0.0268096514745308,7
"ORBIT_P",2,0.05,0.000554810419827881,0.776,0.0536585365853659,7
"DPM",3,0.05,NA,0.822,0.0214285714285714,7
"ORBIT_P",3,0.05,-0.00391345238051736,0.872,0.0643776824034335,7
"DPM",4,0.05,NA,0.866,0.0114155251141553,7
"ORBIT_P",4,0.05,-0.000485580017471014,0.916,0.0672097759674134,7
"DPM",5,0.05,NA,0.888,0.00448430493273543,7
"ORBIT_P",5,0.05,0.00119729324616257,0.93,0.0643863179074447,7
"DPM",6,0.05,NA,0.924,0.00215982721382289,7
"ORBIT_P",6,0.05,0.0018295389218197,0.958,0.0662768031189084,7
"DPM",7,0.05,NA,0.924,0.00215982721382289,7
"ORBIT_P",7,0.05,0.000283896691289369,0.97,0.0545808966861598,7
"DPM",8,0.05,NA,0.93,0.00214592274678112,7
"ORBIT_P",8,0.05,0.00145585637047789,0.96,0.0476190476190476,7
"DPM",9,0.05,NA,0.932,0.00427350427350427,7
"ORBIT_P",9,0.05,0.00208263414676629,0.954,0.0554455445544554,7
"DPM",10,0.05,NA,0.936,0.00213219616204691,7
"ORBIT_P",10,0.05,0.00158521806167932,0.966,0.0492125984251969,7
"DPM",11,0.05,NA,0.94,0,7
"ORBIT_P",11,0.05,0.00132149408884932,0.98,0.0576923076923077,7
"DPM",12,0.05,NA,0.956,0,7
"ORBIT_P",12,0.05,0.00208847878357219,0.974,0.0598455598455598,7
"DPM",13,0.05,NA,0.936,0,7
"ORBIT_P",13,0.05,0.00249693854677123,0.976,0.0524271844660194,7
"DPM",14,0.05,NA,0.95,0,7
"ORBIT_P",14,0.05,0.000966972635553136,0.986,0.0482625482625483,7
"DPM",15,0.05,NA,0.95,0,7
"ORBIT_P",15,0.05,0.000898720502958651,0.982,0.0647619047619048,7
"DPM",16,0.05,NA,0.958,0,7
"ORBIT_P",16,0.05,0.00116228717947387,0.99,0.0499040307101727,7
"DPM",17,0.05,NA,0.946,0,7
"ORBIT_P",17,0.05,0.00111467480132772,0.974,0.0432220039292731,7
"DPM",18,0.05,NA,0.966,0,7
"ORBIT_P",18,0.05,0.000143558467301767,0.994,0.0604914933837429,7
"DPM",19,0.05,NA,0.964,0,7
"ORBIT_P",19,0.05,8.35140647902781e-05,0.994,0.064030131826742,7
"DPM",20,0.05,NA,0.956,0,7
"ORBIT_P",20,0.05,-0.000277106461558641,0.986,0.0427184466019417,7
"DPM",2,0.1,NA,0.770916334661355,0.020253164556962,7
"ORBIT_P",2,0.1,-0.00499570394708142,0.815737051792829,0.0421052631578947,7
"DPM",3,0.1,NA,0.818725099601594,0.0202622169249106,7
"ORBIT_P",3,0.1,-0.00312900215045286,0.883466135458167,0.0482832618025751,7
"DPM",4,0.1,NA,0.883466135458167,0.00560538116591928,7
"ORBIT_P",4,0.1,0.000623963985269993,0.922310756972112,0.0502564102564103,7
"DPM",5,0.1,NA,0.912350597609562,0.00217864923747277,7
"ORBIT_P",5,0.1,-0.00191071568797836,0.951195219123506,0.0506958250497018,7
"DPM",6,0.1,NA,0.922310756972112,0,7
"ORBIT_P",6,0.1,-0.000649033211288241,0.963147410358566,0.0463510848126233,7
"DPM",7,0.1,NA,0.914342629482072,0.00108813928182807,7
"ORBIT_P",7,0.1,-0.000281461007199444,0.956175298804781,0.0513833992094862,7
"DPM",8,0.1,NA,0.933266932270916,0.00212992545260916,7
"ORBIT_P",8,0.1,-0.000965429735280875,0.965139442231076,0.046259842519685,7
"DPM",9,0.1,NA,0.946215139442231,0,7
"ORBIT_P",9,0.1,-0.00154940587742445,0.98207171314741,0.0399221032132425,7
"DPM",10,0.1,NA,0.947211155378486,0,7
"ORBIT_P",10,0.1,-0.000844722608456668,0.97410358565737,0.0439882697947214,7
"DPM",11,0.1,NA,0.936254980079681,0,7
"ORBIT_P",11,0.1,-0.000941969271132707,0.972111553784861,0.0440744368266405,7
"DPM",12,0.1,NA,0.941235059760956,0,7
"ORBIT_P",12,0.1,-0.00112045228404224,0.972111553784861,0.0515063168124393,7
"DPM",13,0.1,NA,0.951195219123506,0,7
"ORBIT_P",13,0.1,-0.000940825082644184,0.979083665338645,0.0484027105517909,7
"DPM",14,0.1,NA,0.956175298804781,0,7
"ORBIT_P",14,0.1,-0.0013860395011981,0.987051792828685,0.0461982675649663,7
"DPM",15,0.1,NA,0.960159362549801,0,7
"ORBIT_P",15,0.1,-0.00155605254800384,0.989043824701195,0.0433526011560694,7
"DPM",16,0.1,NA,0.967131474103586,0,7
"ORBIT_P",16,0.1,-0.00119042754255052,0.99402390438247,0.0431447746883988,7
"DPM",17,0.1,NA,0.967131474103586,0,7
"ORBIT_P",17,0.1,-0.000862975365242032,0.991035856573705,0.0460210930009588,7
"DPM",18,0.1,NA,0.960159362549801,0,7
"ORBIT_P",18,0.1,-0.00113080845668492,0.98804780876494,0.0396902226524685,7
"DPM",19,0.1,NA,0.965139442231076,0,7
"ORBIT_P",19,0.1,-0.00114359514974129,0.99203187250996,0.0441458733205374,7
"DPM",20,0.1,NA,0.972111553784861,0,7
"ORBIT_P",20,0.1,-0.00156822707327147,0.995019920318725,0.0384985563041386,7
"DPM",2,0.2,NA,0.823732151649434,0.0250582750582751,7
"ORBIT_P",2,0.2,-0.0026049519239601,0.862629246676514,0.044711014176663,7
"DPM",3,0.2,NA,0.876907927129493,0.00945494994438265,7
"ORBIT_P",3,0.2,-0.00972078953638385,0.915312653865091,0.0422462648119526,7
"DPM",4,0.2,NA,0.910881339241753,0.00484131253362023,7
"ORBIT_P",4,0.2,-0.00493455471269296,0.950270802560315,0.0431333663857214,7
"DPM",5,0.2,NA,0.919743968488429,0.00266951414842499,7
"ORBIT_P",5,0.2,-0.00460608813727416,0.956671590349581,0.0404938271604938,7
"DPM",6,0.2,NA,0.923190546528804,0.00159744408945687,7
"ORBIT_P",6,0.2,-0.00413559071176647,0.955194485475135,0.0376984126984127,7
"DPM",7,0.2,NA,0.93943870014771,0.00104712041884817,7
"ORBIT_P",7,0.2,-0.00304228566640668,0.973904480551453,0.0360623781676413,7
"DPM",8,0.2,NA,0.940423436730675,0.00156821745948772,7
"ORBIT_P",8,0.2,-0.000407165965223594,0.974889217134417,0.0425531914893617,7
"DPM",9,0.2,NA,0.949778434268833,0.000518134715025907,7
"ORBIT_P",9,0.2,-0.000450169406613245,0.977351058591827,0.0392061955469506,7
"DPM",10,0.2,NA,0.953717380600689,0.000515995872033024,7
"ORBIT_P",10,0.2,0.000254634929793831,0.978828163466273,0.0363548230731944,7
"DPM",11,0.2,NA,0.954209748892171,0,7
"ORBIT_P",11,0.2,-0.00146612580406417,0.985228951255539,0.0412074748442741,7
"DPM",12,0.2,NA,0.956671590349581,0,7
"ORBIT_P",12,0.2,-0.00209356198436767,0.983259478089611,0.041746641074856,7
"DPM",13,0.2,NA,0.949778434268833,0.000518134715025907,7
"ORBIT_P",13,0.2,-0.00156382198742937,0.987198424421467,0.0392908481073311,7
"DPM",14,0.2,NA,0.959133431806992,0,7
"ORBIT_P",14,0.2,-0.00168433578107403,0.985721319547021,0.0421052631578947,7
"DPM",15,0.2,NA,0.963072378138848,0,7
"ORBIT_P",15,0.2,-0.00174210759006076,0.988183161004431,0.0438303954263935,7
"DPM",16,0.2,NA,0.960610536681438,0,7
"ORBIT_P",16,0.2,-0.00175934631913959,0.986706056129985,0.0416068866571019,7
"DPM",17,0.2,NA,0.960118168389956,0,7
"ORBIT_P",17,0.2,-0.0012197887372208,0.986706056129985,0.043436754176611,7
"DPM",18,0.2,NA,0.969965534219596,0,7
"ORBIT_P",18,0.2,-0.00140360381254307,0.991629739044806,0.0382043935052531,7
"DPM",19,0.2,NA,0.965041851304776,0,7
"ORBIT_P",19,0.2,-0.0012367182983455,0.993599212210734,0.0376728659990463,7
"DPM",20,0.2,NA,0.967011324470704,0,7
"ORBIT_P",20,0.2,-0.00155691836411011,0.994091580502216,0.0371959942775393,7
"DPM",2,0.5,NA,0.870829943043124,0.0167661920073496,7
"ORBIT_P",2,0.5,0.0172701754614159,0.897681041497152,0.0264725347452019,7
"DPM",3,0.5,NA,0.911716842961757,0.0099403578528827,7
"ORBIT_P",3,0.5,0.009554829792003,0.943856794141579,0.0256194876102478,7
"DPM",4,0.5,NA,0.916192026037429,0.00573951434878587,7
"ORBIT_P",4,0.5,0.00149746509031908,0.956672091131001,0.0260923586663906,7
"DPM",5,0.5,NA,0.938771358828316,0.00323974082073434,7
"ORBIT_P",5,0.5,0.00123556764250027,0.970504475183076,0.0281116316968833,7
"DPM",6,0.5,NA,0.951383238405207,0.00170757737459979,7
"ORBIT_P",6,0.5,0.000551133881429968,0.978030919446705,0.0280978370729735,7
"DPM",7,0.5,NA,0.955655004068348,0.00106315118009781,7
"ORBIT_P",7,0.5,0.00242514884325872,0.980878763222132,0.0282144296654575,7
"DPM",8,0.5,NA,0.958706265256306,0.000847996608013568,7
"ORBIT_P",8,0.5,0.00138915221478555,0.986371033360456,0.0251306795335746,7
"DPM",9,0.5,NA,0.958706265256306,0.000424178154825026,7
"ORBIT_P",9,0.5,0.000420380024106272,0.985150528885273,0.0235887096774194,7
"DPM",10,0.5,NA,0.959113100081367,0.000212044105173876,7
"ORBIT_P",10,0.5,0.000938987045975518,0.984947111472742,0.0267336683417085,7
"DPM",11,0.5,NA,0.962571196094386,0,7
"ORBIT_P",11,0.5,0.000447284897561697,0.98820179007323,0.0246938365790002,7
"DPM",12,0.5,NA,0.957485760781123,0,7
"ORBIT_P",12,0.5,0.00096950467024711,0.984540276647681,0.0255687537749144,7
"DPM",13,0.5,NA,0.965012205044752,0.000421407501053519,7
"ORBIT_P",13,0.5,0.000847690628010195,0.990032546786005,0.0281549520766773,7
"DPM",14,0.5,NA,0.966029292107404,0.000210526315789474,7
"ORBIT_P",14,0.5,0.0010339353334877,0.989625711960944,0.027,7
"DPM",15,0.5,NA,0.963995117982099,0.000210970464135021,7
"ORBIT_P",15,0.5,0.000661228431170461,0.991049633848657,0.0273507686164903,7
"DPM",16,0.5,NA,0.965622457282343,0.0002106149957877,7
"ORBIT_P",16,0.5,0.00107558100646637,0.991456468673719,0.0261738261738262,7
"DPM",17,0.5,NA,0.967046379170057,0.000210304942166141,7
"ORBIT_P",17,0.5,0.000635222020011121,0.990642799023596,0.0254152491494897,7
"DPM",18,0.5,NA,0.972538649308381,0.000209117524048515,7
"ORBIT_P",18,0.5,-1.61750001239163e-05,0.992676973148902,0.0251697962445066,7
"DPM",19,0.5,NA,0.971114727420667,0.000209424083769634,7
"ORBIT_P",19,0.5,0.00018715619623159,0.992473555736371,0.0261477045908184,7
"DPM",20,0.5,NA,0.969894222945484,0,7
"ORBIT_P",20,0.5,0.000264633017233443,0.993490642799024,0.024955080854462,7
"DPM",2,0.05,NA,0.686991869918699,0.0202898550724638,8
"ORBIT_P",2,0.05,0.0149132660523984,0.717479674796748,0.0407608695652174,8
"DPM",3,0.05,NA,0.829268292682927,0.0144927536231884,8
"ORBIT_P",3,0.05,0.00433235179449205,0.873983739837398,0.0315315315315315,8
"DPM",4,0.05,NA,0.833333333333333,0.00485436893203883,8
"ORBIT_P",4,0.05,0.000320528414577039,0.902439024390244,0.0305676855895196,8
"DPM",5,0.05,NA,0.876016260162602,0.00231481481481481,8
"ORBIT_P",5,0.05,0.00146912436620744,0.91869918699187,0.0300429184549356,8
"DPM",6,0.05,NA,0.922764227642276,0.0021978021978022,8
"ORBIT_P",6,0.05,0.00212720344978701,0.953252032520325,0.0269709543568465,8
"DPM",7,0.05,NA,0.904471544715447,0,8
"ORBIT_P",7,0.05,-4.94952783585285e-05,0.957317073170732,0.0465587044534413,8
"DPM",8,0.05,NA,0.91869918699187,0,8
"ORBIT_P",8,0.05,-0.00213954009666901,0.953252032520325,0.0389344262295082,8
"DPM",9,0.05,NA,0.91260162601626,0,8
"ORBIT_P",9,0.05,-0.00118157771388713,0.957317073170732,0.0348360655737705,8
"DPM",10,0.05,NA,0.939024390243902,0,8
"ORBIT_P",10,0.05,-0.00196520481370154,0.975609756097561,0.03420523138833,8
"DPM",11,0.05,NA,0.93089430894309,0,8
"ORBIT_P",11,0.05,-0.0010135405690929,0.979674796747967,0.0340681362725451,8
"DPM",12,0.05,NA,0.93089430894309,0,8
"ORBIT_P",12,0.05,-0.00107044837530211,0.973577235772358,0.0439121756487026,8
"DPM",13,0.05,NA,0.955284552845528,0,8
"ORBIT_P",13,0.05,-0.000278036522715716,0.977642276422764,0.0418326693227092,8
"DPM",14,0.05,NA,0.941056910569106,0,8
"ORBIT_P",14,0.05,-0.0012722357748427,0.971544715447154,0.0323886639676113,8
"DPM",15,0.05,NA,0.961382113821138,0,8
"ORBIT_P",15,0.05,-0.00122200769334301,0.981707317073171,0.0397614314115308,8
"DPM",16,0.05,NA,0.947154471544715,0,8
"ORBIT_P",16,0.05,-0.000953801001736388,0.983739837398374,0.0415841584158416,8
"DPM",17,0.05,NA,0.971544715447154,0,8
"ORBIT_P",17,0.05,-0.000691954825811232,0.991869918699187,0.0542635658914729,8
"DPM",18,0.05,NA,0.957317073170732,0,8
"ORBIT_P",18,0.05,-3.33922366211718e-06,0.983739837398374,0.0546875,8
"DPM",19,0.05,NA,0.955284552845528,0,8
"ORBIT_P",19,0.05,0.000123706965154089,0.985772357723577,0.041501976284585,8
"DPM",20,0.05,NA,0.953252032520325,0,8
"ORBIT_P",20,0.05,0.000170139535062165,0.98780487804878,0.0414201183431953,8
"DPM",2,0.1,NA,0.776251226692836,0.0186104218362283,8
"ORBIT_P",2,0.1,0.0093799430967986,0.811579980372915,0.0383720930232558,8
"DPM",3,0.1,NA,0.832188420019627,0.00934579439252336,8
"ORBIT_P",3,0.1,0.0023347813884576,0.885181550539745,0.0342612419700214,8
"DPM",4,0.1,NA,0.879293424926398,0.00554938956714761,8
"ORBIT_P",4,0.1,0.00544822380961672,0.928361138370952,0.0444444444444444,8
"DPM",5,0.1,NA,0.896957801766438,0.00544069640914037,8
"ORBIT_P",5,0.1,0.00158682433021875,0.934249263984298,0.0412890231621349,8
"DPM",6,0.1,NA,0.912659470068695,0.00214592274678112,8
"ORBIT_P",6,0.1,0.00184045634652513,0.949950932286555,0.0444225074037512,8
"DPM",7,0.1,NA,0.927379784102061,0.00316455696202532,8
"ORBIT_P",7,0.1,0.00501350445590385,0.959764474975466,0.0411764705882353,8
"DPM",8,0.1,NA,0.92639842983317,0.00211416490486258,8
"ORBIT_P",8,0.1,0.00164290440038515,0.964671246319922,0.0447035957240039,8
"DPM",9,0.1,NA,0.933267909715407,0.00105042016806723,8
"ORBIT_P",9,0.1,0.00164016090043811,0.976447497546614,0.0395752895752896,8
"DPM",10,0.1,NA,0.947006869479882,0.0010351966873706,8
"ORBIT_P",10,0.1,0.00159674528774121,0.976447497546614,0.0460210930009588,8
"DPM",11,0.1,NA,0.946025515210991,0.00103626943005181,8
"ORBIT_P",11,0.1,0.000649691928985292,0.979391560353288,0.0422264875239923,8
"DPM",12,0.1,NA,0.954857703631011,0,8
"ORBIT_P",12,0.1,0.000684845677284441,0.980372914622179,0.0412667946257198,8
"DPM",13,0.1,NA,0.956820412168793,0,8
"ORBIT_P",13,0.1,0.000387132595467828,0.98135426889107,0.0448901623686724,8
"DPM",14,0.1,NA,0.96368989205103,0,8
"ORBIT_P",14,0.1,0.000234681743410841,0.985279685966634,0.0438095238095238,8
"DPM",15,0.1,NA,0.946025515210991,0,8
"ORBIT_P",15,0.1,0.000312117839630701,0.98135426889107,0.0494296577946768,8
"DPM",16,0.1,NA,0.96368989205103,0,8
"ORBIT_P",16,0.1,0.000479009453342566,0.994111874386654,0.0506091846298032,8
"DPM",17,0.1,NA,0.95387634936212,0,8
"ORBIT_P",17,0.1,0.000179890010216126,0.986261040235525,0.0536723163841808,8
"DPM",18,0.1,NA,0.955839057899902,0,8
"ORBIT_P",18,0.1,0.000122772444244394,0.992149165848871,0.0595348837209302,8
"DPM",19,0.1,NA,0.973503434739941,0,8
"ORBIT_P",19,0.1,0.000541435005418677,0.992149165848871,0.0515947467166979,8
"DPM",20,0.1,NA,0.960745829244357,0,8
"ORBIT_P",20,0.1,0.000788144800676435,0.99116781157998,0.0569561157796452,8
"DPM",2,0.2,NA,0.808801213960546,0.0166051660516605,8
"ORBIT_P",2,0.2,0.0139162254074444,0.851289833080425,0.0327586206896552,8
"DPM",3,0.2,NA,0.876074860900354,0.0091533180778032,8
"ORBIT_P",3,0.2,0.0082237559242739,0.919575113808801,0.0334928229665072,8
"DPM",4,0.2,NA,0.910976226605969,0.00552181115405853,8
"ORBIT_P",4,0.2,-0.00178891360605645,0.954476479514416,0.0303186022610483,8
"DPM",5,0.2,NA,0.914516944865958,0.00385674931129477,8
"ORBIT_P",5,0.2,-0.0043239589771872,0.957005563985837,0.03420112302195,8
"DPM",6,0.2,NA,0.933232169954476,0.00485436893203883,8
"ORBIT_P",6,0.2,-2.5116847061752e-05,0.967627718765807,0.0415831663326653,8
"DPM",7,0.2,NA,0.942842690945878,0.00267522739432852,8
"ORBIT_P",7,0.2,-5.80460886231783e-06,0.973191704602934,0.043262058677275,8
"DPM",8,0.2,NA,0.934749620637329,0.00215982721382289,8
"ORBIT_P",8,0.2,0.00144976148538822,0.974203338391502,0.0460624071322437,8
"DPM",9,0.2,NA,0.943348507840162,0.000535905680600214,8
"ORBIT_P",9,0.2,0.00107170902908695,0.979767324228629,0.0387096774193548,8
"DPM",10,0.2,NA,0.951947395042994,0.000531067445565587,8
"ORBIT_P",10,0.2,0.00104681417177241,0.984319676277188,0.0413793103448276,8
"DPM",11,0.2,NA,0.961557916034396,0.000525762355415352,8
"ORBIT_P",11,0.2,0.00244260234538437,0.982802225594335,0.0390702274975272,8
"DPM",12,0.2,NA,0.962569549822964,0.000525210084033613,8
"ORBIT_P",12,0.2,0.00192738914286167,0.983813859382903,0.0395061728395062,8
"DPM",13,0.2,NA,0.96206373292868,0.000525486074619023,8
"ORBIT_P",13,0.2,0.00114663091968221,0.988366211431462,0.0416871015203531,8
"DPM",14,0.2,NA,0.957005563985837,0.000528262017960909,8
"ORBIT_P",14,0.2,0.00104121998461445,0.983308042488619,0.0385756676557863,8
"DPM",15,0.2,NA,0.95852301466869,0.000527426160337553,8
"ORBIT_P",15,0.2,0.00051097933796908,0.987860394537178,0.0417075564278705,8
"DPM",16,0.2,NA,0.961557916034396,0.000525762355415352,8
"ORBIT_P",16,0.2,0.00010547950881113,0.991906929691452,0.0434146341463415,8
"DPM",17,0.2,NA,0.963581183611533,0.000524658971668416,8
"ORBIT_P",17,0.2,8.21491852632312e-05,0.98937784522003,0.0463188688444661,8
"DPM",18,0.2,NA,0.96560445118867,0.000523560209424084,8
"ORBIT_P",18,0.2,0.00014924182184059,0.993930197268589,0.0386497064579256,8
"DPM",19,0.2,NA,0.965098634294385,0.000523834468308015,8
"ORBIT_P",19,0.2,0.000379547172710992,0.986848760748609,0.0379684418145957,8
"DPM",20,0.2,NA,0.96560445118867,0.000523560209424084,8
"ORBIT_P",20,0.2,6.61007498960827e-05,0.98583712696004,0.0375308641975309,8
"DPM",2,0.5,NA,0.877465630603706,0.0125560538116592,8
"ORBIT_P",2,0.5,-0.0219397980607817,0.908746762303248,0.0233404710920771,8
"DPM",3,0.5,NA,0.913528591352859,0.0082197707116591,8
"ORBIT_P",3,0.5,0.0029114089169166,0.946005180314804,0.0242498972461981,8
"DPM",4,0.5,NA,0.928272564255828,0.00533731853116994,8
"ORBIT_P",4,0.5,0.00230787381905416,0.962143853357243,0.0240501212611156,8
"DPM",5,0.5,NA,0.947997609085475,0.00397739166841114,8
"ORBIT_P",5,0.5,0.00523485430571709,0.973899183104204,0.0218130878527116,8
"DPM",6,0.5,NA,0.944211994421199,0.0018955349620893,8
"ORBIT_P",6,0.5,0.00384189456856235,0.97489539748954,0.0233532934131737,8
"DPM",7,0.5,NA,0.957959752938832,0.00145379023883697,8
"ORBIT_P",7,0.5,0.00376779793824027,0.983064355449293,0.022970297029703,8
"DPM",8,0.5,NA,0.954373381151624,0.00104275286757039,8
"ORBIT_P",8,0.5,0.00353598755267487,0.981470412432756,0.0237812128418549,8
"DPM",9,0.5,NA,0.955768081291094,0.000625,8
"ORBIT_P",9,0.5,0.00189851900447895,0.98465829846583,0.0246694296427867,8
"DPM",10,0.5,NA,0.958756724447101,0,8
"ORBIT_P",10,0.5,0.000581983562031705,0.985056784219964,0.0248520710059172,8
"DPM",11,0.5,NA,0.964335525004981,0,8
"ORBIT_P",11,0.5,0.000333736775467727,0.98744769874477,0.0253687315634218,8
"DPM",12,0.5,NA,0.962542339111377,0.000206953642384106,8
"ORBIT_P",12,0.5,0.000762417102443917,0.986650727236501,0.0242364532019704,8
"DPM",13,0.5,NA,0.966128710898585,0,8
"ORBIT_P",13,0.5,0.000375870761523562,0.99023709902371,0.0251078854452727,8
"DPM",14,0.5,NA,0.967722653915123,0,8
"ORBIT_P",14,0.5,0.000233346195151222,0.989838613269576,0.025500196155355,8
"DPM",15,0.5,NA,0.963140067742578,0,8
"ORBIT_P",15,0.5,-0.000308170094230682,0.990635584777844,0.0227987421383648,8
"DPM",16,0.5,NA,0.966925682406854,0,8
"ORBIT_P",16,0.5,-9.81471311758641e-05,0.99023709902371,0.0218460932887227,8
"DPM",17,0.5,NA,0.969715082685794,0,8
"ORBIT_P",17,0.5,-0.00049497618750182,0.992229527794381,0.0233379093939988,8
"DPM",18,0.5,NA,0.969914325562861,0,8
"ORBIT_P",18,0.5,-0.000714639997574334,0.990834827654911,0.0208702500492223,8
"DPM",19,0.5,NA,0.97489539748954,0,8
"ORBIT_P",19,0.5,-0.00074008165597036,0.992428770671449,0.0212222440558066,8
"DPM",20,0.5,NA,0.971109782825264,0,8
"ORBIT_P",20,0.5,-0.000984193630896303,0.993225742179717,0.0210133542812255,8
"DPM",2,0.05,NA,0.722567287784679,0.0141242937853107,9
"ORBIT_P",2,0.05,0.00131738938201533,0.768115942028985,0.031331592689295,9
"DPM",3,0.05,NA,0.772256728778468,0.00267379679144385,9
"ORBIT_P",3,0.05,-0.00122692363625032,0.84472049689441,0.0377358490566038,9
"DPM",4,0.05,NA,0.855072463768116,0.00481927710843374,9
"ORBIT_P",4,0.05,0.00459407194966284,0.894409937888199,0.0421286031042129,9
"DPM",5,0.05,NA,0.886128364389234,0.00233100233100233,9
"ORBIT_P",5,0.05,-2.26209642057048e-05,0.93167701863354,0.0506329113924051,9
"DPM",6,0.05,NA,0.898550724637681,0.00229885057471264,9
"ORBIT_P",6,0.05,-0.000803388361318252,0.952380952380952,0.0436590436590437,9
"DPM",7,0.05,NA,0.93167701863354,0.00442477876106195,9
"ORBIT_P",7,0.05,0.000566169249919176,0.968944099378882,0.0468431771894094,9
"DPM",8,0.05,NA,0.917184265010352,0,9
"ORBIT_P",8,0.05,-0.000899360802054243,0.958592132505176,0.0608519269776876,9
"DPM",9,0.05,NA,0.929606625258799,0,9
"ORBIT_P",9,0.05,-0.000712746513701594,0.960662525879917,0.0393374741200828,9
"DPM",10,0.05,NA,0.929606625258799,0,9
"ORBIT_P",10,0.05,0.000492871861566084,0.958592132505176,0.041407867494824,9
"DPM",11,0.05,NA,0.939958592132505,0,9
"ORBIT_P",11,0.05,-0.000714997096024125,0.971014492753623,0.0408997955010225,9
"DPM",12,0.05,NA,0.950310559006211,0,9
"ORBIT_P",12,0.05,0.000127213278516834,0.993788819875776,0.0476190476190476,9
"DPM",13,0.05,NA,0.944099378881988,0,9
"ORBIT_P",13,0.05,-3.9036370452582e-05,0.966873706004141,0.0390946502057613,9
"DPM",14,0.05,NA,0.937888198757764,0,9
"ORBIT_P",14,0.05,0.000236571285565703,0.973084886128364,0.0269151138716356,9
"DPM",15,0.05,NA,0.962732919254658,0,9
"ORBIT_P",15,0.05,0.000441584937430997,0.989648033126294,0.0343434343434343,9
"DPM",16,0.05,NA,0.950310559006211,0,9
"ORBIT_P",16,0.05,0.00105489465479833,0.987577639751553,0.0402414486921529,9
"DPM",17,0.05,NA,0.939958592132505,0,9
"ORBIT_P",17,0.05,0.000563999640730518,0.98343685300207,0.0306122448979592,9
"DPM",18,0.05,NA,0.954451345755694,0,9
"ORBIT_P",18,0.05,0.000551546539863262,0.98343685300207,0.0404040404040404,9
"DPM",19,0.05,NA,0.952380952380952,0,9
"ORBIT_P",19,0.05,0.000566751427770314,0.987577639751553,0.0440881763527054,9
"DPM",20,0.05,NA,0.960662525879917,0,9
"ORBIT_P",20,0.05,0.000814017500734258,0.987577639751553,0.0402414486921529,9
"DPM",2,0.1,NA,0.764589515331355,0.0152866242038217,9
"ORBIT_P",2,0.1,-0.00724120579138571,0.80811078140455,0.0466744457409568,9
"DPM",3,0.1,NA,0.837784371909001,0.0128205128205128,9
"ORBIT_P",3,0.1,-0.00227132407042681,0.898120672601385,0.040169133192389,9
"DPM",4,0.1,NA,0.877349159248269,0.00448933782267116,9
"ORBIT_P",4,0.1,-0.00252198025643683,0.924826904055391,0.0420081967213115,9
"DPM",5,0.1,NA,0.888229475766568,0.00222222222222222,9
"ORBIT_P",5,0.1,0.00252825154162457,0.944609297725025,0.044044044044044,9
"DPM",6,0.1,NA,0.917903066271019,0.00322234156820623,9
"ORBIT_P",6,0.1,0.0011531514070681,0.96538081107814,0.0459433040078201,9
"DPM",7,0.1,NA,0.923837784371909,0.00426439232409382,9
"ORBIT_P",7,0.1,0.000249805882843414,0.962413452027695,0.0470127326150832,9
"DPM",8,0.1,NA,0.935707220573689,0.00210970464135021,9
"ORBIT_P",8,0.1,-0.000208880773301012,0.969337289812067,0.049466537342386,9
"DPM",9,0.1,NA,0.94164193867458,0.00209643605870021,9
"ORBIT_P",9,0.1,-0.000284268066077233,0.973293768545994,0.0428015564202335,9
"DPM",10,0.1,NA,0.945598417408506,0.00208768267223382,9
"ORBIT_P",10,0.1,-0.000265730205281069,0.977250247279921,0.0417070805043647,9
"DPM",11,0.1,NA,0.949554896142433,0.00207900207900208,9
"ORBIT_P",11,0.1,-0.00111944934057051,0.978239366963403,0.0388726919339164,9
"DPM",12,0.1,NA,0.957467853610287,0.00206185567010309,9
"ORBIT_P",12,0.1,-0.00120829866589247,0.985163204747775,0.0395371263259402,9
"DPM",13,0.1,NA,0.95351137487636,0.00103626943005181,9
"ORBIT_P",13,0.1,-0.000844843133984854,0.986152324431256,0.0486641221374046,9
"DPM",14,0.1,NA,0.958456973293769,0,9
"ORBIT_P",14,0.1,-0.000294722564134018,0.979228486646884,0.0499040307101727,9
"DPM",15,0.1,NA,0.962413452027695,0,9
"ORBIT_P",15,0.1,0.000280209979824785,0.98813056379822,0.0421860019175455,9
"DPM",16,0.1,NA,0.961424332344214,0,9
"ORBIT_P",16,0.1,-0.000266303697010924,0.99406528189911,0.0482954545454545,9
"DPM",17,0.1,NA,0.962413452027695,0,9
"ORBIT_P",17,0.1,-0.000192150461289097,0.987141444114738,0.0440613026819923,9
"DPM",18,0.1,NA,0.962413452027695,0,9
"ORBIT_P",18,0.1,-0.000179075496635734,0.986152324431256,0.0431861804222649,9
"DPM",19,0.1,NA,0.950544015825915,0,9
"ORBIT_P",19,0.1,-2.30148170409728e-05,0.980217606330366,0.048030739673391,9
"DPM",20,0.1,NA,0.973293768545994,0,9
"ORBIT_P",20,0.1,4.47680809401314e-05,0.990108803165183,0.0484790874524715,9
"DPM",2,0.2,NA,0.808253648716658,0.0207317073170732,9
"ORBIT_P",2,0.2,0.0222127163455767,0.840463009562154,0.0402298850574713,9
"DPM",3,0.2,NA,0.874182184197282,0.0136286201022147,9
"ORBIT_P",3,0.2,0.0144527274302253,0.917463512833417,0.0354497354497354,9
"DPM",4,0.2,NA,0.910920986411676,0.00494777350192413,9
"ORBIT_P",4,0.2,0.00827204246791715,0.94816305988928,0.0358239508700102,9
"DPM",5,0.2,NA,0.923502767991948,0.00325909831613254,9
"ORBIT_P",5,0.2,0.00659600670471337,0.955712128837443,0.0301327885597549,9
"DPM",6,0.2,NA,0.922496225465526,0.00108991825613079,9
"ORBIT_P",6,0.2,0.0057118661997389,0.954202315047811,0.0316649642492339,9
"DPM",7,0.2,NA,0.932561650729743,0.000539374325782093,9
"ORBIT_P",7,0.2,0.00257076768966394,0.971816809260191,0.0340170085042521,9
"DPM",8,0.2,NA,0.945646703573226,0.000531914893617021,9
"ORBIT_P",8,0.2,0.00104147890065495,0.973326623049824,0.033966033966034,9
"DPM",9,0.2,NA,0.945143432310015,0,9
"ORBIT_P",9,0.2,0.000548869136539798,0.973326623049824,0.0325162581290645,9
"DPM",10,0.2,NA,0.951685958731756,0,9
"ORBIT_P",10,0.2,-2.23982074703197e-05,0.98288877705083,0.0365071534287124,9
"DPM",11,0.2,NA,0.957725213890287,0,9
"ORBIT_P",11,0.2,-5.41196000554588e-05,0.983392048314041,0.0398034398034398,9
"DPM",12,0.2,NA,0.958731756416709,0,9
"ORBIT_P",12,0.2,0.000198867423629303,0.987418218419728,0.0377636096125552,9
"DPM",13,0.2,NA,0.962757926522396,0,9
"ORBIT_P",13,0.2,0.000220995948450277,0.987921489682939,0.0330049261083744,9
"DPM",14,0.2,NA,0.95973829894313,0,9
"ORBIT_P",14,0.2,0.000241772928612711,0.985908404630096,0.0344997535731888,9
"DPM",15,0.2,NA,0.962757926522396,0,9
"ORBIT_P",15,0.2,0.000497637236498383,0.989934574735783,0.0362567368936796,9
"DPM",16,0.2,NA,0.963764469048817,0,9
"ORBIT_P",16,0.2,0.000870334313016329,0.986914947156517,0.0401370533529124,9
"DPM",17,0.2,NA,0.963764469048817,0,9
"ORBIT_P",17,0.2,0.00072602128691618,0.987921489682939,0.04150390625,9
"DPM",18,0.2,NA,0.967790639154504,0,9
"ORBIT_P",18,0.2,0.000680698981576027,0.989431303472572,0.0409756097560976,9
"DPM",19,0.2,NA,0.969300452944137,0,9
"ORBIT_P",19,0.2,0.00101891848067276,0.989431303472572,0.0442391832766164,9
"DPM",20,0.2,NA,0.96527428283845,0,9
"ORBIT_P",20,0.2,0.000933158694514738,0.989431303472572,0.038160469667319,9
"DPM",2,0.5,NA,0.872630331753555,0.0120724346076459,9
"ORBIT_P",2,0.5,0.0100873099273507,0.905805687203792,0.0221701129823065,9
"DPM",3,0.5,NA,0.912914691943128,0.00602021070737476,9
"ORBIT_P",3,0.5,-0.002275547184034,0.950039494470774,0.0245336577453366,9
"DPM",4,0.5,NA,0.928712480252765,0.00360169491525424,9
"ORBIT_P",4,0.5,-0.0057425341789128,0.964454976303318,0.0233953209358128,9
"DPM",5,0.5,NA,0.941745655608215,0.00292703324273469,9
"ORBIT_P",5,0.5,-0.00411917217420519,0.968206951026856,0.0236957387495022,9
"DPM",6,0.5,NA,0.946287519747235,0.00229023526962315,9
"ORBIT_P",6,0.5,-0.00510232390896406,0.974723538704581,0.0243131053567899,9
"DPM",7,0.5,NA,0.953593996840442,0.00247882668870068,9
"ORBIT_P",7,0.5,-0.00326662063839214,0.981437598736177,0.0226155358898722,9
"DPM",8,0.5,NA,0.95675355450237,0.00144270403957131,9
"ORBIT_P",8,0.5,-0.00221612143786391,0.983609794628752,0.020066889632107,9
"DPM",9,0.5,NA,0.957543443917852,0.00082423243354626,9
"ORBIT_P",9,0.5,-0.0026673760348297,0.984597156398104,0.021585557299843,9
"DPM",10,0.5,NA,0.959715639810427,0.000411353352529823,9
"ORBIT_P",10,0.5,-0.0038104993912805,0.988151658767773,0.0211267605633803,9
"DPM",11,0.5,NA,0.96544233807267,0.000204498977505112,9
"ORBIT_P",11,0.5,-0.00327020577606537,0.987559241706161,0.0211391661773341,9
"DPM",12,0.5,NA,0.963467614533965,0.000204918032786885,9
"ORBIT_P",12,0.5,-0.00323410328140204,0.988151658767773,0.0201683963187781,9
"DPM",13,0.5,NA,0.967022116903633,0.000204164965291956,9
"ORBIT_P",13,0.5,-0.00240272885549312,0.992496050552923,0.0210362290611609,9
"DPM",14,0.5,NA,0.967614533965245,0.0002040399918384,9
"ORBIT_P",14,0.5,-0.0020213115761826,0.990521327014218,0.0212682926829268,9
"DPM",15,0.5,NA,0.96998420221169,0.000203541624262162,9
"ORBIT_P",15,0.5,-0.00193305256401296,0.992496050552923,0.0221789883268483,9
"DPM",16,0.5,NA,0.968404423380727,0.000203873598369011,9
"ORBIT_P",16,0.5,-0.00218984433415172,0.990323854660348,0.0197419859265051,9
"DPM",17,0.5,NA,0.965837282780411,0.000204415372035977,9
"ORBIT_P",17,0.5,-0.00235917140126546,0.990916271721959,0.0187719984356668,9
"DPM",18,0.5,NA,0.970379146919431,0,9
"ORBIT_P",18,0.5,-0.0023998340824851,0.991903633491311,0.0200936402653141,9
"DPM",19,0.5,NA,0.971761453396525,0,9
"ORBIT_P",19,0.5,-0.0023690290507449,0.992298578199052,0.0218026085263773,9
"DPM",20,0.5,NA,0.971958925750395,0,9
"ORBIT_P",20,0.5,-0.00178528836220749,0.992890995260663,0.0231202642315912,9
"DPM",2,0.05,NA,0.676528599605523,0.0255681818181818,10
"ORBIT_P",2,0.05,0.00847664011635683,0.743589743589744,0.0431472081218274,10
"DPM",3,0.05,NA,0.830374753451677,0.0117370892018779,10
"ORBIT_P",3,0.05,0.00249186674840347,0.877712031558185,0.0450643776824034,10
"DPM",4,0.05,NA,0.877712031558185,0.0089086859688196,10
"ORBIT_P",4,0.05,0.00179264777699678,0.923076923076923,0.048780487804878,10
"DPM",5,0.05,NA,0.907297830374753,0.00432900432900433,10
"ORBIT_P",5,0.05,0.000751363044494712,0.946745562130177,0.0476190476190476,10
"DPM",6,0.05,NA,0.897435897435897,0.00437636761487965,10
"ORBIT_P",6,0.05,1.24174227406435e-06,0.948717948717949,0.0399201596806387,10
"DPM",7,0.05,NA,0.895463510848126,0.0043859649122807,10
"ORBIT_P",7,0.05,0.000414636583591887,0.944773175542406,0.0400801603206413,10
"DPM",8,0.05,NA,0.93491124260355,0.00210526315789474,10
"ORBIT_P",8,0.05,0.000515936231343997,0.968441814595661,0.0447470817120623,10
"DPM",9,0.05,NA,0.91715976331361,0,10
"ORBIT_P",9,0.05,5.69043881087702e-05,0.970414201183432,0.0664136622390892,10
"DPM",10,0.05,NA,0.936883629191322,0.00210084033613445,10
"ORBIT_P",10,0.05,-0.000887802219805164,0.972386587771203,0.0645161290322581,10
"DPM",11,0.05,NA,0.960552268244576,0.00204918032786885,10
"ORBIT_P",11,0.05,0.000369622097764105,0.98422090729783,0.0477099236641221,10
"DPM",12,0.05,NA,0.938856015779093,0.00209643605870021,10
"ORBIT_P",12,0.05,0.000139907552632487,0.982248520710059,0.0550284629981025,10
"DPM",13,0.05,NA,0.962524654832347,0.00204498977505112,10
"ORBIT_P",13,0.05,-0.000205713966257759,0.986193293885602,0.0512333965844402,10
"DPM",14,0.05,NA,0.948717948717949,0.0020746887966805,10
"ORBIT_P",14,0.05,-0.000848906330311273,0.980276134122288,0.0515267175572519,10
"DPM",15,0.05,NA,0.962524654832347,0,10
"ORBIT_P",15,0.05,-0.000774952661653768,0.990138067061144,0.0510396975425331,10
"DPM",16,0.05,NA,0.958579881656805,0,10
"ORBIT_P",16,0.05,-0.000705694979582356,0.982248520710059,0.0478011472275335,10
"DPM",17,0.05,NA,0.946745562130177,0,10
"ORBIT_P",17,0.05,-0.000768858947635497,0.982248520710059,0.0423076923076923,10
"DPM",18,0.05,NA,0.960552268244576,0,10
"ORBIT_P",18,0.05,-0.000818913693660109,0.98422090729783,0.0291828793774319,10
"DPM",19,0.05,NA,0.956607495069034,0,10
"ORBIT_P",19,0.05,-0.000959961964837408,0.992110453648915,0.0345489443378119,10
"DPM",20,0.05,NA,0.954635108481262,0,10
"ORBIT_P",20,0.05,-0.000749454699905739,0.994082840236686,0.0436432637571157,10
"DPM",2,0.1,NA,0.78702807357212,0.0228365384615385,10
"ORBIT_P",2,0.1,-0.00995636011783005,0.822846079380445,0.0318906605922551,10
"DPM",3,0.1,NA,0.868344627299129,0.00774336283185841,10
"ORBIT_P",3,0.1,-0.0102521902724412,0.91190706679574,0.0298661174047374,10
"DPM",4,0.1,NA,0.879961277831559,0.00764192139737991,10
"ORBIT_P",4,0.1,-0.0065745965019194,0.921587608906099,0.0412890231621349,10
"DPM",5,0.1,NA,0.899322362052275,0.00428724544480171,10
"ORBIT_P",5,0.1,-0.00210278892583301,0.939980638915779,0.039564787339268,10
"DPM",6,0.1,NA,0.887705711519845,0.00108932461873638,10
"ORBIT_P",6,0.1,-0.00267421456342205,0.948693126815102,0.0401567091087169,10
"DPM",7,0.1,NA,0.918683446272991,0,10
"ORBIT_P",7,0.1,-0.00214160038861207,0.966118102613746,0.0413064361191162,10
"DPM",8,0.1,NA,0.939980638915779,0,10
"ORBIT_P",8,0.1,-0.00105438571171965,0.964181994191675,0.0330097087378641,10
"DPM",9,0.1,NA,0.924491771539206,0,10
"ORBIT_P",9,0.1,-0.000101907236239523,0.968054211035818,0.0356798457087753,10
"DPM",10,0.1,NA,0.942884801548887,0,10
"ORBIT_P",10,0.1,-0.00142728632197885,0.97676669893514,0.0362941738299905,10
"DPM",11,0.1,NA,0.956437560503388,0,10
"ORBIT_P",11,0.1,-0.000304205433017664,0.980638915779284,0.0324737344794651,10
"DPM",12,0.1,NA,0.944820909970958,0.00102354145342886,10
"ORBIT_P",12,0.1,-0.000515075527528407,0.96999031945789,0.0365384615384615,10
"DPM",13,0.1,NA,0.950629235237173,0.00101729399796541,10
"ORBIT_P",13,0.1,-0.000383756705556408,0.982575024201355,0.037914691943128,10
"DPM",14,0.1,NA,0.959341723136496,0.00100806451612903,10
"ORBIT_P",14,0.1,-0.000887548214032645,0.987415295256534,0.0395480225988701,10
"DPM",15,0.1,NA,0.955469506292352,0,10
"ORBIT_P",15,0.1,-0.000743094786883693,0.98838334946757,0.0386064030131827,10
"DPM",16,0.1,NA,0.961277831558567,0,10
"ORBIT_P",16,0.1,0.00016373361398922,0.980638915779284,0.038899430740038,10
"DPM",17,0.1,NA,0.95837366892546,0,10
"ORBIT_P",17,0.1,-0.000261955693380444,0.982575024201355,0.0415486307837583,10
"DPM",18,0.1,NA,0.966118102613746,0,10
"ORBIT_P",18,0.1,-0.000626833138233233,0.991287512100678,0.0384976525821596,10
"DPM",19,0.1,NA,0.94675701839303,0,10
"ORBIT_P",19,0.1,-0.00112825226244382,0.980638915779284,0.0333969465648855,10
"DPM",20,0.1,NA,0.964181994191675,0,10
"ORBIT_P",20,0.1,-0.000452885723633795,0.990319457889642,0.0394366197183099,10
"DPM",2,0.2,NA,0.810274669379451,0.0208973570989551,10
"ORBIT_P",2,0.2,0.0168780463792712,0.846388606307223,0.0348027842227378,10
"DPM",3,0.2,NA,0.877416073245168,0.0131578947368421,10
"ORBIT_P",3,0.2,0.013465868988636,0.908952187182096,0.035097192224622,10
"DPM",4,0.2,NA,0.902848423194303,0.00782560089435439,10
"ORBIT_P",4,0.2,0.00513479479304147,0.937436419125127,0.0360878661087866,10
"DPM",5,0.2,NA,0.925737538148525,0.00492072170585019,10
"ORBIT_P",5,0.2,0.00226945692422043,0.953713123092574,0.0345005149330587,10
"DPM",6,0.2,NA,0.935401831129196,0.0032520325203252,10
"ORBIT_P",6,0.2,0.0029795715216202,0.963886063072228,0.0361139369277721,10
"DPM",7,0.2,NA,0.939979654120041,0.00108108108108108,10
"ORBIT_P",7,0.2,0.00259173278329704,0.977110885045778,0.0399800099950025,10
"DPM",8,0.2,NA,0.95116988809766,0.00106837606837607,10
"ORBIT_P",8,0.2,0.00384430688633054,0.979654120040692,0.0389221556886228,10
"DPM",9,0.2,NA,0.94557477110885,0.00161117078410311,10
"ORBIT_P",9,0.2,0.0042700979248928,0.983723296032553,0.0387673956262425,10
"DPM",10,0.2,NA,0.93794506612411,0.00162425554953979,10
"ORBIT_P",10,0.2,0.00226646738580709,0.972533062054934,0.0391959798994975,10
"DPM",11,0.2,NA,0.95116988809766,0.000534473543559594,10
"ORBIT_P",11,0.2,0.00239750868181766,0.984740590030519,0.0453648915187377,10
"DPM",12,0.2,NA,0.956256358087487,0,10
"ORBIT_P",12,0.2,0.00266539010296862,0.980162767039674,0.0450941526263627,10
"DPM",13,0.2,NA,0.95676500508647,0,10
"ORBIT_P",13,0.2,0.0022796677371815,0.981688708036623,0.0454995054401583,10
"DPM",14,0.2,NA,0.958290946083418,0,10
"ORBIT_P",14,0.2,0.0013421180839478,0.98677517802645,0.0476190476190476,10
"DPM",15,0.2,NA,0.964903357070193,0,10
"ORBIT_P",15,0.2,0.000643172976325265,0.989318413021363,0.0479686735193343,10
"DPM",16,0.2,NA,0.963377416073245,0,10
"ORBIT_P",16,0.2,0.000699331603479878,0.988301119023398,0.0452088452088452,10
"DPM",17,0.2,NA,0.967446592065107,0,10
"ORBIT_P",17,0.2,0.000890377401834684,0.995930824008138,0.0444119082479258,10
"DPM",18,0.2,NA,0.969481180061038,0,10
"ORBIT_P",18,0.2,0.00126756357897047,0.992370295015259,0.044564152791381,10
"DPM",19,0.2,NA,0.965412004069176,0,10
"ORBIT_P",19,0.2,0.00160570105098705,0.990844354018311,0.0465002447381302,10
"DPM",20,0.2,NA,0.965412004069176,0,10
"ORBIT_P",20,0.2,0.00172521167805784,0.987792472024415,0.0428782651552489,10
"DPM",2,0.5,NA,0.874020494273659,0.0133817192107054,10
"ORBIT_P",2,0.5,-0.0074450924249396,0.906369298774362,0.0250702398962611,10
"DPM",3,0.5,NA,0.905967450271248,0.00988142292490119,10
"ORBIT_P",3,0.5,0.00356150175312896,0.940124573035965,0.0250052094186289,10
"DPM",4,0.5,NA,0.934498693992365,0.00470789642627862,10
"ORBIT_P",4,0.5,0.00808403966243581,0.96102069519791,0.0244748113399959,10
"DPM",5,0.5,NA,0.942535664054651,0.00191489361702128,10
"ORBIT_P",5,0.5,0.000203173287979511,0.970062286517983,0.0238576627577841,10
"DPM",6,0.5,NA,0.947357846092023,0.00148242270224481,10
"ORBIT_P",6,0.5,0.00233790952890008,0.972473377536669,0.0257648953301127,10
"DPM",7,0.5,NA,0.949367088607595,0.00126823081800888,10
"ORBIT_P",7,0.5,0.00249252007891066,0.978501105083384,0.024634488283597,10
"DPM",8,0.5,NA,0.960016073940125,0.000627483790002092,10
"ORBIT_P",8,0.5,0.00126343865488737,0.983926059875427,0.0231398364252942,10
"DPM",9,0.5,NA,0.956600361663653,0.000209995800083998,10
"ORBIT_P",9,0.5,0.00201771900018609,0.982720514366084,0.0256972111553785,10
"DPM",10,0.5,NA,0.958810528430782,0.000418935902806871,10
"ORBIT_P",10,0.5,0.00191093754919279,0.983926059875427,0.0245019920318725,10
"DPM",11,0.5,NA,0.968454892505525,0.000207425845260319,10
"ORBIT_P",11,0.5,0.00112490232946253,0.989953787422142,0.0247426761678543,10
"DPM",12,0.5,NA,0.964637331725939,0.000208246563931695,10
"ORBIT_P",12,0.5,-0.00087970251445904,0.98794454490657,0.0224652087475149,10
"DPM",13,0.5,NA,0.96242716495881,0.000208724692131079,10
"ORBIT_P",13,0.5,-0.000597071642981244,0.988547317661242,0.0220632081097197,10
"DPM",14,0.5,NA,0.967651195499297,0.000207598090097571,10
"ORBIT_P",14,0.5,-0.000754054920523365,0.988547317661242,0.0220632081097197,10
"DPM",15,0.5,NA,0.964235483222825,0.000208333333333333,10
"ORBIT_P",15,0.5,-0.0006233327030499,0.98935101466747,0.0243709134139093,10
"DPM",16,0.5,NA,0.966445649989954,0.000207856994387861,10
"ORBIT_P",16,0.5,-0.00108817315380178,0.989752863170585,0.0212596860719253,10
"DPM",17,0.5,NA,0.96885674100864,0,10
"ORBIT_P",17,0.5,-0.00147648801547108,0.99075748442837,0.0208498808578237,10
"DPM",18,0.5,NA,0.973477998794455,0,10
"ORBIT_P",18,0.5,-0.000952048722658973,0.994775969459514,0.0232787532057605,10
"DPM",19,0.5,NA,0.973277074542897,0,10
"ORBIT_P",19,0.5,-0.000795232291969825,0.992163954189271,0.0233386075949367,10
"DPM",20,0.5,NA,0.972071529033554,0,10
"ORBIT_P",20,0.5,-0.000503096117269452,0.994173196704842,0.0223276032404663,10
"DPM",2,0.05,NA,0.693877551020408,0.0131926121372032,11
"ORBIT_P",2,0.05,0.0114096286888238,0.75139146567718,0.0357142857142857,11
"DPM",3,0.05,NA,0.838589981447124,0.0109409190371991,11
"ORBIT_P",3,0.05,0.0011139287193407,0.88126159554731,0.0461847389558233,11
"DPM",4,0.05,NA,0.883116883116883,0.00833333333333333,11
"ORBIT_P",4,0.05,-0.00130745314369361,0.929499072356215,0.0511363636363636,11
"DPM",5,0.05,NA,0.890538033395176,0.0062111801242236,11
"ORBIT_P",5,0.05,-0.00327430742307069,0.942486085343228,0.048689138576779,11
"DPM",6,0.05,NA,0.916512059369202,0.00403225806451613,11
"ORBIT_P",6,0.05,-0.00150775323365091,0.966604823747681,0.0387453874538745,11
"DPM",7,0.05,NA,0.922077922077922,0.00200803212851406,11
"ORBIT_P",7,0.05,-0.00254085564153034,0.949907235621521,0.0536044362292052,11
"DPM",8,0.05,NA,0.912801484230056,0.00202839756592292,11
"ORBIT_P",8,0.05,-0.00291574172222395,0.966604823747681,0.0457875457875458,11
"DPM",9,0.05,NA,0.925788497217069,0,11
"ORBIT_P",9,0.05,-0.00197688772350992,0.962894248608534,0.0424354243542435,11
"DPM",10,0.05,NA,0.935064935064935,0,11
"ORBIT_P",10,0.05,-0.00106724367934437,0.97773654916512,0.0555555555555556,11
"DPM",11,0.05,NA,0.944341372912802,0,11
"ORBIT_P",11,0.05,-0.000997590295760267,0.981447124304267,0.0587188612099644,11
"DPM",12,0.05,NA,0.953617810760668,0,11
"ORBIT_P",12,0.05,-5.33499103873731e-06,0.990723562152134,0.0548672566371681,11
"DPM",13,0.05,NA,0.942486085343228,0,11
"ORBIT_P",13,0.05,8.41823701540774e-05,0.97773654916512,0.0470162748643761,11
"DPM",14,0.05,NA,0.959183673469388,0,11
"ORBIT_P",14,0.05,0.000318320889692566,0.99443413729128,0.0479573712255773,11
"DPM",15,0.05,NA,0.942486085343228,0,11
"ORBIT_P",15,0.05,0.000244998305518507,0.974025974025974,0.041970802919708,11
"DPM",16,0.05,NA,0.961038961038961,0,11
"ORBIT_P",16,0.05,0.00043680879454685,0.98886827458256,0.0448028673835125,11
"DPM",17,0.05,NA,0.966604823747681,0,11
"ORBIT_P",17,0.05,-0.000100684197274785,0.985157699443414,0.0483870967741935,11
"DPM",18,0.05,NA,0.959183673469388,0,11
"ORBIT_P",18,0.05,-0.000322962992213699,0.987012987012987,0.036231884057971,11
"DPM",19,0.05,NA,0.966604823747681,0,11
"ORBIT_P",19,0.05,-0.000714231011994817,0.97773654916512,0.0418181818181818,11
"DPM",20,0.05,NA,0.949907235621521,0,11
"ORBIT_P",20,0.05,-0.000483554291758065,0.985157699443414,0.0345454545454545,11
"DPM",2,0.1,NA,0.742574257425743,0.025974025974026,11
"ORBIT_P",2,0.1,0.00697865363224345,0.788118811881188,0.0409638554216867,11
"DPM",3,0.1,NA,0.858415841584158,0.0125284738041002,11
"ORBIT_P",3,0.1,-0.000687955946370602,0.901980198019802,0.0410526315789474,11
"DPM",4,0.1,NA,0.884158415841584,0.0143487858719647,11
"ORBIT_P",4,0.1,0.0014059840811537,0.925742574257426,0.0420081967213115,11
"DPM",5,0.1,NA,0.903960396039604,0.00760869565217391,11
"ORBIT_P",5,0.1,0.00137692587928736,0.948514851485148,0.0400801603206413,11
"DPM",6,0.1,NA,0.922772277227723,0.00639658848614072,11
"ORBIT_P",6,0.1,0.000359432807075478,0.96039603960396,0.0433925049309665,11
"DPM",7,0.1,NA,0.921782178217822,0.00214362272240086,11
"ORBIT_P",7,0.1,0.000615698697545182,0.967326732673267,0.035538005923001,11
"DPM",8,0.1,NA,0.941584158415842,0,11
"ORBIT_P",8,0.1,-0.000172270253177026,0.972277227722772,0.0372549019607843,11
"DPM",9,0.1,NA,0.951485148514851,0.00103950103950104,11
"ORBIT_P",9,0.1,-0.000352578249778536,0.984158415841584,0.0405405405405405,11
"DPM",10,0.1,NA,0.942574257425743,0,11
"ORBIT_P",10,0.1,0.00048519693451569,0.981188118811881,0.0397286821705426,11
"DPM",11,0.1,NA,0.942574257425743,0,11
"ORBIT_P",11,0.1,0.000646338138095213,0.974257425742574,0.0428015564202335,11
"DPM",12,0.1,NA,0.954455445544554,0,11
"ORBIT_P",12,0.1,0.000968240780584321,0.988118811881188,0.0422264875239923,11
"DPM",13,0.1,NA,0.953465346534653,0,11
"ORBIT_P",13,0.1,0.000482367225117198,0.987128712871287,0.0431861804222649,11
"DPM",14,0.1,NA,0.946534653465346,0,11
"ORBIT_P",14,0.1,0.000111194736339632,0.985148514851485,0.0395752895752896,11
"DPM",15,0.1,NA,0.953465346534653,0,11
"ORBIT_P",15,0.1,-7.55094980778228e-05,0.986138613861386,0.0441458733205374,11
"DPM",16,0.1,NA,0.968316831683168,0,11
"ORBIT_P",16,0.1,0.000248509944072001,0.99009900990099,0.0356798457087753,11
"DPM",17,0.1,NA,0.971287128712871,0,11
"ORBIT_P",17,0.1,-1.87662031287511e-05,0.988118811881188,0.0413064361191162,11
"DPM",18,0.1,NA,0.965346534653465,0,11
"ORBIT_P",18,0.1,-6.8360325357558e-05,0.987128712871287,0.0376447876447876,11
"DPM",19,0.1,NA,0.966336633663366,0,11
"ORBIT_P",19,0.1,-0.00024207748792892,0.99009900990099,0.0375360923965351,11
"DPM",20,0.1,NA,0.957425742574257,0,11
"ORBIT_P",20,0.1,-0.000169896951071872,0.983168316831683,0.0405797101449275,11
"DPM",2,0.2,NA,0.822620827105132,0.0207591933570581,11
"ORBIT_P",2,0.2,0.00563504221607991,0.855007473841555,0.0354131534569983,11
"DPM",3,0.2,NA,0.863477827603388,0.0114090131203651,11
"ORBIT_P",3,0.2,0.00291181818796257,0.899352267065272,0.0383590836441129,11
"DPM",4,0.2,NA,0.913801694070752,0.00650054171180932,11
"ORBIT_P",4,0.2,0.00147471446177976,0.954160438465371,0.0342914775592537,11
"DPM",5,0.2,NA,0.907324364723468,0.00382932166301969,11
"ORBIT_P",5,0.2,0.000188925627942031,0.948679621325361,0.0349721236695388,11
"DPM",6,0.2,NA,0.930244145490782,0.00160427807486631,11
"ORBIT_P",6,0.2,0.00214218654630282,0.968111609367215,0.0404938271604938,11
"DPM",7,0.2,NA,0.935724962630792,0.00159489633173844,11
"ORBIT_P",7,0.2,0.00204804778004368,0.975087194818137,0.0402157920549289,11
"DPM",8,0.2,NA,0.936721474838067,0.000531632110579479,11
"ORBIT_P",8,0.2,0.003631700782836,0.974090682610862,0.0388397246804326,11
"DPM",9,0.2,NA,0.948181365221724,0,11
"ORBIT_P",9,0.2,0.00266072821812544,0.98355754857997,0.0394160583941606,11
"DPM",10,0.2,NA,0.953662182361734,0.000522193211488251,11
"ORBIT_P",10,0.2,0.00230140397898982,0.982561036372696,0.0422535211267606,11
"DPM",11,0.2,NA,0.95615346287992,0.000520833333333333,11
"ORBIT_P",11,0.2,0.00102504582576658,0.985052316890882,0.0421511627906977,11
"DPM",12,0.2,NA,0.951669157947185,0.000523286237571952,11
"ORBIT_P",12,0.2,0.000792471147984968,0.98355754857997,0.0380116959064327,11
"DPM",13,0.2,NA,0.958644743398107,0,11
"ORBIT_P",13,0.2,0.00114214026561947,0.986048829098156,0.0407174018419777,11
"DPM",14,0.2,NA,0.954658694569008,0,11
"ORBIT_P",14,0.2,0.00137266539986763,0.985052316890882,0.0402912621359223,11
"DPM",15,0.2,NA,0.965620328849028,0,11
"ORBIT_P",15,0.2,0.000565542788466574,0.987543597409068,0.0438977327544621,11
"DPM",16,0.2,NA,0.962630792227205,0,11
"ORBIT_P",16,0.2,0.000890452714622325,0.986547085201794,0.0374331550802139,11
"DPM",17,0.2,NA,0.964125560538117,0,11
"ORBIT_P",17,0.2,0.000167455901995887,0.986048829098156,0.0397865114022319,11
"DPM",18,0.2,NA,0.966118584952666,0,11
"ORBIT_P",18,0.2,0.000208924290262197,0.990533134030892,0.0391493475108748,11
"DPM",19,0.2,NA,0.969606377678127,0,11
"ORBIT_P",19,0.2,0.00020962234724886,0.992027902341804,0.0427884615384615,11
"DPM",20,0.2,NA,0.96711509715994,0,11
"ORBIT_P",20,0.2,0.000717114204081697,0.991031390134529,0.04375,11
"DPM",2,0.5,NA,0.882551669316375,0.0137685987119698,11
"ORBIT_P",2,0.5,0.0100713971691512,0.910969793322735,0.0223928342930262,11
"DPM",3,0.5,NA,0.913155802861685,0.00798791018998273,11
"ORBIT_P",3,0.5,-0.0122711138759125,0.945349761526232,0.0246052901373795,11
"DPM",4,0.5,NA,0.933426073131955,0.00423998304006784,11
"ORBIT_P",4,0.5,-0.00335713802264754,0.96422893481717,0.0235459851076675,11
"DPM",5,0.5,NA,0.940381558028617,0.00147710487444609,11
"ORBIT_P",5,0.5,-0.00419962482076662,0.971581875993641,0.0227863282030782,11
"DPM",6,0.5,NA,0.952106518282989,0.00166701396124193,11
"ORBIT_P",6,0.5,-0.0010051587245547,0.981717011128776,0.0235224352638861,11
"DPM",7,0.5,NA,0.952702702702703,0.00145802957717142,11
"ORBIT_P",7,0.5,-0.000661635361788407,0.980723370429253,0.0233524638828419,11
"DPM",8,0.5,NA,0.960254372019078,0.000827129859387924,11
"ORBIT_P",8,0.5,-0.000989558172103283,0.985890302066773,0.0214990138067061,11
"DPM",9,0.5,NA,0.953696343402226,0.00104079933388843,11
"ORBIT_P",9,0.5,-0.00043959917948305,0.981717011128776,0.0227497527200791,11
"DPM",10,0.5,NA,0.96164546899841,0.00103220478943022,11
"ORBIT_P",10,0.5,6.61073933900582e-06,0.986685214626391,0.023598820058997,11
"DPM",11,0.5,NA,0.96422893481717,0,11
"ORBIT_P",11,0.5,-3.3432676028445e-05,0.988473767885533,0.022213485354826,11
"DPM",12,0.5,NA,0.961049284578696,0,11
"ORBIT_P",12,0.5,-0.000740933909628158,0.988076311605723,0.0243328100470958,11
"DPM",13,0.5,NA,0.968402225755167,0,11
"ORBIT_P",13,0.5,-0.000838848605974171,0.990659777424483,0.0250342264815177,11
"DPM",14,0.5,NA,0.97197933227345,0,11
"ORBIT_P",14,0.5,-0.000762919104499992,0.990262321144674,0.0271378367825068,11
"DPM",15,0.5,NA,0.963434022257552,0,11
"ORBIT_P",15,0.5,6.86008792173699e-05,0.988275039745628,0.0229862475442043,11
"DPM",16,0.5,NA,0.975158982511924,0,11
"ORBIT_P",16,0.5,0.000570953184637045,0.993441971383148,0.0226783968719453,11
"DPM",17,0.5,NA,0.970786963434022,0,11
"ORBIT_P",17,0.5,0.000301205966775824,0.993640699523052,0.0234375,11
"DPM",18,0.5,NA,0.975556438791733,0,11
"ORBIT_P",18,0.5,0.000678433800093649,0.990461049284579,0.0240845897787351,11
"DPM",19,0.5,NA,0.973171701112878,0,11
"ORBIT_P",19,0.5,0.000849089314180929,0.993243243243243,0.0251609128145114,11
"DPM",20,0.5,NA,0.969992050874404,0,11
"ORBIT_P",20,0.5,0.000315571361871416,0.993640699523052,0.0238188207731355,11
"DPM",2,0.05,NA,0.751937984496124,0.0324189526184539,12
"ORBIT_P",2,0.05,0.00321589547960376,0.798449612403101,0.061503416856492,12
"DPM",3,0.05,NA,0.806201550387597,0.0071599045346062,12
"ORBIT_P",3,0.05,1.3318735523354e-05,0.868217054263566,0.0427350427350427,12
"DPM",4,0.05,NA,0.897286821705426,0.00643776824034335,12
"ORBIT_P",4,0.05,0.00197996724407489,0.937984496124031,0.0491159135559921,12
"DPM",5,0.05,NA,0.866279069767442,0.00886917960088692,12
"ORBIT_P",5,0.05,-0.000114236473354655,0.922480620155039,0.0441767068273092,12
"DPM",6,0.05,NA,0.903100775193798,0.00214132762312634,12
"ORBIT_P",6,0.05,0.00152169468406118,0.939922480620155,0.041501976284585,12
"DPM",7,0.05,NA,0.914728682170543,0.00211416490486258,12
"ORBIT_P",7,0.05,0.00297293727296949,0.959302325581395,0.0350877192982456,12
"DPM",8,0.05,NA,0.930232558139535,0,12
"ORBIT_P",8,0.05,0.00252526619761737,0.961240310077519,0.0350194552529183,12
"DPM",9,0.05,NA,0.941860465116279,0.00205338809034908,12
"ORBIT_P",9,0.05,0.00114360579920135,0.982558139534884,0.0361216730038023,12
"DPM",10,0.05,NA,0.922480620155039,0,12
"ORBIT_P",10,0.05,0.000312083352531582,0.965116279069767,0.0423076923076923,12
"DPM",11,0.05,NA,0.926356589147287,0,12
"ORBIT_P",11,0.05,0.000491119696869665,0.959302325581395,0.0388349514563107,12
"DPM",12,0.05,NA,0.959302325581395,0,12
"ORBIT_P",12,0.05,0.00121587418502266,0.988372093023256,0.0502793296089385,12
"DPM",13,0.05,NA,0.953488372093023,0,12
"ORBIT_P",13,0.05,0.00125873519527459,0.976744186046512,0.0508474576271186,12
"DPM",14,0.05,NA,0.937984496124031,0,12
"ORBIT_P",14,0.05,0.00152781448745563,0.988372093023256,0.0467289719626168,12
"DPM",15,0.05,NA,0.951550387596899,0,12
"ORBIT_P",15,0.05,0.000909144638936898,0.992248062015504,0.0518518518518519,12
"DPM",16,0.05,NA,0.953488372093023,0,12
"ORBIT_P",16,0.05,0.000769217111640854,0.978682170542636,0.0507518796992481,12
"DPM",17,0.05,NA,0.943798449612403,0,12
"ORBIT_P",17,0.05,0.000459222819997689,0.982558139534884,0.050561797752809,12
"DPM",18,0.05,NA,0.951550387596899,0,12
"ORBIT_P",18,0.05,0.00071468500027989,0.98062015503876,0.050656660412758,12
"DPM",19,0.05,NA,0.959302325581395,0,12
"ORBIT_P",19,0.05,0.000231429734160843,0.986434108527132,0.0503731343283582,12
"DPM",20,0.05,NA,0.949612403100775,0,12
"ORBIT_P",20,0.05,-0.000201472700755106,0.98062015503876,0.0488721804511278,12
"DPM",2,0.1,NA,0.75440313111546,0.0289672544080605,12
"ORBIT_P",2,0.1,0.0101844668586719,0.801369863013699,0.0398593200468933,12
"DPM",3,0.1,NA,0.863013698630137,0.0078740157480315,12
"ORBIT_P",3,0.1,-2.85922051346542e-05,0.906066536203523,0.0463439752832132,12
"DPM",4,0.1,NA,0.903131115459883,0.00431499460625674,12
"ORBIT_P",4,0.1,-0.00261823801451173,0.942270058708415,0.045589692765114,12
"DPM",5,0.1,NA,0.896281800391389,0.00326441784548422,12
"ORBIT_P",5,0.1,-0.00200453919712925,0.942270058708415,0.037962037962038,12
"DPM",6,0.1,NA,0.898238747553816,0.00433839479392625,12
"ORBIT_P",6,0.1,-0.00137541084680352,0.944227005870842,0.0464426877470356,12
"DPM",7,0.1,NA,0.937377690802348,0.00104275286757039,12
"ORBIT_P",7,0.1,-0.000273296932213734,0.967710371819961,0.042594385285576,12
"DPM",8,0.1,NA,0.935420743639922,0.00104493207941484,12
"ORBIT_P",8,0.1,-0.00035206648258412,0.973581213307241,0.0441882804995197,12
"DPM",9,0.1,NA,0.944227005870842,0,12
"ORBIT_P",9,0.1,-0.00120321664996476,0.977495107632094,0.0421860019175455,12
"DPM",10,0.1,NA,0.946183953033268,0,12
"ORBIT_P",10,0.1,-0.00164880786896964,0.971624266144814,0.0415057915057915,12
"DPM",11,0.1,NA,0.944227005870842,0,12
"ORBIT_P",11,0.1,-0.0012075064964101,0.976516634050881,0.0394610202117421,12
"DPM",12,0.1,NA,0.946183953033268,0,12
"ORBIT_P",12,0.1,-0.00241001247537869,0.972602739726027,0.0349514563106796,12
"DPM",13,0.1,NA,0.951076320939335,0,12
"ORBIT_P",13,0.1,-0.00216186504879095,0.984344422700587,0.0363984674329502,12
"DPM",14,0.1,NA,0.959882583170254,0,12
"ORBIT_P",14,0.1,-0.00166976544746888,0.980430528375734,0.0328185328185328,12
"DPM",15,0.1,NA,0.960861056751468,0,12
"ORBIT_P",15,0.1,-0.00237145532354295,0.983365949119374,0.0336538461538462,12
"DPM",16,0.1,NA,0.957925636007828,0,12
"ORBIT_P",16,0.1,-0.00197682709454557,0.992172211350294,0.0361216730038023,12
"DPM",17,0.1,NA,0.952054794520548,0,12
"ORBIT_P",17,0.1,-0.00184157073823051,0.986301369863014,0.0344827586206897,12
"DPM",18,0.1,NA,0.953033268101761,0,12
"ORBIT_P",18,0.1,-0.0016074245292172,0.986301369863014,0.0289017341040462,12
"DPM",19,0.1,NA,0.962818003913894,0,12
"ORBIT_P",19,0.1,-0.0012958191964911,0.987279843444227,0.0381315538608198,12
"DPM",20,0.1,NA,0.964774951076321,0,12
"ORBIT_P",20,0.1,-0.00121908216627528,0.986301369863014,0.04,12
"DPM",2,0.2,NA,0.793154761904762,0.0178132678132678,12
"ORBIT_P",2,0.2,-0.00798405668150561,0.834325396825397,0.0333333333333333,12
"DPM",3,0.2,NA,0.880952380952381,0.0083752093802345,12
"ORBIT_P",3,0.2,-0.0111782850937746,0.913690476190476,0.0300157977883096,12
"DPM",4,0.2,NA,0.914186507936508,0.00646900269541779,12
"ORBIT_P",4,0.2,-0.0104650419241566,0.94593253968254,0.0358948432760364,12
"DPM",5,0.2,NA,0.918154761904762,0.00537345513164965,12
"ORBIT_P",5,0.2,-0.00187470379265758,0.963293650793651,0.0433497536945813,12
"DPM",6,0.2,NA,0.927579365079365,0.00213447171824973,12
"ORBIT_P",6,0.2,0.00169672192248219,0.964781746031746,0.0395061728395062,12
"DPM",7,0.2,NA,0.940972222222222,0.00315291644771414,12
"ORBIT_P",7,0.2,0.000875199084950211,0.97172619047619,0.0439238653001464,12
"DPM",8,0.2,NA,0.941964285714286,0.00105207785376118,12
"ORBIT_P",8,0.2,0.00166825413084478,0.976190476190476,0.0418695228821811,12
"DPM",9,0.2,NA,0.954365079365079,0.00051948051948052,12
"ORBIT_P",9,0.2,0.00019021477177547,0.979166666666667,0.0426770126091174,12
"DPM",10,0.2,NA,0.950892857142857,0.000521376433785193,12
"ORBIT_P",10,0.2,-9.18934416116804e-05,0.982638888888889,0.0406779661016949,12
"DPM",11,0.2,NA,0.955853174603175,0.00103680663556247,12
"ORBIT_P",11,0.2,4.98414025231436e-07,0.981646825396825,0.0365141187925998,12
"DPM",12,0.2,NA,0.952876984126984,0.000520291363163372,12
"ORBIT_P",12,0.2,0.00111095580768911,0.982638888888889,0.0406779661016949,12
"DPM",13,0.2,NA,0.959325396825397,0,12
"ORBIT_P",13,0.2,-9.56594446572395e-05,0.985119047619048,0.0391872278664731,12
"DPM",14,0.2,NA,0.961309523809524,0,12
"ORBIT_P",14,0.2,0.000586431705755247,0.986607142857143,0.0428296438883542,12
"DPM",15,0.2,NA,0.963293650793651,0,12
"ORBIT_P",15,0.2,0.00135990577905448,0.985119047619048,0.0410429744084983,12
"DPM",16,0.2,NA,0.965277777777778,0,12
"ORBIT_P",16,0.2,0.0017062449357432,0.990079365079365,0.0445189085686932,12
"DPM",17,0.2,NA,0.966765873015873,0,12
"ORBIT_P",17,0.2,0.00148918702338638,0.992559523809524,0.0402877697841727,12
"DPM",18,0.2,NA,0.968253968253968,0,12
"ORBIT_P",18,0.2,0.00111841619040937,0.993055555555556,0.0393474088291747,12
"DPM",19,0.2,NA,0.963789682539683,0,12
"ORBIT_P",19,0.2,0.00122677540739997,0.990079365079365,0.0408457472369053,12
"DPM",20,0.2,NA,0.968253968253968,0,12
"ORBIT_P",20,0.2,0.00120623447439935,0.993551587301587,0.0370192307692308,12
"DPM",2,0.5,NA,0.857368317222332,0.0129457188280718,12
"ORBIT_P",2,0.5,-0.00497518019890475,0.89110278161373,0.0216590859865714,12
"DPM",3,0.5,NA,0.907279542316039,0.00926324859974149,12
"ORBIT_P",3,0.5,0.00759036055836442,0.94259222726376,0.0235029634171265,12
"DPM",4,0.5,NA,0.93095285066088,0.00736222128733698,12
"ORBIT_P",4,0.5,0.00377035009440851,0.958768987966068,0.0244881573665195,12
"DPM",5,0.5,NA,0.942000394555139,0.00292336604719148,12
"ORBIT_P",5,0.5,0.00118518945719768,0.972381140264352,0.0241536329439715,12
"DPM",6,0.5,NA,0.948707831919511,0.00269597677312319,12
"ORBIT_P",6,0.5,-0.00202118048249106,0.977707634641941,0.024985244934094,12
"DPM",7,0.5,NA,0.950680607614914,0.00124352331606218,12
"ORBIT_P",7,0.5,-0.00216486796310744,0.978891300059183,0.0236127508854782,12
"DPM",8,0.5,NA,0.957190767409746,0.00102944204241301,12
"ORBIT_P",8,0.5,-0.000234497831288103,0.984809627145394,0.0253807106598985,12
"DPM",9,0.5,NA,0.9652791477609,0.000204331834899877,12
"ORBIT_P",9,0.5,0.000521989213432733,0.985796014993095,0.0251658213031604,12
"DPM",10,0.5,NA,0.95995265338331,0.000205465379083624,12
"ORBIT_P",10,0.5,-0.00124215941768386,0.986387847701716,0.0236281976176528,12
"DPM",11,0.5,NA,0.963700927204577,0.000204666393778142,12
"ORBIT_P",11,0.5,-0.000442244567679405,0.987176957979878,0.0245614035087719,12
"DPM",12,0.5,NA,0.966265535608601,0,12
"ORBIT_P",12,0.5,-0.000421441411270351,0.986979680410337,0.0224697147323173,12
"DPM",13,0.5,NA,0.965081870191359,0,12
"ORBIT_P",13,0.5,-0.000109967059690357,0.989544288814362,0.0235546038543897,12
"DPM",14,0.5,NA,0.967251923456303,0,12
"ORBIT_P",14,0.5,-0.000679012453757974,0.992108897218386,0.0233054962128569,12
"DPM",15,0.5,NA,0.963898204774117,0,12
"ORBIT_P",15,0.5,-6.54713546913881e-05,0.989544288814362,0.0226032735775526,12
"DPM",16,0.5,NA,0.967449201025843,0,12
"ORBIT_P",16,0.5,-0.000344657927486459,0.990727954231604,0.0202887241513851,12
"DPM",17,0.5,NA,0.975932136516078,0,12
"ORBIT_P",17,0.5,-0.000154404894189085,0.992306174787927,0.0244375484871994,12
"DPM",18,0.5,NA,0.97139475241665,0,12
"ORBIT_P",18,0.5,-0.000546629415520018,0.991517064509765,0.0216079423788203,12
"DPM",19,0.5,NA,0.969027421582166,0,12
"ORBIT_P",19,0.5,-0.000470525376366019,0.992898007496548,0.0229081731702582,12
"DPM",20,0.5,NA,0.971789307555731,0,12
"ORBIT_P",20,0.5,-0.000362075475633524,0.993095285066088,0.0217644772638943,12
"DPM",2,0.05,NA,0.697530864197531,0.0258620689655172,13
"ORBIT_P",2,0.05,0.0123260406793106,0.751028806584362,0.0616966580976864,13
"DPM",3,0.05,NA,0.82716049382716,0.00985221674876847,13
"ORBIT_P",3,0.05,0.00158647244777479,0.864197530864197,0.036697247706422,13
"DPM",4,0.05,NA,0.847736625514403,0.00961538461538462,13
"ORBIT_P",4,0.05,-0.00107201047539861,0.919753086419753,0.0324675324675325,13
"DPM",5,0.05,NA,0.890946502057613,0.00688073394495413,13
"ORBIT_P",5,0.05,-0.00229787692498095,0.930041152263374,0.0403397027600849,13
"DPM",6,0.05,NA,0.89917695473251,0.00228310502283105,13
"ORBIT_P",6,0.05,-0.00335910995433694,0.94238683127572,0.0357894736842105,13
"DPM",7,0.05,NA,0.930041152263374,0,13
"ORBIT_P",7,0.05,-0.00390903063455,0.958847736625514,0.033195020746888,13
"DPM",8,0.05,NA,0.917695473251029,0,13
"ORBIT_P",8,0.05,-0.00325006551765648,0.958847736625514,0.0411522633744856,13
"DPM",9,0.05,NA,0.948559670781893,0,13
"ORBIT_P",9,0.05,-0.0021129630320409,0.979423868312757,0.0460921843687375,13
"DPM",10,0.05,NA,0.948559670781893,0,13
"ORBIT_P",10,0.05,-0.00192142274851628,0.973251028806584,0.054,13
"DPM",11,0.05,NA,0.946502057613169,0,13
"ORBIT_P",11,0.05,-0.00115185601530275,0.979423868312757,0.0403225806451613,13
"DPM",12,0.05,NA,0.948559670781893,0,13
"ORBIT_P",12,0.05,-0.00220699011555482,0.989711934156379,0.0399201596806387,13
"DPM",13,0.05,NA,0.944444444444444,0,13
"ORBIT_P",13,0.05,-0.00213424814560249,0.981481481481482,0.0363636363636364,13
"DPM",14,0.05,NA,0.938271604938272,0,13
"ORBIT_P",14,0.05,-0.00189777990689043,0.981481481481482,0.034412955465587,13
"DPM",15,0.05,NA,0.965020576131687,0,13
"ORBIT_P",15,0.05,-0.00170403515751379,0.98559670781893,0.0400801603206413,13
"DPM",16,0.05,NA,0.948559670781893,0,13
"ORBIT_P",16,0.05,-0.000987471870168711,0.979423868312757,0.051792828685259,13
"DPM",17,0.05,NA,0.97119341563786,0,13
"ORBIT_P",17,0.05,-0.000488332532086946,0.987654320987654,0.0495049504950495,13
"DPM",18,0.05,NA,0.952674897119342,0,13
"ORBIT_P",18,0.05,-0.000323842153868164,0.987654320987654,0.0419161676646707,13
"DPM",19,0.05,NA,0.962962962962963,0,13
"ORBIT_P",19,0.05,-0.000345753801542727,0.987654320987654,0.0457256461232604,13
"DPM",20,0.05,NA,0.95679012345679,0,13
"ORBIT_P",20,0.05,-8.98101261195475e-05,0.987654320987654,0.0513833992094862,13
"DPM",2,0.1,NA,0.772912423625255,0.0331210191082803,13
"ORBIT_P",2,0.1,-0.00314234053081694,0.815682281059063,0.0565371024734982,13
"DPM",3,0.1,NA,0.85030549898167,0.0118343195266272,13
"ORBIT_P",3,0.1,0.00424825791912704,0.894093686354379,0.0548977395048439,13
"DPM",4,0.1,NA,0.89918533604888,0.00897867564534231,13
"ORBIT_P",4,0.1,-0.00126979380438649,0.939918533604888,0.0455015511892451,13
"DPM",5,0.1,NA,0.921588594704684,0.00767543859649123,13
"ORBIT_P",5,0.1,-0.0017332558849113,0.956211812627291,0.0369230769230769,13
"DPM",6,0.1,NA,0.919551934826884,0.00441014332965821,13
"ORBIT_P",6,0.1,-0.00203683521121538,0.958248472505092,0.0417515274949083,13
"DPM",7,0.1,NA,0.933808553971487,0.00108932461873638,13
"ORBIT_P",7,0.1,-0.00114992551463241,0.971486761710794,0.0479041916167665,13
"DPM",8,0.1,NA,0.937881873727088,0.00216684723726977,13
"ORBIT_P",8,0.1,-0.00165838002282527,0.974541751527495,0.043,13
"DPM",9,0.1,NA,0.928716904276986,0,13
"ORBIT_P",9,0.1,-0.002266822306352,0.966395112016293,0.0414141414141414,13
"DPM",10,0.1,NA,0.953156822810591,0,13
"ORBIT_P",10,0.1,-0.000830752961532881,0.981670061099796,0.0417495029821074,13
"DPM",11,0.1,NA,0.95010183299389,0,13
"ORBIT_P",11,0.1,-0.00139453892837749,0.978615071283096,0.0418743768693918,13
"DPM",12,0.1,NA,0.953156822810591,0,13
"ORBIT_P",12,0.1,-0.00179457463601903,0.982688391038697,0.0426587301587302,13
"DPM",13,0.1,NA,0.959266802443992,0.00106044538706257,13
"ORBIT_P",13,0.1,-0.00203368115785994,0.982688391038697,0.043607532210109,13
"DPM",14,0.1,NA,0.95112016293279,0,13
"ORBIT_P",14,0.1,-0.00189302708282621,0.983706720977597,0.036889332003988,13
"DPM",15,0.1,NA,0.958248472505092,0,13
"ORBIT_P",15,0.1,-0.00160387493534469,0.985743380855397,0.0377733598409543,13
"DPM",16,0.1,NA,0.958248472505092,0,13
"ORBIT_P",16,0.1,-0.00134416060394827,0.984725050916497,0.0358923230309073,13
"DPM",17,0.1,NA,0.959266802443992,0,13
"ORBIT_P",17,0.1,-0.00146435708963093,0.990835030549898,0.0375865479723047,13
"DPM",18,0.1,NA,0.960285132382892,0,13
"ORBIT_P",18,0.1,-0.00219955906053026,0.985743380855397,0.0377733598409543,13
"DPM",19,0.1,NA,0.971486761710794,0,13
"ORBIT_P",19,0.1,-0.00172111490071379,0.995926680244399,0.0430528375733855,13
"DPM",20,0.1,NA,0.971486761710794,0,13
"ORBIT_P",20,0.1,-0.00130380432920071,0.990835030549898,0.0451422963689892,13
"DPM",2,0.2,NA,0.821285140562249,0.0232835820895522,13
"ORBIT_P",2,0.2,-0.00536260511288731,0.865461847389558,0.0363331470095025,13
"DPM",3,0.2,NA,0.873995983935743,0.0135977337110482,13
"ORBIT_P",3,0.2,-0.00139193637129059,0.91214859437751,0.0370959194488606,13
"DPM",4,0.2,NA,0.914156626506024,0.00708833151581243,13
"ORBIT_P",4,0.2,0.00765033507928963,0.945281124497992,0.0343589743589744,13
"DPM",5,0.2,NA,0.922690763052209,0.00487276664861938,13
"ORBIT_P",5,0.2,0.0056536934661521,0.955321285140562,0.0393740535083291,13
"DPM",6,0.2,NA,0.929718875502008,0.00107874865156419,13
"ORBIT_P",6,0.2,0.00278748362927103,0.963855421686747,0.0351758793969849,13
"DPM",7,0.2,NA,0.932228915662651,0.00107584722969338,13
"ORBIT_P",7,0.2,0.00138332497811787,0.969879518072289,0.0402384500745156,13
"DPM",8,0.2,NA,0.948795180722892,0,13
"ORBIT_P",8,0.2,0.000847518306353461,0.975903614457831,0.0447174447174447,13
"DPM",9,0.2,NA,0.948293172690763,0,13
"ORBIT_P",9,0.2,-1.29274693897603e-05,0.980421686746988,0.0369822485207101,13
"DPM",10,0.2,NA,0.940763052208835,0,13
"ORBIT_P",10,0.2,-0.000876761291958036,0.974899598393574,0.0419338924518994,13
"DPM",11,0.2,NA,0.954317269076305,0,13
"ORBIT_P",11,0.2,0.000498668815289777,0.980421686746988,0.0369822485207101,13
"DPM",12,0.2,NA,0.94929718875502,0,13
"ORBIT_P",12,0.2,0.0015415635804041,0.984437751004016,0.0401370533529124,13
"DPM",13,0.2,NA,0.958835341365462,0,13
"ORBIT_P",13,0.2,0.000707961533184439,0.985943775100402,0.0353634577603143,13
"DPM",14,0.2,NA,0.962349397590361,0,13
"ORBIT_P",14,0.2,0.0013634784175457,0.988453815261044,0.0390434358223524,13
"DPM",15,0.2,NA,0.96285140562249,0,13
"ORBIT_P",15,0.2,0.000745796240392455,0.987951807228916,0.0381231671554252,13
"DPM",16,0.2,NA,0.960341365461847,0,13
"ORBIT_P",16,0.2,0.00067019989437074,0.985943775100402,0.0363101079489696,13
"DPM",17,0.2,NA,0.960341365461847,0,13
"ORBIT_P",17,0.2,0.00108538801366546,0.987449799196787,0.0400195217179112,13
"DPM",18,0.2,NA,0.961847389558233,0,13
"ORBIT_P",18,0.2,0.00102000045602848,0.98644578313253,0.0367647058823529,13
"DPM",19,0.2,NA,0.965863453815261,0,13
"ORBIT_P",19,0.2,0.0010960638286646,0.987449799196787,0.03955078125,13
"DPM",20,0.2,NA,0.96285140562249,0,13
"ORBIT_P",20,0.2,0.000885320670995037,0.986947791164659,0.0409756097560976,13
"DPM",2,0.5,NA,0.883150548354935,0.016651865008881,13
"ORBIT_P",2,0.5,-0.0188572716687506,0.912063808574277,0.0263942103022563,13
"DPM",3,0.5,NA,0.915653040877368,0.00970455035583351,13
"ORBIT_P",3,0.5,-0.0150941557302649,0.945962113659023,0.0252722416272858,13
"DPM",4,0.5,NA,0.924027916251246,0.0055793991416309,13
"ORBIT_P",4,0.5,-0.00352407129184763,0.959920239282154,0.0237274386534172,13
"DPM",5,0.5,NA,0.944167497507478,0.00231774125579435,13
"ORBIT_P",5,0.5,-0.00323503099866264,0.96889332003988,0.0246888799678844,13
"DPM",6,0.5,NA,0.950149551345962,0.000838750262109457,13
"ORBIT_P",6,0.5,-0.00193085899575119,0.976271186440678,0.0254777070063694,13
"DPM",7,0.5,NA,0.950348953140578,0.000629062696582093,13
"ORBIT_P",7,0.5,-0.00328596394359131,0.979062811565304,0.0248262164846077,13
"DPM",8,0.5,NA,0.951345962113659,0.00146504813729594,13
"ORBIT_P",8,0.5,-0.00248090582150387,0.981056829511466,0.0251634634436299,13
"DPM",9,0.5,NA,0.96011964107677,0.000830047727744345,13
"ORBIT_P",9,0.5,-0.00370245571418957,0.984646061814556,0.0260355029585799,13
"DPM",10,0.5,NA,0.95752741774676,0,13
"ORBIT_P",10,0.5,-0.00103573841360805,0.985643070787637,0.025817895151754,13
"DPM",11,0.5,NA,0.963310069790628,0,13
"ORBIT_P",11,0.5,0.000320417131945629,0.988634097706879,0.0234390388024424,13
"DPM",12,0.5,NA,0.962512462612163,0.000207125103562552,13
"ORBIT_P",12,0.5,-0.000282828510734097,0.988833499501495,0.0243950422978556,13
"DPM",13,0.5,NA,0.967298105682951,0.000206100577081616,13
"ORBIT_P",13,0.5,-0.000382652796631323,0.989032901296112,0.0251572327044025,13
"DPM",14,0.5,NA,0.970887337986042,0.000205338809034908,13
"ORBIT_P",14,0.5,-0.000620641234692264,0.992422731804586,0.0231599607458292,13
"DPM",15,0.5,NA,0.963908275174477,0.000206825232678387,13
"ORBIT_P",15,0.5,-0.000867430717484855,0.991425722831505,0.0229907643937905,13
"DPM",16,0.5,NA,0.97308075772682,0.000204876049989756,13
"ORBIT_P",16,0.5,-0.00113663091054865,0.991425722831505,0.0231827111984283,13
"DPM",17,0.5,NA,0.970687936191426,0.000205380981721093,13
"ORBIT_P",17,0.5,-0.000891746844187572,0.992622133599202,0.022963689892051,13
"DPM",18,0.5,NA,0.97308075772682,0,13
"ORBIT_P",18,0.5,-0.00118581560162957,0.992821535393819,0.0216152485753586,13
"DPM",19,0.5,NA,0.966899302093719,0,13
"ORBIT_P",19,0.5,-0.000720333707891906,0.99222333000997,0.0237394545811262,13
"DPM",20,0.5,NA,0.971286141575274,0,13
"ORBIT_P",20,0.5,-0.000503738427281107,0.991824526420738,0.022021234762092,13
"DPM",2,0.05,NA,0.698602794411178,0.0140845070422535,14
"ORBIT_P",2,0.05,-0.0107039848254123,0.774451097804391,0.0372208436724566,14
"DPM",3,0.05,NA,0.788423153692615,0.00753768844221105,14
"ORBIT_P",3,0.05,0.00107870636931601,0.836327345309381,0.04337899543379,14
"DPM",4,0.05,NA,0.840319361277445,0.00472813238770686,14
"ORBIT_P",4,0.05,-0.00116062318471832,0.902195608782435,0.0362473347547974,14
"DPM",5,0.05,NA,0.882235528942116,0.00674157303370787,14
"ORBIT_P",5,0.05,-0.00347826089844823,0.932135728542914,0.0469387755102041,14
"DPM",6,0.05,NA,0.914171656686627,0.00217864923747277,14
"ORBIT_P",6,0.05,-0.000979848979792007,0.952095808383233,0.0440881763527054,14
"DPM",7,0.05,NA,0.922155688622755,0.00431034482758621,14
"ORBIT_P",7,0.05,-0.00130727741865678,0.968063872255489,0.0396039603960396,14
"DPM",8,0.05,NA,0.916167664670659,0.00433839479392625,14
"ORBIT_P",8,0.05,-0.00104701492307672,0.976047904191617,0.0392927308447937,14
"DPM",9,0.05,NA,0.912175648702595,0.00218340611353712,14
"ORBIT_P",9,0.05,-5.01203192553178e-05,0.960079840319361,0.0456349206349206,14
"DPM",10,0.05,NA,0.952095808383233,0,14
"ORBIT_P",10,0.05,0.000883554775346822,0.99001996007984,0.0623818525519849,14
"DPM",11,0.05,NA,0.946107784431138,0,14
"ORBIT_P",11,0.05,0.00106709505818169,0.976047904191617,0.0541586073500967,14
"DPM",12,0.05,NA,0.94810379241517,0,14
"ORBIT_P",12,0.05,0.000545377983965843,0.986027944111776,0.062618595825427,14
"DPM",13,0.05,NA,0.94810379241517,0,14
"ORBIT_P",13,0.05,-0.000172058078855689,0.986027944111776,0.0608365019011407,14
"DPM",14,0.05,NA,0.954091816367265,0,14
"ORBIT_P",14,0.05,0.000252721712561957,0.982035928143713,0.0556621880998081,14
"DPM",15,0.05,NA,0.942115768463074,0,14
"ORBIT_P",15,0.05,0.000337969266058712,0.976047904191617,0.0541586073500967,14
"DPM",16,0.05,NA,0.972055888223553,0,14
"ORBIT_P",16,0.05,0.000965733653186844,0.992015968063872,0.0460652591170825,14
"DPM",17,0.05,NA,0.974051896207585,0,14
"ORBIT_P",17,0.05,0.00090262882046454,0.996007984031936,0.0531309297912713,14
"DPM",18,0.05,NA,0.954091816367265,0,14
"ORBIT_P",18,0.05,0.000617281585267065,0.984031936127745,0.053742802303263,14
"DPM",19,0.05,NA,0.950099800399202,0,14
"ORBIT_P",19,0.05,0.000215524239043017,0.984031936127745,0.0500963391136802,14
"DPM",20,0.05,NA,0.968063872255489,0,14
"ORBIT_P",20,0.05,0.000711715475523273,0.992015968063872,0.0497131931166348,14
"DPM",2,0.1,NA,0.75296442687747,0.0243277848911652,14
"ORBIT_P",2,0.1,0.0180846447094928,0.794466403162055,0.049645390070922,14
"DPM",3,0.1,NA,0.824110671936759,0.0165094339622642,14
"ORBIT_P",3,0.1,0.0125944277576111,0.880434782608696,0.0439914163090129,14
"DPM",4,0.1,NA,0.895256916996047,0.0130718954248366,14
"ORBIT_P",4,0.1,0.0115754897942038,0.932806324110672,0.0474268415741675,14
"DPM",5,0.1,NA,0.896245059288538,0.00439077936333699,14
"ORBIT_P",5,0.1,0.0124041726612756,0.932806324110672,0.0503018108651912,14
"DPM",6,0.1,NA,0.921936758893281,0.0032051282051282,14
"ORBIT_P",6,0.1,0.0106898633239672,0.961462450592885,0.0385375494071146,14
"DPM",7,0.1,NA,0.91897233201581,0.0053475935828877,14
"ORBIT_P",7,0.1,0.00843033744718129,0.960474308300395,0.0442477876106195,14
"DPM",8,0.1,NA,0.942687747035573,0.00313479623824451,14
"ORBIT_P",8,0.1,0.00696246012246736,0.974308300395257,0.0445736434108527,14
"DPM",9,0.1,NA,0.936758893280632,0.00105374077976818,14
"ORBIT_P",9,0.1,0.00630533644888307,0.975296442687747,0.0408163265306122,14
"DPM",10,0.1,NA,0.944664031620553,0.00104493207941484,14
"ORBIT_P",10,0.1,0.00549823256913963,0.975296442687747,0.0426770126091174,14
"DPM",11,0.1,NA,0.945652173913043,0,14
"ORBIT_P",11,0.1,0.00441485769428708,0.985177865612648,0.0441035474592522,14
"DPM",12,0.1,NA,0.963438735177866,0,14
"ORBIT_P",12,0.1,0.00369502391602901,0.988142292490119,0.0439770554493308,14
"DPM",13,0.1,NA,0.952569169960474,0,14
"ORBIT_P",13,0.1,0.00308909146234569,0.981225296442688,0.0396518375241779,14
"DPM",14,0.1,NA,0.962450592885375,0,14
"ORBIT_P",14,0.1,0.00314960740653226,0.987154150197628,0.0375722543352601,14
"DPM",15,0.1,NA,0.968379446640316,0,14
"ORBIT_P",15,0.1,0.00201836200231911,0.991106719367589,0.039272030651341,14
"DPM",16,0.1,NA,0.969367588932806,0,14
"ORBIT_P",16,0.1,0.00180356631459261,0.990118577075099,0.0466222645099905,14
"DPM",17,0.1,NA,0.960474308300395,0,14
"ORBIT_P",17,0.1,0.00124472643797988,0.988142292490119,0.053030303030303,14
"DPM",18,0.1,NA,0.967391304347826,0,14
"ORBIT_P",18,0.1,0.00100602205728692,0.984189723320158,0.0478011472275335,14
"DPM",19,0.1,NA,0.963438735177866,0,14
"ORBIT_P",19,0.1,0.00108256155816754,0.986166007905138,0.0477099236641221,14
"DPM",20,0.1,NA,0.967391304347826,0,14
"ORBIT_P",20,0.1,0.000716349960444568,0.989130434782609,0.0448473282442748,14
"DPM",2,0.2,NA,0.82636186770428,0.0201845444059977,14
"ORBIT_P",2,0.2,-0.00324578055462094,0.862354085603113,0.0369364475828354,14
"DPM",3,0.2,NA,0.876945525291829,0.0115131578947368,14
"ORBIT_P",3,0.2,0.0036122394953714,0.911964980544747,0.0394467213114754,14
"DPM",4,0.2,NA,0.912937743190661,0.00687830687830688,14
"ORBIT_P",4,0.2,0.00406875801698552,0.946984435797665,0.0413589364844904,14
"DPM",5,0.2,NA,0.931906614785992,0.00622406639004149,14
"ORBIT_P",5,0.2,0.00437845633792958,0.964980544747082,0.0340798442064265,14
"DPM",6,0.2,NA,0.918774319066148,0.00369198312236287,14
"ORBIT_P",6,0.2,0.00251295201636648,0.958171206225681,0.0380859375,14
"DPM",7,0.2,NA,0.93920233463035,0.0005175983436853,14
"ORBIT_P",7,0.2,0.00187863934234005,0.971789883268482,0.0398846708313311,14
"DPM",8,0.2,NA,0.957684824902724,0,14
"ORBIT_P",8,0.2,0.00094380775020416,0.985408560311284,0.0361560418648906,14
"DPM",9,0.2,NA,0.945525291828794,0,14
"ORBIT_P",9,0.2,0.00142216852303489,0.978599221789883,0.0373205741626794,14
"DPM",10,0.2,NA,0.952821011673152,0,14
"ORBIT_P",10,0.2,0.000950678079880401,0.977140077821012,0.038755980861244,14
"DPM",11,0.2,NA,0.956225680933852,0,14
"ORBIT_P",11,0.2,0.00100211550261046,0.980058365758755,0.0381861575178998,14
"DPM",12,0.2,NA,0.954766536964981,0,14
"ORBIT_P",12,0.2,0.000447420707397238,0.987354085603113,0.0370018975332068,14
"DPM",13,0.2,NA,0.958171206225681,0,14
"ORBIT_P",13,0.2,0.000539861366339309,0.988326848249027,0.0314585319351764,14
"DPM",14,0.2,NA,0.955252918287938,0,14
"ORBIT_P",14,0.2,0.000984417808744815,0.985894941634241,0.0338417540514776,14
"DPM",15,0.2,NA,0.963035019455253,0,14
"ORBIT_P",15,0.2,0.000778048866097539,0.99124513618677,0.0377714825306893,14
"DPM",16,0.2,NA,0.963035019455253,0,14
"ORBIT_P",16,0.2,0.000686084100686588,0.989299610894942,0.0387523629489603,14
"DPM",17,0.2,NA,0.969357976653696,0,14
"ORBIT_P",17,0.2,0.000266992083132754,0.987354085603113,0.0420009438414346,14
"DPM",18,0.2,NA,0.965953307392996,0,14
"ORBIT_P",18,0.2,0.000653088972351232,0.986381322957198,0.0379506641366224,14
"DPM",19,0.2,NA,0.966439688715953,0,14
"ORBIT_P",19,0.2,0.000234294900510438,0.988813229571984,0.037405303030303,14
"DPM",20,0.2,NA,0.971789883268482,0,14
"ORBIT_P",20,0.2,0.000363468958314249,0.990272373540856,0.036441079034548,14
"DPM",2,0.5,NA,0.875809299587993,0.0150044130626655,14
"ORBIT_P",2,0.5,0.0136840643276749,0.90190308024328,0.0241986839312248,14
"DPM",3,0.5,NA,0.911712772218952,0.0076873798846893,14
"ORBIT_P",3,0.5,-0.0066107573835458,0.94467333725721,0.0247113631760178,14
"DPM",4,0.5,NA,0.927800667059054,0.00484006734006734,14
"ORBIT_P",4,0.5,-0.0047115167097483,0.961938395134393,0.0225279106858054,14
"DPM",5,0.5,NA,0.93152835000981,0.00356768100734523,14
"ORBIT_P",5,0.5,-0.00777503241687934,0.968805179517363,0.0219845513963161,14
"DPM",6,0.5,NA,0.944869531096724,0.00269206875129426,14
"ORBIT_P",6,0.5,-0.000472730004450847,0.976456739258387,0.0233516483516484,14
"DPM",7,0.5,NA,0.951736315479694,0.00185185185185185,14
"ORBIT_P",7,0.5,-0.00161838424003201,0.978026289974495,0.0235063663075416,14
"DPM",8,0.5,NA,0.955660192269963,0.00163968026234884,14
"ORBIT_P",8,0.5,-0.00128124278065763,0.982734942122817,0.0235867446393762,14
"DPM",9,0.5,NA,0.953305866195801,0.00102796052631579,14
"ORBIT_P",9,0.5,-0.00143960717271743,0.985874043555032,0.0255962769051774,14
"DPM",10,0.5,NA,0.958799293702178,0.000613496932515337,14
"ORBIT_P",10,0.5,-0.00161165235367858,0.984304492838925,0.0233599377068328,14
"DPM",11,0.5,NA,0.964685108887581,0.000203334688897926,14
"ORBIT_P",11,0.5,-0.000987251328865225,0.988816951147734,0.0274025472790428,14
"DPM",12,0.5,NA,0.958406906023151,0,14
"ORBIT_P",12,0.5,-0.00156615358027759,0.988816951147734,0.0249564712710389,14
"DPM",13,0.5,NA,0.970374730233471,0,14
"ORBIT_P",13,0.5,-0.00283284144764583,0.992152246419462,0.0233680957898803,14
"DPM",14,0.5,NA,0.964881302727094,0,14
"ORBIT_P",14,0.5,-0.00179107612801477,0.989209338826761,0.0247582205029014,14
"DPM",15,0.5,NA,0.970178536393957,0,14
"ORBIT_P",15,0.5,-0.00167233009560549,0.992348440258976,0.0244937319189971,14
"DPM",16,0.5,NA,0.967235628801256,0,14
"ORBIT_P",16,0.5,-0.0011385687338897,0.989405532666274,0.0239984517127927,14
"DPM",17,0.5,NA,0.969001373356877,0,14
"ORBIT_P",17,0.5,-0.00117909292563231,0.992544634098489,0.0227931234305582,14
"DPM",18,0.5,NA,0.973710025505199,0,14
"ORBIT_P",18,0.5,-0.000598496001023215,0.992544634098489,0.0241126543209877,14
"DPM",19,0.5,NA,0.970767117912498,0,14
"ORBIT_P",19,0.5,-0.000994131631504807,0.995487541691191,0.0236675004810468,14
"DPM",20,0.5,NA,0.976652933097901,0,14
"ORBIT_P",20,0.5,-0.000726866884654133,0.995095154012164,0.0234886407393146,14
"DPM",2,0.05,NA,0.683908045977011,0.032520325203252,15
"ORBIT_P",2,0.05,0.0059065452925613,0.733716475095785,0.051980198019802,15
"DPM",3,0.05,NA,0.82183908045977,0.0115207373271889,15
"ORBIT_P",3,0.05,-8.81464634837355e-05,0.875478927203065,0.0399159663865546,15
"DPM",4,0.05,NA,0.852490421455939,0.00224215246636771,15
"ORBIT_P",4,0.05,-0.000412843088593452,0.911877394636015,0.0383838383838384,15
"DPM",5,0.05,NA,0.885057471264368,0.00215982721382289,15
"ORBIT_P",5,0.05,-0.000608420852002771,0.92911877394636,0.0376984126984127,15
"DPM",6,0.05,NA,0.919540229885057,0.00207900207900208,15
"ORBIT_P",6,0.05,-0.0024226258164261,0.961685823754789,0.0252427184466019,15
"DPM",7,0.05,NA,0.900383141762452,0.00423728813559322,15
"ORBIT_P",7,0.05,-0.00301129011617236,0.952107279693487,0.0368217054263566,15
"DPM",8,0.05,NA,0.961685823754789,0.00198807157057654,15
"ORBIT_P",8,0.05,-0.000987658953416003,0.978927203065134,0.0285171102661597,15
"DPM",9,0.05,NA,0.936781609195402,0,15
"ORBIT_P",9,0.05,-0.00175388453490702,0.973180076628352,0.0378787878787879,15
"DPM",10,0.05,NA,0.957854406130268,0,15
"ORBIT_P",10,0.05,-0.00244042380398962,0.977011494252874,0.0413533834586466,15
"DPM",11,0.05,NA,0.954022988505747,0,15
"ORBIT_P",11,0.05,-0.00174629193244955,0.982758620689655,0.05,15
"DPM",12,0.05,NA,0.938697318007663,0,15
"ORBIT_P",12,0.05,-0.00139119669176864,0.973180076628352,0.0342205323193916,15
"DPM",13,0.05,NA,0.954022988505747,0,15
"ORBIT_P",13,0.05,-0.00122879768846585,0.980842911877395,0.0357815442561205,15
"DPM",14,0.05,NA,0.950191570881226,0,15
"ORBIT_P",14,0.05,-0.000635845454464589,0.980842911877395,0.0465549348230912,15
"DPM",15,0.05,NA,0.954022988505747,0,15
"ORBIT_P",15,0.05,-0.000571425709656322,0.980842911877395,0.037593984962406,15
"DPM",16,0.05,NA,0.967432950191571,0,15
"ORBIT_P",16,0.05,-0.000609745395856312,0.982758620689655,0.0357142857142857,15
"DPM",17,0.05,NA,0.957854406130268,0,15
"ORBIT_P",17,0.05,-0.000360981990129789,0.990421455938697,0.044362292051756,15
"DPM",18,0.05,NA,0.96360153256705,0,15
"ORBIT_P",18,0.05,-0.000733662093647682,0.990421455938697,0.0461254612546125,15
"DPM",19,0.05,NA,0.961685823754789,0,15
"ORBIT_P",19,0.05,-0.000556551766867082,0.986590038314176,0.055045871559633,15
"DPM",20,0.05,NA,0.946360153256705,0,15
"ORBIT_P",20,0.05,-0.000372721743882744,0.975095785440613,0.0503731343283582,15
"DPM",2,0.1,NA,0.777777777777778,0.0176991150442478,15
"ORBIT_P",2,0.1,-0.000313304717975693,0.81981981981982,0.0421052631578947,15
"DPM",3,0.1,NA,0.872872872872873,0.0169109357384442,15
"ORBIT_P",3,0.1,0.00290294383398326,0.908908908908909,0.0512016718913271,15
"DPM",4,0.1,NA,0.882882882882883,0.00898876404494382,15
"ORBIT_P",4,0.1,-0.00373115115559895,0.923923923923924,0.0385416666666667,15
"DPM",5,0.1,NA,0.903903903903904,0.00550660792951542,15
"ORBIT_P",5,0.1,-0.00667474717828447,0.940940940940941,0.0388548057259714,15
"DPM",6,0.1,NA,0.911911911911912,0.00219058050383352,15
"ORBIT_P",6,0.1,-0.00408620483275188,0.952952952952953,0.033502538071066,15
"DPM",7,0.1,NA,0.926926926926927,0.00107874865156419,15
"ORBIT_P",7,0.1,-0.00311706483370992,0.973973973973974,0.0488758553274682,15
"DPM",8,0.1,NA,0.951951951951952,0,15
"ORBIT_P",8,0.1,-0.00214246783489534,0.977977977977978,0.0468292682926829,15
"DPM",9,0.1,NA,0.925925925925926,0,15
"ORBIT_P",9,0.1,-0.000644271997841487,0.973973973973974,0.0525803310613437,15
"DPM",10,0.1,NA,0.940940940940941,0,15
"ORBIT_P",10,0.1,-6.9164503928232e-05,0.976976976976977,0.0533462657613967,15
"DPM",11,0.1,NA,0.956956956956957,0,15
"ORBIT_P",11,0.1,0.000344014162593002,0.981981981981982,0.043859649122807,15
"DPM",12,0.1,NA,0.936936936936937,0,15
"ORBIT_P",12,0.1,-0.000436025021602713,0.967967967967968,0.0368525896414343,15
"DPM",13,0.1,NA,0.941941941941942,0,15
"ORBIT_P",13,0.1,-0.000380239022824137,0.978978978978979,0.0374015748031496,15
"DPM",14,0.1,NA,0.951951951951952,0,15
"ORBIT_P",14,0.1,0.000177201274684894,0.986986986986987,0.0352250489236791,15
"DPM",15,0.1,NA,0.960960960960961,0,15
"ORBIT_P",15,0.1,-0.000108151529694327,0.983983983983984,0.0296150049358342,15
"DPM",16,0.1,NA,0.968968968968969,0,15
"ORBIT_P",16,0.1,-0.000217378361473541,0.987987987987988,0.0323529411764706,15
"DPM",17,0.1,NA,0.965965965965966,0,15
"ORBIT_P",17,0.1,0.000525265545741805,0.991991991991992,0.0331707317073171,15
"DPM",18,0.1,NA,0.957957957957958,0,15
"ORBIT_P",18,0.1,0.000625007365352238,0.983983983983984,0.0400390625,15
"DPM",19,0.1,NA,0.960960960960961,0,15
"ORBIT_P",19,0.1,0.000632108306291307,0.988988988988989,0.037037037037037,15
"DPM",20,0.1,NA,0.953953953953954,0,15
"ORBIT_P",20,0.1,0.000386377790542629,0.988988988988989,0.0360975609756098,15
"DPM",2,0.2,NA,0.816641753861485,0.0220763723150358,15
"ORBIT_P",2,0.2,-0.007533948501216,0.854509217737917,0.0365168539325843,15
"DPM",3,0.2,NA,0.88141504733433,0.0100727476217124,15
"ORBIT_P",3,0.2,-0.000540944135419137,0.917289486796213,0.0346093340325118,15
"DPM",4,0.2,NA,0.904334828101644,0.0103598691384951,15
"ORBIT_P",4,0.2,0.00394870586122824,0.946686596910812,0.0389479008598887,15
"DPM",5,0.2,NA,0.912805181863478,0.00650759219088937,15
"ORBIT_P",5,0.2,0.00285000115363351,0.958644743398107,0.0375187593796898,15
"DPM",6,0.2,NA,0.940707523667165,0.00264131008980454,15
"ORBIT_P",6,0.2,0.00406045783588391,0.969108121574489,0.0442260442260442,15
"DPM",7,0.2,NA,0.940707523667165,0.00105820105820106,15
"ORBIT_P",7,0.2,0.00400558200653283,0.974588938714499,0.0397643593519882,15
"DPM",8,0.2,NA,0.947683109118087,0.0015748031496063,15
"ORBIT_P",8,0.2,0.00589290407173155,0.97259591429995,0.0388970950270803,15
"DPM",9,0.2,NA,0.952167414050822,0.000523012552301255,15
"ORBIT_P",9,0.2,0.0048870207423765,0.980069755854509,0.0390815828041036,15
"DPM",10,0.2,NA,0.957149975087195,0,15
"ORBIT_P",10,0.2,0.00393974444257269,0.984554060787245,0.0403108305002428,15
"DPM",11,0.2,NA,0.951669157947185,0,15
"ORBIT_P",11,0.2,0.0038416623396263,0.978574987543597,0.0377266046055855,15
"DPM",12,0.2,NA,0.955156950672646,0,15
"ORBIT_P",12,0.2,0.00320795612007072,0.984554060787245,0.0384428223844282,15
"DPM",13,0.2,NA,0.952167414050822,0,15
"ORBIT_P",13,0.2,0.00339214088239816,0.984055804683607,0.0365853658536585,15
"DPM",14,0.2,NA,0.965620328849028,0,15
"ORBIT_P",14,0.2,0.00279308928044875,0.986547085201794,0.0420899854862119,15
"DPM",15,0.2,NA,0.966616841056303,0,15
"ORBIT_P",15,0.2,0.00255483146003846,0.991031390134529,0.0428296438883542,15
"DPM",16,0.2,NA,0.966616841056303,0,15
"ORBIT_P",16,0.2,0.00160804908607772,0.989536621823617,0.0424300867888139,15
"DPM",17,0.2,NA,0.964623816641754,0,15
"ORBIT_P",17,0.2,0.00173562131584712,0.985052316890882,0.0453887011105746,15
"DPM",18,0.2,NA,0.965620328849028,0,15
"ORBIT_P",18,0.2,0.000862216036352288,0.98903836571998,0.0475047984644914,15
"DPM",19,0.2,NA,0.966616841056303,0,15
"ORBIT_P",19,0.2,0.000727989842355271,0.989536621823617,0.0493058879846817,15
"DPM",20,0.2,NA,0.966616841056303,0,15
"ORBIT_P",20,0.2,0.000509517723756964,0.989536621823617,0.0419681620839363,15
"DPM",2,0.5,NA,0.866828577211091,0.0167584940312213,15
"ORBIT_P",2,0.5,0.00450336268491996,0.899413074276462,0.026932340705058,15
"DPM",3,0.5,NA,0.917223234163125,0.0100480559196156,15
"ORBIT_P",3,0.5,-0.00660415223270105,0.948593402145315,0.0255717255717256,15
"DPM",4,0.5,NA,0.929771301356001,0.00713205100497082,15
"ORBIT_P",4,0.5,-0.00121185318675072,0.962760574782433,0.0244052502050861,15
"DPM",5,0.5,NA,0.93746205221615,0.00451321727917473,15
"ORBIT_P",5,0.5,-0.000855283876781319,0.966403562031977,0.022517911975435,15
"DPM",6,0.5,NA,0.946569520340012,0.00277185501066098,15
"ORBIT_P",6,0.5,4.31406362208008e-05,0.974701477433718,0.023915687069315,15
"DPM",7,0.5,NA,0.952236389394859,0.000849437247823317,15
"ORBIT_P",7,0.5,-0.000978556397103535,0.978142076502732,0.0258012497480347,15
"DPM",8,0.5,NA,0.957903258449707,0.00126608989238236,15
"ORBIT_P",8,0.5,0.000967665068713261,0.98380894555758,0.0285771382893685,15
"DPM",9,0.5,NA,0.957903258449707,0.00105529759392149,15
"ORBIT_P",9,0.5,0.00285357424356215,0.98441611009917,0.027005401080216,15
"DPM",10,0.5,NA,0.963772515685084,0.000629590766002099,15
"ORBIT_P",10,0.5,0.00293589699954155,0.989880590973487,0.0285998013902681,15
"DPM",11,0.5,NA,0.964582068407205,0,15
"ORBIT_P",11,0.5,0.00249328028730551,0.987451932807124,0.0253695565321614,15
"DPM",12,0.5,NA,0.961343857518721,0.000210482003788676,15
"ORBIT_P",12,0.5,0.00164940007523441,0.989880590973487,0.0255030882645945,15
"DPM",13,0.5,NA,0.962355798421372,0,15
"ORBIT_P",13,0.5,0.0020426196692744,0.986439991904473,0.0238333667133988,15
"DPM",14,0.5,NA,0.96883222019834,0.000208855472013367,15
"ORBIT_P",14,0.5,0.00244814255808548,0.988463873709775,0.0261216350947159,15
"DPM",15,0.5,NA,0.967213114754098,0,15
"ORBIT_P",15,0.5,0.00276211800136452,0.990690143695608,0.0239282153539382,15
"DPM",16,0.5,NA,0.967213114754098,0.000209205020920502,15
"ORBIT_P",16,0.5,0.00207551430593573,0.99190447277879,0.023121387283237,15
"DPM",17,0.5,NA,0.96842744383728,0,15
"ORBIT_P",17,0.5,0.0019973968506793,0.990892531876138,0.0241179988040662,15
"DPM",18,0.5,NA,0.973487148350536,0,15
"ORBIT_P",18,0.5,0.00152013851858376,0.994130742764623,0.0232650626367071,15
"DPM",19,0.5,NA,0.977332523780611,0,15
"ORBIT_P",19,0.5,0.00166248668587856,0.994737907306213,0.0224741447891806,15
"DPM",20,0.5,NA,0.974701477433718,0,15
"ORBIT_P",20,0.5,0.00107047130367673,0.993725966403562,0.0217174736003188,15
"DPM",2,0.05,NA,0.721881390593047,0.0139664804469274,16
"ORBIT_P",2,0.05,0.00547684239093057,0.750511247443763,0.026525198938992,16
"DPM",3,0.05,NA,0.811860940695297,0.0124378109452736,16
"ORBIT_P",3,0.05,0.003666528112137,0.850715746421268,0.0523917995444191,16
"DPM",4,0.05,NA,0.897750511247444,0.0134831460674157,16
"ORBIT_P",4,0.05,0.00818873869665333,0.92638036809816,0.050314465408805,16
"DPM",5,0.05,NA,0.899795501022495,0.00452488687782805,16
"ORBIT_P",5,0.05,0.0011239834361881,0.934560327198364,0.0399159663865546,16
"DPM",6,0.05,NA,0.887525562372188,0.00229885057471264,16
"ORBIT_P",6,0.05,0.00197209711914812,0.938650306748466,0.0496894409937888,16
"DPM",7,0.05,NA,0.952965235173824,0.00214132762312634,16
"ORBIT_P",7,0.05,0.00221811173071041,0.98159509202454,0.0438247011952191,16
"DPM",8,0.05,NA,0.914110429447853,0,16
"ORBIT_P",8,0.05,0.0037223694283419,0.957055214723926,0.040983606557377,16
"DPM",9,0.05,NA,0.940695296523517,0,16
"ORBIT_P",9,0.05,0.00277768234535187,0.973415132924335,0.0555555555555556,16
"DPM",10,0.05,NA,0.936605316973415,0,16
"ORBIT_P",10,0.05,0.00300262688645028,0.971370143149284,0.0631163708086785,16
"DPM",11,0.05,NA,0.940695296523517,0,16
"ORBIT_P",11,0.05,0.00296164497241484,0.973415132924335,0.0574257425742574,16
"DPM",12,0.05,NA,0.952965235173824,0,16
"ORBIT_P",12,0.05,0.00265556098781265,0.989775051124744,0.0528375733855186,16
"DPM",13,0.05,NA,0.938650306748466,0,16
"ORBIT_P",13,0.05,0.00210494936681448,0.979550102249489,0.0458167330677291,16
"DPM",14,0.05,NA,0.94478527607362,0,16
"ORBIT_P",14,0.05,0.00145316993575215,0.987730061349693,0.056640625,16
"DPM",15,0.05,NA,0.957055214723926,0,16
"ORBIT_P",15,0.05,0.00108378262224613,0.985685071574642,0.0622568093385214,16
"DPM",16,0.05,NA,0.96319018404908,0,16
"ORBIT_P",16,0.05,0.000268648175636533,0.989775051124744,0.0546875,16
"DPM",17,0.05,NA,0.948875255623722,0,16
"ORBIT_P",17,0.05,1.61424797716732e-05,0.983640081799591,0.0550098231827112,16
"DPM",18,0.05,NA,0.961145194274029,0,16
"ORBIT_P",18,0.05,-8.64451362696723e-05,0.987730061349693,0.0473372781065089,16
"DPM",19,0.05,NA,0.955010224948875,0,16
"ORBIT_P",19,0.05,-0.000535701407931126,0.98159509202454,0.0419161676646707,16
"DPM",20,0.05,NA,0.967280163599182,0,16
"ORBIT_P",20,0.05,-0.000146489618436567,0.991820040899795,0.0433925049309665,16
"DPM",2,0.1,NA,0.749222797927461,0.0256064690026954,16
"ORBIT_P",2,0.1,0.0269976065687519,0.783419689119171,0.0406091370558376,16
"DPM",3,0.1,NA,0.851813471502591,0.0132052821128451,16
"ORBIT_P",3,0.1,0.0101956334110511,0.895336787564767,0.0389321468298109,16
"DPM",4,0.1,NA,0.875647668393782,0.0151515151515152,16
"ORBIT_P",4,0.1,0.012634901562814,0.92020725388601,0.0451612903225806,16
"DPM",5,0.1,NA,0.928497409326425,0.011037527593819,16
"ORBIT_P",5,0.1,0.00883811229072796,0.957512953367876,0.0513347022587269,16
"DPM",6,0.1,NA,0.907772020725389,0.00792751981879955,16
"ORBIT_P",6,0.1,0.00550677505123581,0.952331606217617,0.0446985446985447,16
"DPM",7,0.1,NA,0.93160621761658,0.00553097345132743,16
"ORBIT_P",7,0.1,0.00371528777906067,0.967875647668394,0.042051282051282,16
"DPM",8,0.1,NA,0.935751295336788,0.0033112582781457,16
"ORBIT_P",8,0.1,0.00305353249292888,0.978238341968912,0.0483870967741935,16
"DPM",9,0.1,NA,0.941968911917098,0.0021953896816685,16
"ORBIT_P",9,0.1,0.00211453987214451,0.972020725388601,0.051567239635996,16
"DPM",10,0.1,NA,0.935751295336788,0.00110619469026549,16
"ORBIT_P",10,0.1,0.000601882885455229,0.975129533678756,0.0446700507614213,16
"DPM",11,0.1,NA,0.950259067357513,0,16
"ORBIT_P",11,0.1,0.000964850825794381,0.974093264248705,0.0437436419125127,16
"DPM",12,0.1,NA,0.957512953367876,0,16
"ORBIT_P",12,0.1,0.000458455157544983,0.983419689119171,0.0414141414141414,16
"DPM",13,0.1,NA,0.951295336787565,0,16
"ORBIT_P",13,0.1,-0.000259225489172089,0.982383419689119,0.0433905146316852,16
"DPM",14,0.1,NA,0.939896373056995,0,16
"ORBIT_P",14,0.1,-2.85850435235792e-05,0.983419689119171,0.0423814328960646,16
"DPM",15,0.1,NA,0.960621761658031,0,16
"ORBIT_P",15,0.1,-0.000244449045592769,0.983419689119171,0.0423814328960646,16
"DPM",16,0.1,NA,0.956476683937824,0,16
"ORBIT_P",16,0.1,0.000445387240218775,0.990673575129534,0.0372608257804632,16
"DPM",17,0.1,NA,0.949222797927461,0,16
"ORBIT_P",17,0.1,0.000554557360512094,0.981347150259067,0.0366225839267548,16
"DPM",18,0.1,NA,0.961658031088083,0,16
"ORBIT_P",18,0.1,0.000674633193439805,0.989637305699482,0.0411646586345382,16
"DPM",19,0.1,NA,0.962694300518135,0,16
"ORBIT_P",19,0.1,0.000314679153222065,0.990673575129534,0.044955044955045,16
"DPM",20,0.1,NA,0.967875647668394,0,16
"ORBIT_P",20,0.1,-1.11437284357266e-06,0.983419689119171,0.0433467741935484,16
"DPM",2,0.2,NA,0.802564102564103,0.0200375704445836,16
"ORBIT_P",2,0.2,-0.00320774411157151,0.843076923076923,0.0458502611723738,16
"DPM",3,0.2,NA,0.894358974358974,0.0113378684807256,16
"ORBIT_P",3,0.2,-0.00233453042520916,0.93025641025641,0.0366436537440255,16
"DPM",4,0.2,NA,0.898974358974359,0.0096045197740113,16
"ORBIT_P",4,0.2,-0.000971162511367332,0.941538461538462,0.0417536534446764,16
"DPM",5,0.2,NA,0.931282051282051,0.0043859649122807,16
"ORBIT_P",5,0.2,-0.00139783698246816,0.966666666666667,0.0460526315789474,16
"DPM",6,0.2,NA,0.931282051282051,0.00329308452250274,16
"ORBIT_P",6,0.2,-0.000296304347218846,0.967179487179487,0.0450632911392405,16
"DPM",7,0.2,NA,0.937948717948718,0.00218221494817239,16
"ORBIT_P",7,0.2,-0.000245017109488444,0.971282051282051,0.0439172135285209,16
"DPM",8,0.2,NA,0.932307692307692,0.0010989010989011,16
"ORBIT_P",8,0.2,-0.000469534191479907,0.968205128205128,0.0430816016218956,16
"DPM",9,0.2,NA,0.955384615384615,0,16
"ORBIT_P",9,0.2,0.000371183448873901,0.984102564102564,0.0428927680798005,16
"DPM",10,0.2,NA,0.954871794871795,0.00107296137339056,16
"ORBIT_P",10,0.2,-0.000930806384876818,0.983076923076923,0.0405405405405405,16
"DPM",11,0.2,NA,0.961538461538462,0.000533049040511727,16
"ORBIT_P",11,0.2,0.000499862160643481,0.987692307692308,0.0422675285927399,16
"DPM",12,0.2,NA,0.962564102564103,0,16
"ORBIT_P",12,0.2,3.25019735929589e-05,0.98974358974359,0.0412319920516642,16
"DPM",13,0.2,NA,0.961025641025641,0,16
"ORBIT_P",13,0.2,-0.000294474112453565,0.988205128205128,0.042722305017387,16
"DPM",14,0.2,NA,0.953333333333333,0,16
"ORBIT_P",14,0.2,0.000164613295188633,0.987179487179487,0.0413346613545817,16
"DPM",15,0.2,NA,0.958974358974359,0,16
"ORBIT_P",15,0.2,-0.000563616343785852,0.987179487179487,0.0437158469945355,16
"DPM",16,0.2,NA,0.958974358974359,0,16
"ORBIT_P",16,0.2,-0.000688257645147596,0.985128205128205,0.0390195097548774,16
"DPM",17,0.2,NA,0.96974358974359,0,16
"ORBIT_P",17,0.2,-0.000505067615354191,0.992820512820513,0.0396825396825397,16
"DPM",18,0.2,NA,0.968205128205128,0,16
"ORBIT_P",18,0.2,-0.00069968161988562,0.98974358974359,0.0354822588705647,16
"DPM",19,0.2,NA,0.970769230769231,0,16
"ORBIT_P",19,0.2,-0.000530432074645824,0.992820512820513,0.0420583869371598,16
"DPM",20,0.2,NA,0.971794871794872,0,16
"ORBIT_P",20,0.2,-3.79935167698421e-05,0.994358974358974,0.0391476709613479,16
"DPM",2,0.5,NA,0.872114033326641,0.0129516019086571,16
"ORBIT_P",2,0.5,-0.00757795976404247,0.903031519775146,0.0236596483611895,16
"DPM",3,0.5,NA,0.909455932543666,0.0087527352297593,16
"ORBIT_P",3,0.5,0.00675024430987347,0.944187914073479,0.0230577482343166,16
"DPM",4,0.5,NA,0.926320016061032,0.00581771170006464,16
"ORBIT_P",4,0.5,0.00262878655515032,0.958040554105601,0.0241308793456033,16
"DPM",5,0.5,NA,0.940574181891186,0.00340353116358222,16
"ORBIT_P",5,0.5,0.00302830161934783,0.971893194137723,0.0255636070853462,16
"DPM",6,0.5,NA,0.943184099578398,0.00275949904478879,16
"ORBIT_P",6,0.5,0.00121886290441208,0.971090142541658,0.0249949606934086,16
"DPM",7,0.5,NA,0.94900622364987,0.00211104074308634,16
"ORBIT_P",7,0.5,-0.000597871113768868,0.979120658502309,0.0242096838735494,16
"DPM",8,0.5,NA,0.952419192933146,0.00126315789473684,16
"ORBIT_P",8,0.5,-0.00125265327137128,0.982533627785585,0.0264571314899542,16
"DPM",9,0.5,NA,0.95703673961052,0.00104777870913663,16
"ORBIT_P",9,0.5,-0.000978868418843401,0.985946597068862,0.0240461049284579,16
"DPM",10,0.5,NA,0.964264203975105,0.000624219725343321,16
"ORBIT_P",10,0.5,9.53890576283666e-06,0.988556514756073,0.0241775663892192,16
"DPM",11,0.5,NA,0.962055812085926,0.000625651720542232,16
"ORBIT_P",11,0.5,-0.000352371464019732,0.987552700260992,0.02536160095106,16
"DPM",12,0.5,NA,0.966271832965268,0,16
"ORBIT_P",12,0.5,-0.000808284751865464,0.989761092150171,0.0249208860759494,16
"DPM",13,0.5,NA,0.967877936157398,0.000207382828701783,16
"ORBIT_P",13,0.5,-0.000358863192360713,0.989961855049187,0.0256866231969966,16
"DPM",14,0.5,NA,0.970287090945593,0.000206868018204386,16
"ORBIT_P",14,0.5,-0.000891927396154416,0.990564143746236,0.0239366963402572,16
"DPM",15,0.5,NA,0.966472595864284,0.000207684319833853,16
"ORBIT_P",15,0.5,-0.00131023193794265,0.989158803453122,0.022614560603055,16
"DPM",16,0.5,NA,0.9666733587633,0.000207641196013289,16
"ORBIT_P",16,0.5,-0.00102387976864293,0.990564143746236,0.0235503661191371,16
"DPM",17,0.5,NA,0.971491668339691,0.000206611570247934,16
"ORBIT_P",17,0.5,-0.000773897986934574,0.993977113029512,0.0236639716032341,16
"DPM",18,0.5,NA,0.971893194137723,0,16
"ORBIT_P",18,0.5,-0.000796332907984034,0.992571772736398,0.0223452639905082,16
"DPM",19,0.5,NA,0.973097771531821,0,16
"ORBIT_P",19,0.5,-0.000491219625139907,0.994177875928528,0.0234667718398738,16
"DPM",20,0.5,NA,0.974101586026902,0,16
"ORBIT_P",20,0.5,-0.000893747576608659,0.992571772736398,0.0238894373149062,16
"DPM",2,0.05,NA,0.714285714285714,0.0198863636363636,17
"ORBIT_P",2,0.05,0.00807086121160623,0.761904761904762,0.029023746701847,17
"DPM",3,0.05,NA,0.774327122153209,0.0105820105820106,17
"ORBIT_P",3,0.05,0.000542716799555466,0.855072463768116,0.0350467289719626,17
"DPM",4,0.05,NA,0.819875776397516,0.0050251256281407,17
"ORBIT_P",4,0.05,-4.4529447437802e-05,0.888198757763975,0.044543429844098,17
"DPM",5,0.05,NA,0.884057971014493,0.00233644859813084,17
"ORBIT_P",5,0.05,-0.000830447493988343,0.937888198757764,0.0361702127659574,17
"DPM",6,0.05,NA,0.910973084886128,0.00677200902934537,17
"ORBIT_P",6,0.05,-0.0015072648006654,0.950310559006211,0.0496894409937888,17
"DPM",7,0.05,NA,0.91304347826087,0.00675675675675676,17
"ORBIT_P",7,0.05,-0.0028948105317547,0.952380952380952,0.0396659707724426,17
"DPM",8,0.05,NA,0.935817805383023,0.00440528634361234,17
"ORBIT_P",8,0.05,-0.00116204530676798,0.977225672877847,0.0445344129554656,17
"DPM",9,0.05,NA,0.917184265010352,0.00449438202247191,17
"ORBIT_P",9,0.05,0.000278002282823472,0.9648033126294,0.0431211498973306,17
"DPM",10,0.05,NA,0.94824016563147,0.00217864923747277,17
"ORBIT_P",10,0.05,-0.000438023219054152,0.979296066252588,0.0405679513184584,17
"DPM",11,0.05,NA,0.904761904761905,0,17
"ORBIT_P",11,0.05,-0.000840670865822502,0.94824016563147,0.0458333333333333,17
"DPM",12,0.05,NA,0.954451345755694,0,17
"ORBIT_P",12,0.05,-0.00175378511314907,0.985507246376812,0.0441767068273092,17
"DPM",13,0.05,NA,0.962732919254658,0,17
"ORBIT_P",13,0.05,-0.00162722468857501,0.979296066252588,0.0405679513184584,17
"DPM",14,0.05,NA,0.9648033126294,0,17
"ORBIT_P",14,0.05,-0.0016157577678002,0.981366459627329,0.0462776659959759,17
"DPM",15,0.05,NA,0.966873706004141,0,17
"ORBIT_P",15,0.05,-0.00106281836243748,0.991718426501035,0.042,17
"DPM",16,0.05,NA,0.985507246376812,0,17
"ORBIT_P",16,0.05,-0.000371392997564049,0.995859213250518,0.0494071146245059,17
"DPM",17,0.05,NA,0.962732919254658,0,17
"ORBIT_P",17,0.05,-0.000421209462068869,0.987577639751553,0.046,17
"DPM",18,0.05,NA,0.962732919254658,0,17
"ORBIT_P",18,0.05,-0.000966695534558459,0.989648033126294,0.0459081836327345,17
"DPM",19,0.05,NA,0.960662525879917,0,17
"ORBIT_P",19,0.05,-0.000944127915121416,0.98343685300207,0.0480961923847695,17
"DPM",20,0.05,NA,0.960662525879917,0,17
"ORBIT_P",20,0.05,-0.00108106871589602,0.98343685300207,0.05,17
"DPM",2,0.1,NA,0.790406673618352,0.0269576379974326,17
"ORBIT_P",2,0.1,0.00314439404721521,0.832116788321168,0.0385542168674699,17
"DPM",3,0.1,NA,0.83733055265902,0.0183374083129584,17
"ORBIT_P",3,0.1,-0.00314242060012759,0.883211678832117,0.0353075170842825,17
"DPM",4,0.1,NA,0.877997914494265,0.0128956623681125,17
"ORBIT_P",4,0.1,-0.0027789755530069,0.928050052137643,0.0419806243272336,17
"DPM",5,0.1,NA,0.908237747653806,0.00570776255707763,17
"ORBIT_P",5,0.1,0.00123942506261541,0.94577685088634,0.0482686253934942,17
"DPM",6,0.1,NA,0.921793534932221,0.0045045045045045,17
"ORBIT_P",6,0.1,0.00101872899247366,0.959332638164755,0.0446521287642783,17
"DPM",7,0.1,NA,0.925964546402503,0.00336700336700337,17
"ORBIT_P",7,0.1,0.00275168206942207,0.965589155370177,0.0522006141248721,17
"DPM",8,0.1,NA,0.941605839416058,0.00110619469026549,17
"ORBIT_P",8,0.1,0.00273545913423839,0.963503649635037,0.0434782608695652,17
"DPM",9,0.1,NA,0.948905109489051,0.00219298245614035,17
"ORBIT_P",9,0.1,0.00196047526905685,0.980187695516163,0.0466531440162272,17
"DPM",10,0.1,NA,0.942648592283629,0.00110497237569061,17
"ORBIT_P",10,0.1,0.00130371967774967,0.977059436913452,0.0458248472505092,17
"DPM",11,0.1,NA,0.950990615224192,0,17
"ORBIT_P",11,0.1,0.00230344649646015,0.979144942648592,0.0486322188449848,17
"DPM",12,0.1,NA,0.955161626694473,0,17
"ORBIT_P",12,0.1,0.00162663800964758,0.985401459854015,0.0396341463414634,17
"DPM",13,0.1,NA,0.954118873826903,0,17
"ORBIT_P",13,0.1,0.00133947438254314,0.981230448383733,0.0388151174668029,17
"DPM",14,0.1,NA,0.955161626694473,0,17
"ORBIT_P",14,0.1,0.000402720809002216,0.982273201251303,0.0455927051671733,17
"DPM",15,0.1,NA,0.952033368091762,0,17
"ORBIT_P",15,0.1,0.000554228226690644,0.987486965589155,0.0472837022132797,17
"DPM",16,0.1,NA,0.952033368091762,0,17
"ORBIT_P",16,0.1,0.000798164010727333,0.980187695516163,0.0466531440162272,17
"DPM",17,0.1,NA,0.962460896767466,0,17
"ORBIT_P",17,0.1,0.000988891799529186,0.984358706986444,0.0435663627152989,17
"DPM",18,0.1,NA,0.967674661105318,0,17
"ORBIT_P",18,0.1,0.000903074633980325,0.992700729927007,0.047047047047047,17
"DPM",19,0.1,NA,0.959332638164755,0,17
"ORBIT_P",19,0.1,0.000953394128549621,0.984358706986444,0.0464646464646465,17
"DPM",20,0.1,NA,0.960375391032325,0,17
"ORBIT_P",20,0.1,0.000727581530155813,0.986444212721585,0.0521042084168337,17
"DPM",2,0.2,NA,0.808677469942499,0.0177777777777778,17
"ORBIT_P",2,0.2,-0.00370003296197776,0.849451123889179,0.033313503866746,17
"DPM",3,0.2,NA,0.877679038159958,0.012933568489124,17
"ORBIT_P",3,0.2,0.000616751084385455,0.916361735493988,0.0341597796143251,17
"DPM",4,0.2,NA,0.9064296915839,0.0080091533180778,17
"ORBIT_P",4,0.2,0.00134977678289898,0.946157867224255,0.0402969247083775,17
"DPM",5,0.2,NA,0.929430214323053,0.00559284116331096,17
"ORBIT_P",5,0.2,0.00182146819821644,0.969681129116571,0.0333507034914018,17
"DPM",6,0.2,NA,0.933612127548353,0.00390407138873397,17
"ORBIT_P",6,0.2,0.0018190177174214,0.968635650810246,0.0348958333333333,17
"DPM",7,0.2,NA,0.943544171458442,0.00276243093922652,17
"ORBIT_P",7,0.2,0.00371132295661234,0.974908520648197,0.0371708828084667,17
"DPM",8,0.2,NA,0.942498693152117,0.00110803324099723,17
"ORBIT_P",8,0.2,0.00432150209794192,0.973863042341871,0.0396907216494845,17
"DPM",9,0.2,NA,0.936225823314166,0.000558035714285714,17
"ORBIT_P",9,0.2,0.00391829316332404,0.972817564035546,0.0312337324310255,17
"DPM",10,0.2,NA,0.952953476215369,0.000548245614035088,17
"ORBIT_P",10,0.2,0.00329302331659419,0.980135912179822,0.0320082601961797,17
"DPM",11,0.2,NA,0.950862519602718,0,17
"ORBIT_P",11,0.2,0.00382189330948354,0.98170412963931,0.0374167093798052,17
"DPM",12,0.2,NA,0.945635128071093,0,17
"ORBIT_P",12,0.2,0.00189829968877403,0.982226868792473,0.0408371618172537,17
"DPM",13,0.2,NA,0.96131730266597,0,17
"ORBIT_P",13,0.2,0.00046889361063979,0.985886042864611,0.0357873210633947,17
"DPM",14,0.2,NA,0.957658128593832,0,17
"ORBIT_P",14,0.2,0.000940942903686127,0.986408782017773,0.0357690342360756,17
"DPM",15,0.2,NA,0.959749085206482,0,17
"ORBIT_P",15,0.2,0.000943903322367963,0.987976999477261,0.0376782077393075,17
"DPM",16,0.2,NA,0.962885520125457,0,17
"ORBIT_P",16,0.2,0.000302316164340714,0.990590695243074,0.0400202634245187,17
"DPM",17,0.2,NA,0.960271824359645,0,17
"ORBIT_P",17,0.2,-0.000259588004978742,0.990590695243074,0.0438950554994955,17
"DPM",18,0.2,NA,0.972817564035546,0,17
"ORBIT_P",18,0.2,-0.000217358704469066,0.993727130162049,0.0360040567951318,17
"DPM",19,0.2,NA,0.964976476738108,0,17
"ORBIT_P",19,0.2,-1.6458708083735e-05,0.992158912702561,0.0394736842105263,17
"DPM",20,0.2,NA,0.963930998431783,0,17
"ORBIT_P",20,0.2,7.76777883430398e-05,0.988499738630423,0.0332310838445808,17
"DPM",2,0.5,NA,0.871033776867963,0.0127610208816705,17
"ORBIT_P",2,0.5,-0.00933343187719534,0.899897645854657,0.0213713268032057,17
"DPM",3,0.5,NA,0.910542476970317,0.008028545941124,17
"ORBIT_P",3,0.5,0.00425032866119958,0.941248720573183,0.0237791932059448,17
"DPM",4,0.5,NA,0.926714431934493,0.00461741424802111,17
"ORBIT_P",4,0.5,0.00716029874497782,0.955168884339816,0.0256838588431823,17
"DPM",5,0.5,NA,0.934493346980553,0.00327510917030568,17
"ORBIT_P",5,0.5,0.00820084527279526,0.968679631525077,0.0261370652397613,17
"DPM",6,0.5,NA,0.943295803480041,0.00173310225303293,17
"ORBIT_P",6,0.5,0.00527416283353021,0.971136131013306,0.0258726899383984,17
"DPM",7,0.5,NA,0.950051177072671,0.00172080017208002,17
"ORBIT_P",7,0.5,0.00177759024486816,0.977482088024565,0.0221175506860537,17
"DPM",8,0.5,NA,0.955783009211873,0.00106974753958066,17
"ORBIT_P",8,0.5,-0.000677082003575648,0.983623336745138,0.0251572327044025,17
"DPM",9,0.5,NA,0.957011258955988,0.000641299700726806,17
"ORBIT_P",9,0.5,-0.00237213640850856,0.983623336745138,0.0237708248679399,17
"DPM",10,0.5,NA,0.960491299897646,0.000638977635782748,17
"ORBIT_P",10,0.5,-0.000197145644824325,0.986898669396111,0.0232982171799028,17
"DPM",11,0.5,NA,0.966427840327533,0.000211774671749259,17
"ORBIT_P",11,0.5,0.000625242183517661,0.988741044012282,0.024045261669024,17
"DPM",12,0.5,NA,0.962128966223132,0.000637890708058686,17
"ORBIT_P",12,0.5,0.001487797270608,0.988945752302968,0.0248284214775939,17
"DPM",13,0.5,NA,0.968270214943705,0.00021137180300148,17
"ORBIT_P",13,0.5,0.00174875984015408,0.989764585465711,0.0261832829808661,17
"DPM",14,0.5,NA,0.967451381780962,0.000211550666384599,17
"ORBIT_P",14,0.5,0.00150159545538785,0.992221084953941,0.0243558776167472,17
"DPM",15,0.5,NA,0.97093142272262,0.00021079258010118,17
"ORBIT_P",15,0.5,0.00165712245328553,0.989559877175026,0.0263846928499496,17
"DPM",16,0.5,NA,0.966018423746162,0.000211864406779661,17
"ORBIT_P",16,0.5,0.00123545942214573,0.989559877175026,0.0257960499798468,17
"DPM",17,0.5,NA,0.97093142272262,0.00021079258010118,17
"ORBIT_P",17,0.5,0.0010590111262535,0.994268167860798,0.0243069505825633,17
"DPM",18,0.5,NA,0.971750255885363,0.0002106149957877,17
"ORBIT_P",18,0.5,0.00113254635165401,0.994472876151484,0.0250852899859522,17
"DPM",19,0.5,NA,0.96806550665302,0.000211416490486258,17
"ORBIT_P",19,0.5,0.00132207717612097,0.992835209825998,0.0243411788372561,17
"DPM",20,0.5,NA,0.968679631525077,0,17
"ORBIT_P",20,0.5,0.00174448759000126,0.991197543500512,0.0257545271629779,17
"DPM",2,0.05,NA,0.713147410358566,0.0218579234972678,18
"ORBIT_P",2,0.05,-0.0023490953222998,0.776892430278884,0.048780487804878,18
"DPM",3,0.05,NA,0.828685258964143,0.00952380952380952,18
"ORBIT_P",3,0.05,0.00939318828425303,0.854581673306773,0.0337837837837838,18
"DPM",4,0.05,NA,0.848605577689243,0.00467289719626168,18
"ORBIT_P",4,0.05,0.00807502705925147,0.888446215139442,0.047008547008547,18
"DPM",5,0.05,NA,0.878486055776892,0.00451467268623025,18
"ORBIT_P",5,0.05,0.0074391063941491,0.930278884462151,0.0527383367139959,18
"DPM",6,0.05,NA,0.878486055776892,0.00451467268623025,18
"ORBIT_P",6,0.05,0.00419448600498914,0.924302788844621,0.0511247443762781,18
"DPM",7,0.05,NA,0.908366533864542,0.00218818380743982,18
"ORBIT_P",7,0.05,0.00258412955768607,0.950199203187251,0.0479041916167665,18
"DPM",8,0.05,NA,0.928286852589641,0,18
"ORBIT_P",8,0.05,0.00213078820485033,0.964143426294821,0.0415841584158416,18
"DPM",9,0.05,NA,0.938247011952191,0.00211864406779661,18
"ORBIT_P",9,0.05,0.00282743402492787,0.966135458167331,0.052734375,18
"DPM",10,0.05,NA,0.948207171314741,0,18
"ORBIT_P",10,0.05,0.00197995101805846,0.972111553784861,0.0651340996168582,18
"DPM",11,0.05,NA,0.932270916334661,0,18
"ORBIT_P",11,0.05,0.00218871258739292,0.97609561752988,0.0630975143403442,18
"DPM",12,0.05,NA,0.936254980079681,0.00212314225053079,18
"ORBIT_P",12,0.05,0.0017771407612446,0.97808764940239,0.0629770992366412,18
"DPM",13,0.05,NA,0.944223107569721,0,18
"ORBIT_P",13,0.05,0.00161760350765014,0.98207171314741,0.053742802303263,18
"DPM",14,0.05,NA,0.936254980079681,0,18
"ORBIT_P",14,0.05,0.00166977861409188,0.970119521912351,0.0616570327552987,18
"DPM",15,0.05,NA,0.97609561752988,0,18
"ORBIT_P",15,0.05,0.00125082971580667,0.98804780876494,0.0606060606060606,18
"DPM",16,0.05,NA,0.97808764940239,0,18
"ORBIT_P",16,0.05,0.00105174876210011,0.98804780876494,0.0498084291187739,18
"DPM",17,0.05,NA,0.942231075697211,0,18
"ORBIT_P",17,0.05,0.000686973727558716,0.98605577689243,0.0480769230769231,18
"DPM",18,0.05,NA,0.968127490039841,0,18
"ORBIT_P",18,0.05,-0.000453608132676018,0.99601593625498,0.0458015267175573,18
"DPM",19,0.05,NA,0.956175298804781,0,18
"ORBIT_P",19,0.05,-0.000114848184326532,0.98804780876494,0.0424710424710425,18
"DPM",20,0.05,NA,0.946215139442231,0,18
"ORBIT_P",20,0.05,0.000426070435979425,0.98804780876494,0.0516252390057361,18
"DPM",2,0.1,NA,0.781437125748503,0.0175658720200753,18
"ORBIT_P",2,0.1,0.0057674518292065,0.817365269461078,0.0353356890459364,18
"DPM",3,0.1,NA,0.841317365269461,0.00940070505287897,18
"ORBIT_P",3,0.1,0.0110052309213422,0.882235528942116,0.0422535211267606,18
"DPM",4,0.1,NA,0.868263473053892,0.00911161731207289,18
"ORBIT_P",4,0.1,0.00219682030712743,0.912175648702595,0.0419287211740042,18
"DPM",5,0.1,NA,0.919161676646707,0.00432432432432432,18
"ORBIT_P",5,0.1,-0.00460510694001724,0.957085828343313,0.0467196819085487,18
"DPM",6,0.1,NA,0.916167664670659,0.00217391304347826,18
"ORBIT_P",6,0.1,-0.00563321017143817,0.963073852295409,0.0426587301587302,18
"DPM",7,0.1,NA,0.92315369261477,0.00215749730312837,18
"ORBIT_P",7,0.1,-0.00475630463041256,0.958083832335329,0.0428713858424726,18
"DPM",8,0.1,NA,0.927145708582834,0.0010752688172043,18
"ORBIT_P",8,0.1,-0.00469294862259101,0.967065868263473,0.0434353405725568,18
"DPM",9,0.1,NA,0.942115768463074,0,18
"ORBIT_P",9,0.1,-0.00385802071349571,0.974051896207585,0.0374753451676529,18
"DPM",10,0.1,NA,0.946107784431138,0,18
"ORBIT_P",10,0.1,-0.00360719328605612,0.979041916167665,0.039177277179236,18
"DPM",11,0.1,NA,0.952095808383233,0,18
"ORBIT_P",11,0.1,-0.00349447290915618,0.983033932135729,0.0371456500488759,18
"DPM",12,0.1,NA,0.950099800399202,0,18
"ORBIT_P",12,0.1,-0.00224666694871003,0.980039920159681,0.0428849902534113,18
"DPM",13,0.1,NA,0.954091816367265,0,18
"ORBIT_P",13,0.1,-0.0022279489375415,0.992015968063872,0.0349514563106796,18
"DPM",14,0.1,NA,0.962075848303393,0,18
"ORBIT_P",14,0.1,-0.000889687185190758,0.986027944111776,0.0417070805043647,18
"DPM",15,0.1,NA,0.955089820359281,0,18
"ORBIT_P",15,0.1,-0.000456129951056939,0.984031936127745,0.0427184466019417,18
"DPM",16,0.1,NA,0.939121756487026,0,18
"ORBIT_P",16,0.1,-0.000263590020468224,0.978043912175649,0.0439024390243902,18
"DPM",17,0.1,NA,0.963073852295409,0,18
"ORBIT_P",17,0.1,-6.49769850511727e-05,0.987025948103792,0.0416666666666667,18
"DPM",18,0.1,NA,0.964071856287425,0,18
"ORBIT_P",18,0.1,-0.000384417546190084,0.98502994011976,0.0445304937076476,18
"DPM",19,0.1,NA,0.976047904191617,0,18
"ORBIT_P",19,0.1,-0.000484028254853623,0.993013972055888,0.04510556621881,18
"DPM",20,0.1,NA,0.962075848303393,0,18
"ORBIT_P",20,0.1,-0.000714097330111447,0.983033932135729,0.0455426356589147,18
"DPM",2,0.2,NA,0.81804435483871,0.0216998191681736,18
"ORBIT_P",2,0.2,-0.0232856864901271,0.852318548387097,0.0326086956521739,18
"DPM",3,0.2,NA,0.862399193548387,0.00811594202898551,18
"ORBIT_P",3,0.2,-0.00719302368470898,0.908266129032258,0.0353319057815846,18
"DPM",4,0.2,NA,0.906754032258065,0.00717439293598234,18
"ORBIT_P",4,0.2,-0.00487295173408718,0.942540322580645,0.0350877192982456,18
"DPM",5,0.2,NA,0.919354838709677,0.00490998363338789,18
"ORBIT_P",5,0.2,-0.00377456439881479,0.957157258064516,0.0330957230142566,18
"DPM",6,0.2,NA,0.928427419354839,0.00216684723726977,18
"ORBIT_P",6,0.2,-0.00378740383550917,0.959173387096774,0.0345002536783359,18
"DPM",7,0.2,NA,0.94304435483871,0.00213333333333333,18
"ORBIT_P",7,0.2,-0.00262493403636683,0.975806451612903,0.0382513661202186,18
"DPM",8,0.2,NA,0.948084677419355,0.00159235668789809,18
"ORBIT_P",8,0.2,-0.00273242406249497,0.979838709677419,0.0333167578319244,18
"DPM",9,0.2,NA,0.94304435483871,0.00106780565936999,18
"ORBIT_P",9,0.2,-0.00188041564354322,0.977318548387097,0.0362823061630219,18
"DPM",10,0.2,NA,0.957661290322581,0.000526038926880589,18
"ORBIT_P",10,0.2,-0.00135834176436988,0.979838709677419,0.0333167578319244,18
"DPM",11,0.2,NA,0.960181451612903,0.000524658971668416,18
"ORBIT_P",11,0.2,-0.000660438728181306,0.982862903225806,0.0317775571002979,18
"DPM",12,0.2,NA,0.957661290322581,0.000526038926880589,18
"ORBIT_P",12,0.2,-0.000499321611841938,0.983870967741935,0.0322260783341596,18
"DPM",13,0.2,NA,0.962701612903226,0,18
"ORBIT_P",13,0.2,0.00025777548078455,0.985383064516129,0.0383669454008854,18
"DPM",14,0.2,NA,0.966733870967742,0,18
"ORBIT_P",14,0.2,-0.00072529969759302,0.98991935483871,0.0363101079489696,18
"DPM",15,0.2,NA,0.959173387096774,0.000525210084033613,18
"ORBIT_P",15,0.2,-0.00074928394994637,0.986895161290323,0.0392541707556428,18
"DPM",16,0.2,NA,0.970766129032258,0,18
"ORBIT_P",16,0.2,7.95591486410652e-05,0.992943548387097,0.038555392874573,18
"DPM",17,0.2,NA,0.969254032258065,0,18
"ORBIT_P",17,0.2,6.68128560188741e-05,0.990927419354839,0.0419103313840156,18
"DPM",18,0.2,NA,0.958165322580645,0,18
"ORBIT_P",18,0.2,-0.000188274862422636,0.987399193548387,0.0420537897310513,18
"DPM",19,0.2,NA,0.970262096774194,0,18
"ORBIT_P",19,0.2,-0.000337871180524887,0.990423387096774,0.0362923001471309,18
"DPM",20,0.2,NA,0.969254032258065,0,18
"ORBIT_P",20,0.2,-0.000134372662404427,0.991935483870968,0.04,18
"DPM",2,0.5,NA,0.864403374849337,0.012393848978655,18
"ORBIT_P",2,0.5,0.0110581460400113,0.896544797107272,0.0214865161148871,18
"DPM",3,0.5,NA,0.908396946564885,0.00941949616648412,18
"ORBIT_P",3,0.5,0.022826552031489,0.939132181599036,0.0236006683375104,18
"DPM",4,0.5,NA,0.922659702691844,0.00605929452499459,18
"ORBIT_P",4,0.5,0.00754419432012906,0.951586982723986,0.0239027405728415,18
"DPM",5,0.5,NA,0.9385295299317,0.00489882854100107,18
"ORBIT_P",5,0.5,0.00149625519364685,0.97308155885898,0.0251559669953713,18
"DPM",6,0.5,NA,0.94817195660908,0.00105820105820106,18
"ORBIT_P",6,0.5,-0.000394270608084195,0.97890719164323,0.0250100040016006,18
"DPM",7,0.5,NA,0.948975492165528,0.00105730598435187,18
"ORBIT_P",7,0.5,-7.56307400532183e-07,0.971876255524307,0.0267551800442567,18
"DPM",8,0.5,NA,0.951386098834873,0.00105462982493145,18
"ORBIT_P",8,0.5,-0.00155833856339104,0.980715146645239,0.0267145135566188,18
"DPM",9,0.5,NA,0.960024106066693,0.000209205020920502,18
"ORBIT_P",9,0.5,-0.000794186543879897,0.984531940538369,0.0264203416765991,18
"DPM",10,0.5,NA,0.962032944957814,0.000208768267223382,18
"ORBIT_P",10,0.5,0.00039392971521513,0.985938127762154,0.0271555996035679,18
"DPM",11,0.5,NA,0.965849738850944,0.000415800415800416,18
"ORBIT_P",11,0.5,0.00106699766151914,0.987344314985938,0.0257680872150644,18
"DPM",12,0.5,NA,0.964644435516272,0.000208203206329377,18
"ORBIT_P",12,0.5,0.00104143426111222,0.988951386098835,0.0239888977002379,18
"DPM",13,0.5,NA,0.965046203294496,0.000208116545265349,18
"ORBIT_P",13,0.5,4.64428227513838e-05,0.988147850542387,0.0214839864730456,18
"DPM",14,0.5,NA,0.967055042185617,0.000207684319833853,18
"ORBIT_P",14,0.5,-0.000248772172666446,0.989955805544395,0.0218340611353712,18
"DPM",15,0.5,NA,0.963640016070711,0.000208420175072947,18
"ORBIT_P",15,0.5,-0.000967645185937014,0.988549618320611,0.0226415094339623,18
"DPM",16,0.5,NA,0.965046203294496,0.000208116545265349,18
"ORBIT_P",16,0.5,-0.000817450945322572,0.990960224989956,0.0220063441712926,18
"DPM",17,0.5,NA,0.967858577742065,0.000207511931936086,18
"ORBIT_P",17,0.5,-0.000263203723373664,0.991964644435516,0.0235317381846945,18
"DPM",18,0.5,NA,0.970470068300522,0.000206953642384106,18
"ORBIT_P",18,0.5,0.000132477284258961,0.99136199276818,0.0231591448931116,18
"DPM",19,0.5,NA,0.969666532744074,0.000207125103562552,18
"ORBIT_P",19,0.5,0.000417959103725363,0.991562876657292,0.0239272295827566,18
"DPM",20,0.5,NA,0.97408597830454,0.000206185567010309,18
"ORBIT_P",20,0.5,1.86596831780472e-05,0.993370831659301,0.0236920039486673,18
"DPM",2,0.05,NA,0.691287878787879,0.0188172043010753,19
"ORBIT_P",2,0.05,0.00340106716041662,0.75,0.0548926014319809,19
"DPM",3,0.05,NA,0.803030303030303,0.013953488372093,19
"ORBIT_P",3,0.05,0.00367989543843422,0.846590909090909,0.0509554140127389,19
"DPM",4,0.05,NA,0.888257575757576,0.0167714884696017,19
"ORBIT_P",4,0.05,0.00354599073935763,0.926136363636364,0.0578034682080925,19
"DPM",5,0.05,NA,0.87310606060606,0.00646551724137931,19
"ORBIT_P",5,0.05,0.00061067912403729,0.922348484848485,0.0706106870229008,19
"DPM",6,0.05,NA,0.903409090909091,0.00625,19
"ORBIT_P",6,0.05,0.000799399583236128,0.952651515151515,0.0667903525046382,19
"DPM",7,0.05,NA,0.929924242424242,0.00203252032520325,19
"ORBIT_P",7,0.05,0.001634396269042,0.962121212121212,0.0695970695970696,19
"DPM",8,0.05,NA,0.916666666666667,0.00411522633744856,19
"ORBIT_P",8,0.05,0.000594286988913638,0.96969696969697,0.0673952641165756,19
"DPM",9,0.05,NA,0.931818181818182,0.00202839756592292,19
"ORBIT_P",9,0.05,0.000537745696820338,0.965909090909091,0.0625,19
"DPM",10,0.05,NA,0.958333333333333,0.0019723865877712,19
"ORBIT_P",10,0.05,0.000261349503524404,0.984848484848485,0.0596745027124774,19
"DPM",11,0.05,NA,0.943181818181818,0.00200400801603206,19
"ORBIT_P",11,0.05,0.000211889849329888,0.96780303030303,0.050185873605948,19
"DPM",12,0.05,NA,0.950757575757576,0.00198807157057654,19
"ORBIT_P",12,0.05,0.000102020327946488,0.975378787878788,0.0619307832422587,19
"DPM",13,0.05,NA,0.954545454545455,0,19
"ORBIT_P",13,0.05,0.00011875651953343,0.979166666666667,0.058287795992714,19
"DPM",14,0.05,NA,0.943181818181818,0,19
"ORBIT_P",14,0.05,-0.000301550099847368,0.979166666666667,0.0617059891107078,19
"DPM",15,0.05,NA,0.964015151515151,0,19
"ORBIT_P",15,0.05,-0.000161129311850578,0.981060606060606,0.0598911070780399,19
"DPM",16,0.05,NA,0.960227272727273,0,19
"ORBIT_P",16,0.05,-0.00067676358538282,0.982954545454545,0.0529197080291971,19
"DPM",17,0.05,NA,0.952651515151515,0,19
"ORBIT_P",17,0.05,-0.000735261644695719,0.984848484848485,0.0579710144927536,19
"DPM",18,0.05,NA,0.958333333333333,0,19
"ORBIT_P",18,0.05,-0.000669597987123504,0.986742424242424,0.0595667870036101,19
"DPM",19,0.05,NA,0.956439393939394,0,19
"ORBIT_P",19,0.05,-0.000609933485455528,0.984848484848485,0.0681003584229391,19
"DPM",20,0.05,NA,0.948863636363636,0,19
"ORBIT_P",20,0.05,-0.00072651068970537,0.984848484848485,0.0528233151183971,19
"DPM",2,0.1,NA,0.746691871455577,0.0246913580246914,19
"ORBIT_P",2,0.1,-0.000112813090097008,0.806238185255199,0.0490523968784838,19
"DPM",3,0.1,NA,0.863894139886578,0.0118918918918919,19
"ORBIT_P",3,0.1,0.00291597568360586,0.900756143667297,0.0431726907630522,19
"DPM",4,0.1,NA,0.889413988657845,0.00528541226215645,19
"ORBIT_P",4,0.1,-0.000589307917399862,0.928166351606805,0.0475266731328807,19
"DPM",5,0.1,NA,0.906427221172023,0.00518672199170124,19
"ORBIT_P",5,0.1,-0.00243419282254909,0.946124763705104,0.0393474088291747,19
"DPM",6,0.1,NA,0.897920604914934,0.00627615062761506,19
"ORBIT_P",6,0.1,-0.00444158494898912,0.946124763705104,0.0457578646329838,19
"DPM",7,0.1,NA,0.9234404536862,0.00509164969450102,19
"ORBIT_P",7,0.1,-0.00440116051125306,0.965028355387524,0.0377002827521206,19
"DPM",8,0.1,NA,0.938563327032136,0.00301204819277108,19
"ORBIT_P",8,0.1,-0.00268007937272748,0.972589792060491,0.0392156862745098,19
"DPM",9,0.1,NA,0.948015122873346,0.00099601593625498,19
"ORBIT_P",9,0.1,-0.00347295034109335,0.974480151228733,0.0364485981308411,19
"DPM",10,0.1,NA,0.935727788279773,0.00100908173562059,19
"ORBIT_P",10,0.1,-0.00251006574241758,0.972589792060491,0.0427906976744186,19
"DPM",11,0.1,NA,0.947069943289225,0.00199203187250996,19
"ORBIT_P",11,0.1,-0.00221111791069238,0.978260869565217,0.0372093023255814,19
"DPM",12,0.1,NA,0.956521739130435,0,19
"ORBIT_P",12,0.1,-0.00321256514095623,0.988657844990548,0.0377184912603496,19
"DPM",13,0.1,NA,0.948960302457467,0,19
"ORBIT_P",13,0.1,-0.00276721809854892,0.984877126654064,0.0413983440662374,19
"DPM",14,0.1,NA,0.955576559546314,0,19
"ORBIT_P",14,0.1,-0.00286803220488567,0.982041587901701,0.0325884543761639,19
"DPM",15,0.1,NA,0.965973534971645,0,19
"ORBIT_P",15,0.1,-0.00225050488926887,0.987712665406427,0.0341959334565619,19
"DPM",16,0.1,NA,0.969754253308129,0,19
"ORBIT_P",16,0.1,-0.00182164241346558,0.987712665406427,0.043040293040293,19
"DPM",17,0.1,NA,0.953686200378072,0,19
"ORBIT_P",17,0.1,-0.00197739360039625,0.986767485822306,0.0457038391224863,19
"DPM",18,0.1,NA,0.958412098298677,0,19
"ORBIT_P",18,0.1,-0.00138817187078061,0.988657844990548,0.053393665158371,19
"DPM",19,0.1,NA,0.968809073724008,0,19
"ORBIT_P",19,0.1,-0.00118045161683745,0.992438563327032,0.041970802919708,19
"DPM",20,0.1,NA,0.962192816635161,0,19
"ORBIT_P",20,0.1,-0.00113235420887171,0.991493383742911,0.0463636363636364,19
"DPM",2,0.2,NA,0.803588748787585,0.0224188790560472,19
"ORBIT_P",2,0.2,0.00340262739364522,0.850145489815713,0.0467645459488853,19
"DPM",3,0.2,NA,0.867604267701261,0.0143250688705234,19
"ORBIT_P",3,0.2,0.00710454355455968,0.911736178467507,0.0398365679264556,19
"DPM",4,0.2,NA,0.906886517943744,0.00743099787685775,19
"ORBIT_P",4,0.2,0.00213001349481625,0.948593598448109,0.0486381322957198,19
"DPM",5,0.2,NA,0.914161008729389,0.00422609614368727,19
"ORBIT_P",5,0.2,0.00118133769217701,0.948108632395732,0.0518913676042677,19
"DPM",6,0.2,NA,0.922405431619787,0.00523012552301255,19
"ORBIT_P",6,0.2,0.00124939939718794,0.964112512124151,0.0560303893637227,19
"DPM",7,0.2,NA,0.944713870029098,0.00204918032786885,19
"ORBIT_P",7,0.2,0.000860371380309481,0.972841901066925,0.0515366430260047,19
"DPM",8,0.2,NA,0.938409311348206,0.00257731958762887,19
"ORBIT_P",8,0.2,0.0014078902790258,0.974296799224054,0.0501182033096927,19
"DPM",9,0.2,NA,0.95635305528613,0.00151898734177215,19
"ORBIT_P",9,0.2,3.89733876813936e-05,0.979146459747818,0.0507757404795487,19
"DPM",10,0.2,NA,0.948593598448109,0.00102145045965271,19
"ORBIT_P",10,0.2,-0.000999513803289104,0.98011639185257,0.0435399905347847,19
"DPM",11,0.2,NA,0.957322987390883,0.00101214574898785,19
"ORBIT_P",11,0.2,-0.00106326285450061,0.983026188166828,0.0393364928909953,19
"DPM",12,0.2,NA,0.962657613967022,0.00100654252642174,19
"ORBIT_P",12,0.2,-0.000368730711645426,0.98545101842871,0.0396975425330813,19
"DPM",13,0.2,NA,0.964597478176528,0,19
"ORBIT_P",13,0.2,-0.000816316686445451,0.988360814742968,0.0327479829140959,19
"DPM",14,0.2,NA,0.95101842870999,0,19
"ORBIT_P",14,0.2,-0.00058145890277656,0.988845780795344,0.0336492890995261,19
"DPM",15,0.2,NA,0.957807953443259,0,19
"ORBIT_P",15,0.2,-0.000230591555994624,0.990300678952473,0.0395108184383819,19
"DPM",16,0.2,NA,0.96556741028128,0,19
"ORBIT_P",16,0.2,-0.000225146429666372,0.984966052376334,0.0388073828679602,19
"DPM",17,0.2,NA,0.966052376333657,0,19
"ORBIT_P",17,0.2,-0.000192395375580362,0.990300678952473,0.0386064030131827,19
"DPM",18,0.2,NA,0.967507274490786,0,19
"ORBIT_P",18,0.2,3.75559923434125e-05,0.99078564500485,0.0385882352941176,19
"DPM",19,0.2,NA,0.970417070805044,0,19
"ORBIT_P",19,0.2,-0.000245422194133192,0.993210475266731,0.0371415138692995,19
"DPM",20,0.2,NA,0.963142580019399,0,19
"ORBIT_P",20,0.2,0.000122336318513263,0.992240543161979,0.0421348314606742,19
"DPM",2,0.5,NA,0.878625347636075,0.0151413938989089,19
"ORBIT_P",2,0.5,-0.0112692608592576,0.910011918951132,0.0275949904478879,19
"DPM",3,0.5,NA,0.906038935240365,0.00675087108013937,19
"ORBIT_P",3,0.5,-0.0133548684173593,0.939610647596345,0.0241386424592531,19
"DPM",4,0.5,NA,0.928088994835121,0.00320034136974611,19
"ORBIT_P",4,0.5,-0.011817179582636,0.961064759634485,0.0224287734895939,19
"DPM",5,0.5,NA,0.943186332936035,0.00314927566659668,19
"ORBIT_P",5,0.5,-0.00611344821623033,0.971791815653556,0.0253038453875274,19
"DPM",6,0.5,NA,0.941994437822805,0.00168421052631579,19
"ORBIT_P",6,0.5,-0.00320881339949496,0.976559396106476,0.0269200316706255,19
"DPM",7,0.5,NA,0.945967421533572,0.00146781295869155,19
"ORBIT_P",7,0.5,-0.00489047038649767,0.976360746920938,0.0242207663291642,19
"DPM",8,0.5,NA,0.951132300357569,0.000626174076393237,19
"ORBIT_P",8,0.5,-0.00335624564421394,0.979340484704013,0.0245350217649387,19
"DPM",9,0.5,NA,0.956694477552642,0.000622535795808259,19
"ORBIT_P",9,0.5,-0.00100379336311599,0.986491855383393,0.0279898218829517,19
"DPM",10,0.5,NA,0.957489074294795,0.000622019489944018,19
"ORBIT_P",10,0.5,-0.000591206993519198,0.984306714342471,0.0263313028099823,19
"DPM",11,0.5,NA,0.963051251489869,0.000206228088265622,19
"ORBIT_P",11,0.5,-0.000585946010291887,0.989670242352006,0.0265728800312622,19
"DPM",12,0.5,NA,0.965236392530791,0.000205761316872428,19
"ORBIT_P",12,0.5,-0.000546034608268665,0.988676996424315,0.0262179612600274,19
"DPM",13,0.5,NA,0.967024235200636,0.000205380981721093,19
"ORBIT_P",13,0.5,0.000319064253320953,0.989868891537545,0.0277073170731707,19
"DPM",14,0.5,NA,0.965236392530791,0,19
"ORBIT_P",14,0.5,-0.000285750548581025,0.991458085021851,0.0259562841530055,19
"DPM",15,0.5,NA,0.966428287644021,0,19
"ORBIT_P",15,0.5,0.000370192494809823,0.990067540723083,0.0273224043715847,19
"DPM",16,0.5,NA,0.966229638458482,0.000205549845837616,19
"ORBIT_P",16,0.5,0.000452996005257497,0.990266189908621,0.0271272443403591,19
"DPM",17,0.5,NA,0.968812077870481,0,19
"ORBIT_P",17,0.5,0.000816378256813264,0.992252681764005,0.0268848626534191,19
"DPM",18,0.5,NA,0.970202622169249,0.000409332787556283,19
"ORBIT_P",18,0.5,0.0016486782424655,0.993245927691697,0.0240093695100527,19
"DPM",19,0.5,NA,0.968017481128327,0.000205170291341814,19
"ORBIT_P",19,0.5,0.00149150678820797,0.993841875248311,0.0247563352826511,19
"DPM",20,0.5,NA,0.969805323798172,0.000204792135981978,19
"ORBIT_P",20,0.5,0.00140454474060677,0.991855383392928,0.0242329489935509,19
"DPM",2,0.05,NA,0.714851485148515,0.0243243243243243,20
"ORBIT_P",2,0.05,-0.00297804372374563,0.764356435643564,0.0469135802469136,20
"DPM",3,0.05,NA,0.807920792079208,0.00970873786407767,20
"ORBIT_P",3,0.05,-0.0118014184200448,0.859405940594059,0.0334075723830735,20
"DPM",4,0.05,NA,0.863366336633663,0.00683371298405467,20
"ORBIT_P",4,0.05,-0.00418535031007972,0.912871287128713,0.025369978858351,20
"DPM",5,0.05,NA,0.908910891089109,0.00433839479392625,20
"ORBIT_P",5,0.05,-0.00180119145227242,0.934653465346535,0.036734693877551,20
"DPM",6,0.05,NA,0.926732673267327,0.00425531914893617,20
"ORBIT_P",6,0.05,-0.0010355786760996,0.96039603960396,0.052734375,20
"DPM",7,0.05,NA,0.920792079207921,0.00214592274678112,20
"ORBIT_P",7,0.05,-0.00130429278243227,0.95049504950495,0.0476190476190476,20
"DPM",8,0.05,NA,0.934653465346535,0.00211416490486258,20
"ORBIT_P",8,0.05,-0.00104183761662536,0.966336633663366,0.0431372549019608,20
"DPM",9,0.05,NA,0.926732673267327,0.00213219616204691,20
"ORBIT_P",9,0.05,-5.95127832254626e-05,0.976237623762376,0.0519230769230769,20
"DPM",10,0.05,NA,0.930693069306931,0.00212314225053079,20
"ORBIT_P",10,0.05,-0.00153430354310295,0.976237623762376,0.0500963391136802,20
"DPM",11,0.05,NA,0.942574257425743,0,20
"ORBIT_P",11,0.05,-0.000387524977668921,0.97029702970297,0.0503875968992248,20
"DPM",12,0.05,NA,0.94059405940594,0,20
"ORBIT_P",12,0.05,-0.000215920821805947,0.984158415841584,0.0460652591170825,20
"DPM",13,0.05,NA,0.938613861386139,0,20
"ORBIT_P",13,0.05,-0.000857246732987003,0.978217821782178,0.0481695568400771,20
"DPM",14,0.05,NA,0.932673267326733,0,20
"ORBIT_P",14,0.05,-0.0006067035721472,0.982178217821782,0.0516252390057361,20
"DPM",15,0.05,NA,0.952475247524752,0,20
"ORBIT_P",15,0.05,-0.000355965904442006,0.982178217821782,0.0406189555125725,20
"DPM",16,0.05,NA,0.962376237623762,0,20
"ORBIT_P",16,0.05,0.000514084298810293,0.98019801980198,0.0388349514563107,20
"DPM",17,0.05,NA,0.954455445544554,0,20
"ORBIT_P",17,0.05,0.000591828354596587,0.978217821782178,0.0313725490196078,20
"DPM",18,0.05,NA,0.958415841584158,0,20
"ORBIT_P",18,0.05,0.000853276669901297,0.986138613861386,0.0330097087378641,20
"DPM",19,0.05,NA,0.96039603960396,0,20
"ORBIT_P",19,0.05,0.000298658128530295,0.99009900990099,0.0272373540856031,20
"DPM",20,0.05,NA,0.962376237623762,0,20
"ORBIT_P",20,0.05,-2.56543011634643e-05,0.986138613861386,0.0386100386100386,20
"DPM",2,0.1,NA,0.73326359832636,0.0250347705146036,20
"ORBIT_P",2,0.1,-0.0138796537808882,0.785564853556485,0.0457433290978399,20
"DPM",3,0.1,NA,0.834728033472803,0.018450184501845,20
"ORBIT_P",3,0.1,0.00163459544025457,0.896443514644351,0.054083885209713,20
"DPM",4,0.1,NA,0.895397489539749,0.00580720092915215,20
"ORBIT_P",4,0.1,-0.00126791065360758,0.937238493723849,0.0457933972310969,20
"DPM",5,0.1,NA,0.906903765690377,0.00230149597238205,20
"ORBIT_P",5,0.1,-0.00266335807947202,0.955020920502092,0.0348837209302326,20
"DPM",6,0.1,NA,0.899581589958159,0.00232018561484919,20
"ORBIT_P",6,0.1,-0.00299063261397985,0.959205020920502,0.0397905759162304,20
"DPM",7,0.1,NA,0.925732217573222,0.00112866817155756,20
"ORBIT_P",7,0.1,-0.00303277056837792,0.963389121338912,0.047569803516029,20
"DPM",8,0.1,NA,0.932008368200837,0,20
"ORBIT_P",8,0.1,-0.00200322408685827,0.972803347280335,0.0441932168550874,20
"DPM",9,0.1,NA,0.946652719665272,0.00220507166482911,20
"ORBIT_P",9,0.1,-0.00157780062352836,0.971757322175732,0.0412796697626419,20
"DPM",10,0.1,NA,0.942468619246862,0,20
"ORBIT_P",10,0.1,-0.00113959598270323,0.97907949790795,0.040983606557377,20
"DPM",11,0.1,NA,0.942468619246862,0,20
"ORBIT_P",11,0.1,-0.00250573311494137,0.976987447698745,0.0371134020618557,20
"DPM",12,0.1,NA,0.934100418410042,0,20
"ORBIT_P",12,0.1,-0.00210290886630109,0.96652719665272,0.0385015608740895,20
"DPM",13,0.1,NA,0.94979079497908,0,20
"ORBIT_P",13,0.1,-0.00135807868386913,0.98326359832636,0.0437436419125127,20
"DPM",14,0.1,NA,0.9581589958159,0,20
"ORBIT_P",14,0.1,-0.00106543420096165,0.985355648535565,0.0426829268292683,20
"DPM",15,0.1,NA,0.959205020920502,0,20
"ORBIT_P",15,0.1,-0.000420741990865896,0.990585774058577,0.0443995963673058,20
"DPM",16,0.1,NA,0.94979079497908,0,20
"ORBIT_P",16,0.1,-0.000373726252408497,0.984309623430962,0.0436991869918699,20
"DPM",17,0.1,NA,0.957112970711297,0,20
"ORBIT_P",17,0.1,0.000108284103811528,0.986401673640167,0.0455465587044534,20
"DPM",18,0.1,NA,0.961297071129707,0,20
"ORBIT_P",18,0.1,-0.000275817363845803,0.992677824267782,0.0481444332998997,20
"DPM",19,0.1,NA,0.9581589958159,0,20
"ORBIT_P",19,0.1,-0.00037803248350409,0.986401673640167,0.0416666666666667,20
"DPM",20,0.1,NA,0.96234309623431,0,20
"ORBIT_P",20,0.1,-0.000402926150890934,0.98744769874477,0.0435663627152989,20
"DPM",2,0.2,NA,0.819919517102616,0.0280262373285629,20
"ORBIT_P",2,0.2,0.0104931461236222,0.846076458752515,0.043230944254835,20
"DPM",3,0.2,NA,0.878269617706237,0.0163380281690141,20
"ORBIT_P",3,0.2,-0.00158204493155348,0.919517102615694,0.0444328280188186,20
"DPM",4,0.2,NA,0.911971830985915,0.0103711790393013,20
"ORBIT_P",4,0.2,-0.00412465849580145,0.942655935613682,0.0404505888376856,20
"DPM",5,0.2,NA,0.919014084507042,0.00435967302452316,20
"ORBIT_P",5,0.2,-0.000995164346480857,0.958249496981891,0.0378787878787879,20
"DPM",6,0.2,NA,0.925050301810865,0.0027114967462039,20
"ORBIT_P",6,0.2,-0.00131849022728345,0.969818913480885,0.036,20
"DPM",7,0.2,NA,0.930583501006036,0.00161899622234215,20
"ORBIT_P",7,0.2,0.000593583000547624,0.969315895372233,0.0384231536926148,20
"DPM",8,0.2,NA,0.940643863179074,0.000534473543559594,20
"ORBIT_P",8,0.2,0.000324775199041938,0.979376257545272,0.0399408284023669,20
"DPM",9,0.2,NA,0.945171026156942,0.00106326422115896,20
"ORBIT_P",9,0.2,-8.43831678476615e-05,0.976861167002012,0.0376610505450942,20
"DPM",10,0.2,NA,0.954728370221328,0.000526592943654555,20
"ORBIT_P",10,0.2,0.000950134171695144,0.983903420523139,0.043520782396088,20
"DPM",11,0.2,NA,0.953722334004024,0,20
"ORBIT_P",11,0.2,0.000447514499057103,0.979376257545272,0.0432432432432432,20
"DPM",12,0.2,NA,0.955734406438632,0,20
"ORBIT_P",12,0.2,-5.68818638170923e-05,0.985412474849095,0.0368731563421829,20
"DPM",13,0.2,NA,0.962273641851107,0,20
"ORBIT_P",13,0.2,0.000418716830729175,0.988430583501006,0.039119804400978,20
"DPM",14,0.2,NA,0.964788732394366,0,20
"ORBIT_P",14,0.2,0.000421975984229091,0.988430583501006,0.04099560761347,20
"DPM",15,0.2,NA,0.963782696177062,0,20
"ORBIT_P",15,0.2,0.000126391305503386,0.990945674044266,0.0357317670093,20
"DPM",16,0.2,NA,0.961267605633803,0,20
"ORBIT_P",16,0.2,0.000643034811623337,0.988933601609658,0.0395701025891549,20
"DPM",17,0.2,NA,0.969818913480885,0,20
"ORBIT_P",17,0.2,0.00144821181512457,0.991448692152918,0.0413424124513619,20
"DPM",18,0.2,NA,0.964285714285714,0,20
"ORBIT_P",18,0.2,0.00156684443284583,0.98943661971831,0.0334152334152334,20
"DPM",19,0.2,NA,0.966800804828974,0,20
"ORBIT_P",19,0.2,0.00181683845557853,0.989939637826962,0.0385930630190523,20
"DPM",20,0.2,NA,0.966297786720322,0,20
"ORBIT_P",20,0.2,0.00189843270660374,0.993460764587525,0.0347018572825024,20
"DPM",2,0.5,NA,0.879410005979669,0.0131961529859092,20
"ORBIT_P",2,0.5,-0.00506436800905354,0.912298186167032,0.0267914097384648,20
"DPM",3,0.5,NA,0.906318517042057,0.0085041430440471,20
"ORBIT_P",3,0.5,0.00645994833996774,0.941199920271078,0.0239768499379909,20
"DPM",4,0.5,NA,0.923260912896153,0.00600858369098712,20
"ORBIT_P",4,0.5,0.0102622430722892,0.956149093083516,0.0279635258358663,20
"DPM",5,0.5,NA,0.939804664141917,0.0040135192226447,20
"ORBIT_P",5,0.5,0.00784363361472839,0.974287422762607,0.0264887472615017,20
"DPM",6,0.5,NA,0.945784333266893,0.00356992860142797,20
"ORBIT_P",6,0.5,0.00838360635777376,0.97368945585011,0.0270862378012348,20
"DPM",7,0.5,NA,0.951365357783536,0.00167329010667224,20
"ORBIT_P",7,0.5,0.00572199258160175,0.981861670320909,0.0274432379072063,20
"DPM",8,0.5,NA,0.957942993821009,0.00124688279301746,20
"ORBIT_P",8,0.5,0.00210287486906497,0.984851504883396,0.0277449822904368,20
"DPM",9,0.5,NA,0.95834163842934,0.00103885310617079,20
"ORBIT_P",9,0.5,0.00160988580596449,0.986047438708392,0.0246451104100946,20
"DPM",10,0.5,NA,0.96073350607933,0.000829187396351575,20
"ORBIT_P",10,0.5,0.000961037104239451,0.986844727925055,0.0257772530499803,20
"DPM",11,0.5,NA,0.962926051425155,0.000413821642871922,20
"ORBIT_P",11,0.5,0.00060986372700136,0.987642017141718,0.0267138086819878,20
"DPM",12,0.5,NA,0.963922662945984,0,20
"ORBIT_P",12,0.5,9.4477201909275e-05,0.989037273270879,0.0255302435192459,20
"DPM",13,0.5,NA,0.968307753637632,0,20
"ORBIT_P",13,0.5,0.000363938842303804,0.989635240183377,0.0255152109911678,20
"DPM",14,0.5,NA,0.970699621287622,0,20
"ORBIT_P",14,0.5,0.000285775656124061,0.991628463225035,0.0250832843425436,20
"DPM",15,0.5,NA,0.968706398245964,0,20
"ORBIT_P",15,0.5,0.00141616807247343,0.989834562487542,0.0239779874213836,20
"DPM",16,0.5,NA,0.971895555112617,0,20
"ORBIT_P",16,0.5,0.00106459535803191,0.990631851704206,0.0254901960784314,20
"DPM",17,0.5,NA,0.967111819812637,0,20
"ORBIT_P",17,0.5,0.000901772220395277,0.990033884791708,0.0233975619347228,20
"DPM",18,0.5,NA,0.965317919075145,0,20
"ORBIT_P",18,0.5,0.000815872757789019,0.989236595575045,0.0247592847317744,20
"DPM",19,0.5,NA,0.969503687462627,0,20
"ORBIT_P",19,0.5,0.000582845247337617,0.991429140920869,0.0262333594361785,20
"DPM",20,0.5,NA,0.974287422762607,0,20
"ORBIT_P",20,0.5,0.000860357320301858,0.994020330875025,0.0259765625,20
